,Soilcolor,Ph,Potassium,Phosphorus,Nitrogen,Zinc,Sulphur,Humidity-W,Humidity-Sp,Humidity-Su,Humidity-Au,Air_Temperature_MAX-W,Air_Temperature_MAX-Sp,Air_Temperature_MAX-Su,Air_Temperature_MAX-Au,Air_Temperature_MIN-W,Air_Temperature_MIN-Sp,Air_Temperature_MIN-Su,Air_Temperature_MIN-Au,Precipitation-W,Precipitation-Sp,Precipitation-Su,Precipitation-Au,Wind_Direction_10m_above_ground,Soil_Moisture_in_top_layer,Cloud_cover_percentage_or_amount,Range_of_wind_speed_at_2m_above_ground,Atmospheric_pressure,Crop
0,yellowish brown,5.81,738.231,5.401,0.23,2.976,13.816,7.993333333,10.45666667,11.96333333,9.683333333,26.85333333,28.52666667,23.06,22.27333333,5.39,9.89,10.41666667,5.693333333,2.073333333,5.27,12.30333333,5.27,3.44,0.73,56.57,6.24,77.03,Barley
1,yellowish brown,5.43,606.382,10.478,0.23,3.077,16.421,7.993333333,10.45666667,11.96333333,9.683333333,26.85333333,28.52666667,23.06,22.27333333,5.39,9.89,10.41666667,5.693333333,2.073333333,5.27,12.30333333,5.27,3.44,0.73,56.57,6.24,77.03,Barley
2,brown,5.41,386.58,6.847,0.23,6.611,16.557,7.993333333,10.45666667,11.96333333,9.683333333,26.85333333,28.52666667,23.06,22.27333333,5.39,9.89,10.41666667,5.693333333,2.073333333,5.27,12.30333333,5.27,3.44,0.73,56.57,6.24,77.03,Barley
3,red,5.65,207.086,3.418,0.23,0.460181,16.075,7.993333333,10.45666667,11.96333333,9.683333333,26.85333333,28.52666667,23.06,22.27333333,5.39,9.89,10.41666667,5.693333333,2.073333333,5.27,12.30333333,5.27,3.44,0.73,56.57,6.24,77.03,Barley
4,red,5.27,317.357,39.282,0.23,2.743,12.558,7.993333333,10.45666667,11.96333333,9.683333333,26.85333333,28.52666667,23.06,22.27333333,5.39,9.89,10.41666667,5.693333333,2.073333333,5.27,12.30333333,5.27,3.44,0.73,56.57,6.24,77.03,Barley
5,brown,5.06,148.437,8.48,0.23,4.511,17.755,7.993333333,10.45666667,11.96333333,9.683333333,26.85333333,28.52666667,23.06,22.27333333,5.39,9.89,10.41666667,5.693333333,2.073333333,5.27,12.30333333,5.27,3.44,0.73,56.57,6.24,77.03,Barley
6,red,5.57,303.528,2.147,0.23,1.418,11.203,7.993333333,10.45666667,11.96333333,9.683333333,26.85333333,28.52666667,23.06,22.27333333,5.39,9.89,10.41666667,5.693333333,2.073333333,5.27,12.30333333,5.27,3.44,0.73,56.57,6.24,77.03,Barley
7,brown,5.2,380.599,30.3,0.23,1.772,13.985,7.993333333,10.45666667,11.96333333,9.683333333,26.85333333,28.52666667,23.06,22.27333333,5.39,9.89,10.41666667,5.693333333,2.073333333,5.27,12.30333333,5.27,3.44,0.73,56.57,6.24,77.03,Barley
8,red,5.34,401.063,6.382,0.23,2.433,13.069,7.993333333,10.45666667,11.96333333,9.683333333,26.85333333,28.52666667,23.06,22.27333333,5.39,9.89,10.41666667,5.693333333,2.073333333,5.27,12.30333333,5.27,3.44,0.73,56.57,6.24,77.03,Barley
9,gray,5.95,226.949,27.577,0.23,0.451893,17.067,7.993333333,10.45666667,11.96333333,9.683333333,26.85333333,28.52666667,23.06,22.27333333,5.39,9.89,10.41666667,5.693333333,2.073333333,5.27,12.30333333,5.27,3.44,0.73,56.57,6.24,77.03,Barley
10,red,5.47,217.874,0.83888,0.23,0.723258,11.88,7.993333333,10.45666667,11.96333333,9.683333333,26.85333333,28.52666667,23.06,22.27333333,5.39,9.89,10.41666667,5.693333333,2.073333333,5.27,12.30333333,5.27,3.44,0.73,56.57,6.24,77.03,Barley
11,brown,6.43,417.185,46.842,0.23,1.17,15.386,7.993333333,10.45666667,11.96333333,9.683333333,26.85333333,28.52666667,23.06,22.27333333,5.39,9.89,10.41666667,5.693333333,2.073333333,5.27,12.30333333,5.27,3.44,0.73,56.57,6.24,77.03,Barley
12,red,6.06,149.357,1.505,0.23,0.754669,11.35,7.993333333,10.45666667,11.96333333,9.683333333,26.85333333,28.52666667,23.06,22.27333333,5.39,9.89,10.41666667,5.693333333,2.073333333,5.27,12.30333333,5.27,3.44,0.73,56.57,6.24,77.03,Barley
13,brown,5.6,423.766,3.822,0.23,2.093,12.197,7.993333333,10.45666667,11.96333333,9.683333333,26.85333333,28.52666667,23.06,22.27333333,5.39,9.89,10.41666667,5.693333333,2.073333333,5.27,12.30333333,5.27,3.44,0.73,56.57,6.24,77.03,Barley
14,brown,6.03,351.523,66.314,0.23,1.157,17.559,7.993333333,10.45666667,11.96333333,9.683333333,26.85333333,28.52666667,23.06,22.27333333,5.39,9.89,10.41666667,5.693333333,2.073333333,5.27,12.30333333,5.27,3.44,0.73,56.57,6.24,77.03,Barley
15,gray,5.25,164.48,2.601,0.23,3.62,10.133,7.993333333,10.45666667,11.96333333,9.683333333,26.85333333,28.52666667,23.06,22.27333333,5.39,9.89,10.41666667,5.693333333,2.073333333,5.27,12.30333333,5.27,3.44,0.73,56.57,6.24,77.03,Barley
16,brown,6.17,77.385,6.166,0.23,0.942004,10.85,7.993333333,10.45666667,11.96333333,9.683333333,26.85333333,28.52666667,23.06,22.27333333,5.39,9.89,10.41666667,5.693333333,2.073333333,5.27,12.30333333,5.27,3.44,0.73,56.57,6.24,77.03,Barley
17,black,6.15,116.77,5.055,0.23,1.831,10.016,7.65,7.773333333,10.98666667,9.726666667,9.03,25.14666667,28.24333333,23.80666667,3.413333333,6.96,9.98,5.703333333,1.17,2.243333333,7.52,2.88,81.06,0.69,53.45,6.48,75.83,Barley
18,black,5.79,137.386,4.894,0.23,2.773,8.975,7.65,7.773333333,10.98666667,9.726666667,9.03,25.14666667,28.24333333,23.80666667,3.413333333,6.96,9.98,5.703333333,1.17,2.243333333,7.52,2.88,81.06,0.69,53.45,6.48,75.83,Barley
19,reddish brown,5.99,81.482,12.275,0.23,1.082,10.742,7.65,7.773333333,10.98666667,9.726666667,9.03,25.14666667,28.24333333,23.80666667,3.413333333,6.96,9.98,5.703333333,1.17,2.243333333,7.52,2.88,81.06,0.69,53.45,6.48,75.83,Barley
20,black,5.9,196.733,2.025,0.23,1.705,14.6,7.65,7.773333333,10.98666667,9.726666667,9.03,25.14666667,28.24333333,23.80666667,3.413333333,6.96,9.98,5.703333333,1.17,2.243333333,7.52,2.88,81.06,0.69,53.45,6.48,75.83,Barley
21,yellowish brown,5.65,388.938,0.412473,0.23,1.237,10.498,7.65,7.773333333,10.98666667,9.726666667,9.03,25.14666667,28.24333333,23.80666667,3.413333333,6.96,9.98,5.703333333,1.17,2.243333333,7.52,2.88,81.06,0.69,53.45,6.48,75.83,Barley
22,brown,5.84,146.312,12.296,0.23,1.414,11.191,7.65,7.773333333,10.98666667,9.726666667,9.03,25.14666667,28.24333333,23.80666667,3.413333333,6.96,9.98,5.703333333,1.17,2.243333333,7.52,2.88,81.06,0.69,53.45,6.48,75.83,Barley
23,red,5.99,55.789,7.601,0.23,1.355,11.674,7.65,7.773333333,10.98666667,9.726666667,9.03,25.14666667,28.24333333,23.80666667,3.413333333,6.96,9.98,5.703333333,1.17,2.243333333,7.52,2.88,81.06,0.69,53.45,6.48,75.83,Barley
24,brown,5.8,276.0,4.0,0.321,2.0,9.0,7.183333333,7.65,10.47666667,9.07,22.33,25.61666667,23.65,20.61666667,2.053333333,4.816666667,8.433333333,3.98,2.073333333,2.613333333,4.836666667,3.63,75.69,0.65,0.46,46.1,74.17,Barley
25,red,6.3,277.673,80.748,0.23,1.209,11.417,7.65,7.773333333,10.98666667,9.726666667,9.03,25.14666667,28.24333333,23.80666667,3.413333333,6.96,9.98,5.703333333,1.17,2.243333333,7.52,2.88,81.06,0.69,53.45,6.48,75.83,Barley
26,reddish brown,5.93,234.671,6.988,0.23,0.925432,11.54,7.65,7.773333333,10.98666667,9.726666667,9.03,25.14666667,28.24333333,23.80666667,3.413333333,6.96,9.98,5.703333333,1.17,2.243333333,7.52,2.88,81.06,0.69,53.45,6.48,75.83,Barley
27,brown,6.05,96.094,7.112,0.23,0.923301,11.728,7.65,7.773333333,10.98666667,9.726666667,9.03,25.14666667,28.24333333,23.80666667,3.413333333,6.96,9.98,5.703333333,1.17,2.243333333,7.52,2.88,81.06,0.69,53.45,6.48,75.83,Barley
28,red,5.63,508.623,3.883,0.23,0.679485,12.999,7.65,7.773333333,10.98666667,9.726666667,9.03,25.14666667,28.24333333,23.80666667,3.413333333,6.96,9.98,5.703333333,1.17,2.243333333,7.52,2.88,81.06,0.69,53.45,6.48,75.83,Barley
29,brown,5.99,403.938,74.965,0.23,1.985,16.624,7.65,7.773333333,10.98666667,9.726666667,9.03,25.14666667,28.24333333,23.80666667,3.413333333,6.96,9.98,5.703333333,1.17,2.243333333,7.52,2.88,81.06,0.69,53.45,6.48,75.83,Barley
30,brown,5.9,347.0,12.0,0.2526,3.5,11.0,7.183333333,7.65,10.47666667,9.07,22.33,25.61666667,23.65,20.61666667,2.053333333,4.816666667,8.433333333,3.98,2.073333333,2.613333333,4.836666667,3.63,75.69,0.65,0.46,46.1,74.17,Barley
31,dark brown,5.2,135.701,8.851,0.23,3.177,12.095,7.65,7.773333333,10.98666667,9.726666667,9.03,25.14666667,28.24333333,23.80666667,3.413333333,6.96,9.98,5.703333333,1.17,2.243333333,7.52,2.88,81.06,0.69,53.45,6.48,75.83,Barley
32,reddish brown,6.21,175.786,13.07,0.23,1.443,9.367,7.65,7.773333333,10.98666667,9.726666667,9.03,25.14666667,28.24333333,23.80666667,3.413333333,6.96,9.98,5.703333333,1.17,2.243333333,7.52,2.88,81.06,0.69,53.45,6.48,75.83,Barley
33,brown,5.57,71.766,8.048,0.23,3.137,5.906,7.65,7.773333333,10.98666667,9.726666667,9.03,25.14666667,28.24333333,23.80666667,3.413333333,6.96,9.98,5.703333333,1.17,2.243333333,7.52,2.88,81.06,0.69,53.45,6.48,75.83,Barley
34,brown,6.05,697.628,168.213,0.23,1.814,15.609,7.65,7.773333333,10.98666667,9.726666667,9.03,25.14666667,28.24333333,23.80666667,3.413333333,6.96,9.98,5.703333333,1.17,2.243333333,7.52,2.88,81.06,0.69,53.45,6.48,75.83,Barley
35,brown,6.01,285.655,58.65,0.23,1.733,10.517,7.65,7.773333333,10.98666667,9.726666667,9.03,25.14666667,28.24333333,23.80666667,3.413333333,6.96,9.98,5.703333333,1.17,2.243333333,7.52,2.88,81.06,0.69,53.45,6.48,75.83,Barley
36,black,5.85,183.472,3.766,0.23,1.44,11.939,7.65,7.773333333,10.98666667,9.726666667,9.03,25.14666667,28.24333333,23.80666667,3.413333333,6.96,9.98,5.703333333,1.17,2.243333333,7.52,2.88,81.06,0.69,53.45,6.48,75.83,Barley
37,red,6.15,89.77,5.095,0.23,0.999941,11.033,7.65,7.773333333,10.98666667,9.726666667,9.03,25.14666667,28.24333333,23.80666667,3.413333333,6.96,9.98,5.703333333,1.17,2.243333333,7.52,2.88,81.06,0.69,53.45,6.48,75.83,Barley
38,brown,6.1,420.0,12.0,0.2365,2.2,7.0,7.183333333,7.65,10.47666667,9.07,22.33,25.61666667,23.65,20.61666667,2.053333333,4.816666667,8.433333333,3.98,2.073333333,2.613333333,4.836666667,3.63,75.69,0.65,0.46,46.1,74.17,Barley
39,brown,5.57,267.393,6.915,0.23,1.064,13.226,7.65,7.773333333,10.98666667,9.726666667,9.03,25.14666667,28.24333333,23.80666667,3.413333333,6.96,9.98,5.703333333,1.17,2.243333333,7.52,2.88,81.06,0.69,53.45,6.48,75.83,Barley
40,brown,5.45,449.394,2.712,0.23,3.157,13.146,7.65,7.773333333,10.98666667,9.726666667,9.03,25.14666667,28.24333333,23.80666667,3.413333333,6.96,9.98,5.703333333,1.17,2.243333333,7.52,2.88,81.06,0.69,53.45,6.48,75.83,Barley
41,brown,5.61,161.458,4.224,0.23,1.325,12.158,7.183333333,7.65,10.47666667,9.07,22.33,25.61666667,23.65,20.61666667,2.053333333,4.816666667,8.433333333,3.98,2.073333333,2.613333333,4.836666667,3.63,75.69,0.65,0.46,46.1,74.17,Barley
42,red,6.0,98.899,6.002,0.23,0.646985,10.839,7.65,7.773333333,10.98666667,9.726666667,9.03,25.14666667,28.24333333,23.80666667,3.413333333,6.96,9.98,5.703333333,1.17,2.243333333,7.52,2.88,81.06,0.69,53.45,6.48,75.83,Barley
43,red,5.74,177.9,3.149,0.23,1.03,12.044,7.65,7.773333333,10.98666667,9.726666667,9.03,25.14666667,28.24333333,23.80666667,3.413333333,6.96,9.98,5.703333333,1.17,2.243333333,7.52,2.88,81.06,0.69,53.45,6.48,75.83,Barley
44,brown,5.71,366.933,4.908,0.23,0.812608,16.75,7.65,7.773333333,10.98666667,9.726666667,9.03,25.14666667,28.24333333,23.80666667,3.413333333,6.96,9.98,5.703333333,1.17,2.243333333,7.52,2.88,81.06,0.69,53.45,6.48,75.83,Barley
45,brown,5.7,191.0,7.0,0.3493,3.5,8.0,7.183333333,7.65,10.47666667,9.07,22.33,25.61666667,23.65,20.61666667,2.053333333,4.816666667,8.433333333,3.98,2.073333333,2.613333333,4.836666667,3.63,75.69,0.65,0.46,46.1,74.17,Barley
46,other,6.0,296.0,15.0,0.2681,3.3,13.0,7.183333333,7.65,10.47666667,9.07,22.33,25.61666667,23.65,20.61666667,2.053333333,4.816666667,8.433333333,3.98,2.073333333,2.613333333,4.836666667,3.63,75.69,0.65,0.46,46.1,74.17,Barley
47,brown,5.7,241.0,12.0,0.358,3.0,13.0,7.183333333,7.65,10.47666667,9.07,22.33,25.61666667,23.65,20.61666667,2.053333333,4.816666667,8.433333333,3.98,2.073333333,2.613333333,4.836666667,3.63,75.69,0.65,0.46,46.1,74.17,Barley
48,other,5.8,182.0,6.0,0.3411,3.0,8.0,7.183333333,7.65,10.47666667,9.07,22.33,25.61666667,23.65,20.61666667,2.053333333,4.816666667,8.433333333,3.98,2.073333333,2.613333333,4.836666667,3.63,75.69,0.65,0.46,46.1,74.17,Barley
49,brown,6.4,239.0,50.0,0.1255,1.3,17.0,7.183333333,7.65,10.47666667,9.07,22.33,25.61666667,23.65,20.61666667,2.053333333,4.816666667,8.433333333,3.98,2.073333333,2.613333333,4.836666667,3.63,75.69,0.65,0.46,46.1,74.17,Barley
50,other,5.7,208.0,4.0,0.2748,2.8,6.0,7.183333333,7.65,10.47666667,9.07,22.33,25.61666667,23.65,20.61666667,2.053333333,4.816666667,8.433333333,3.98,2.073333333,2.613333333,4.836666667,3.63,75.69,0.65,0.46,46.1,74.17,Barley
51,brown,5.9,242.0,8.0,0.219,2.4,9.0,7.183333333,7.65,10.47666667,9.07,22.33,25.61666667,23.65,20.61666667,2.053333333,4.816666667,8.433333333,3.98,2.073333333,2.613333333,4.836666667,3.63,75.69,0.65,0.46,46.1,74.17,Barley
52,other,5.8,343.0,11.0,0.2242,3.2,7.0,7.183333333,7.65,10.47666667,9.07,22.33,25.61666667,23.65,20.61666667,2.053333333,4.816666667,8.433333333,3.98,2.073333333,2.613333333,4.836666667,3.63,75.69,0.65,0.46,46.1,74.17,Barley
53,other,6.0,318.0,11.0,0.2734,3.3,6.0,7.183333333,7.65,10.47666667,9.07,22.33,25.61666667,23.65,20.61666667,2.053333333,4.816666667,8.433333333,3.98,2.073333333,2.613333333,4.836666667,3.63,75.69,0.65,0.46,46.1,74.17,Barley
54,brown,6.3,295.0,10.0,0.1702,2.2,5.0,7.183333333,7.65,10.47666667,9.07,22.33,25.61666667,23.65,20.61666667,2.053333333,4.816666667,8.433333333,3.98,2.073333333,2.613333333,4.836666667,3.63,75.69,0.65,0.46,46.1,74.17,Barley
55,brown,6.07,125.216,13.546,0.23,1.459,11.334,7.65,7.773333333,10.98666667,9.726666667,9.03,25.14666667,28.24333333,23.80666667,3.413333333,6.96,9.98,5.703333333,1.17,2.243333333,7.52,2.88,81.06,0.69,53.45,6.48,75.83,Barley
56,brown,5.56,158.106,5.391,0.23,2.349,14.209,7.183333333,7.65,10.47666667,9.07,22.33,25.61666667,23.65,20.61666667,2.053333333,4.816666667,8.433333333,3.98,2.073333333,2.613333333,4.836666667,3.63,75.69,0.65,0.46,46.1,74.17,Barley
57,brown,6.25,55.791,84.785,0.23,0.769416,5.549,7.65,7.773333333,10.98666667,9.726666667,9.03,25.14666667,28.24333333,23.80666667,3.413333333,6.96,9.98,5.703333333,1.17,2.243333333,7.52,2.88,81.06,0.69,53.45,6.48,75.83,Barley
58,brown,6.3,159.0,5.0,0.1754,1.4,6.0,7.183333333,7.65,10.47666667,9.07,22.33,25.61666667,23.65,20.61666667,2.053333333,4.816666667,8.433333333,3.98,2.073333333,2.613333333,4.836666667,3.63,75.69,0.65,0.46,46.1,74.17,Barley
59,red,5.9,185.0,4.0,0.2145,1.5,8.0,7.183333333,7.65,10.47666667,9.07,22.33,25.61666667,23.65,20.61666667,2.053333333,4.816666667,8.433333333,3.98,2.073333333,2.613333333,4.836666667,3.63,75.69,0.65,0.46,46.1,74.17,Barley
60,brown,5.9,316.0,3.0,0.2905,3.4,6.0,7.183333333,7.65,10.47666667,9.07,22.33,25.61666667,23.65,20.61666667,2.053333333,4.816666667,8.433333333,3.98,2.073333333,2.613333333,4.836666667,3.63,75.69,0.65,0.46,46.1,74.17,Barley
61,brown,6.1,910.0,164.0,0.2087,3.3,7.0,7.183333333,7.65,10.47666667,9.07,22.33,25.61666667,23.65,20.61666667,2.053333333,4.816666667,8.433333333,3.98,2.073333333,2.613333333,4.836666667,3.63,75.69,0.65,0.46,46.1,74.17,Barley
62,gray,5.7,187.345,17.626,0.23,1.087,15.959,7.65,7.773333333,10.98666667,9.726666667,9.03,25.14666667,28.24333333,23.80666667,3.413333333,6.96,9.98,5.703333333,1.17,2.243333333,7.52,2.88,81.06,0.69,53.45,6.48,75.83,Barley
63,gray,5.61,1458.2,291.856,0.23,3.463,21.958,7.65,7.773333333,10.98666667,9.726666667,9.03,25.14666667,28.24333333,23.80666667,3.413333333,6.96,9.98,5.703333333,1.17,2.243333333,7.52,2.88,81.06,0.69,53.45,6.48,75.83,Barley
64,brown,5.63,391.602,23.076,0.23,2.039,17.165,7.65,7.773333333,10.98666667,9.726666667,9.03,25.14666667,28.24333333,23.80666667,3.413333333,6.96,9.98,5.703333333,1.17,2.243333333,7.52,2.88,81.06,0.69,53.45,6.48,75.83,Barley
65,brown,6.35,104.195,3.226,0.23,1.098,12.622,7.65,7.773333333,10.98666667,9.726666667,9.03,25.14666667,28.24333333,23.80666667,3.413333333,6.96,9.98,5.703333333,1.17,2.243333333,7.52,2.88,81.06,0.69,53.45,6.48,75.83,Barley
66,brown,6.0,226.0,3.0,0.2593,1.9,7.0,7.183333333,7.65,10.47666667,9.07,22.33,25.61666667,23.65,20.61666667,2.053333333,4.816666667,8.433333333,3.98,2.073333333,2.613333333,4.836666667,3.63,75.69,0.65,0.46,46.1,74.17,Barley
67,red,6.1,415.0,96.0,0.1692,2.2,10.0,7.183333333,7.65,10.47666667,9.07,22.33,25.61666667,23.65,20.61666667,2.053333333,4.816666667,8.433333333,3.98,2.073333333,2.613333333,4.836666667,3.63,75.69,0.65,0.46,46.1,74.17,Barley
68,red,5.8,319.0,7.0,0.184,2.1,7.0,7.183333333,7.65,10.47666667,9.07,22.33,25.61666667,23.65,20.61666667,2.053333333,4.816666667,8.433333333,3.98,2.073333333,2.613333333,4.836666667,3.63,75.69,0.65,0.46,46.1,74.17,Barley
69,brown,5.61,237.341,16.899,0.23,1.708,13.733,7.65,7.773333333,10.98666667,9.726666667,9.03,25.14666667,28.24333333,23.80666667,3.413333333,6.96,9.98,5.703333333,1.17,2.243333333,7.52,2.88,81.06,0.69,53.45,6.48,75.83,Barley
70,brown,5.95,97.358,6.494,0.23,1.724,12.492,7.65,7.773333333,10.98666667,9.726666667,9.03,25.14666667,28.24333333,23.80666667,3.413333333,6.96,9.98,5.703333333,1.17,2.243333333,7.52,2.88,81.06,0.69,53.45,6.48,75.83,Barley
71,brown,5.85,90.749,6.252,0.23,1.879,13.922,7.65,7.773333333,10.98666667,9.726666667,9.03,25.14666667,28.24333333,23.80666667,3.413333333,6.96,9.98,5.703333333,1.17,2.243333333,7.52,2.88,81.06,0.69,53.45,6.48,75.83,Barley
72,brown,6.0,338.0,9.0,0.3063,2.7,11.0,7.183333333,7.65,10.47666667,9.07,22.33,25.61666667,23.65,20.61666667,2.053333333,4.816666667,8.433333333,3.98,2.073333333,2.613333333,4.836666667,3.63,75.69,0.65,0.46,46.1,74.17,Barley
73,brown,6.2,287.0,22.0,0.2363,2.0,7.0,7.183333333,7.65,10.47666667,9.07,22.33,25.61666667,23.65,20.61666667,2.053333333,4.816666667,8.433333333,3.98,2.073333333,2.613333333,4.836666667,3.63,75.69,0.65,0.46,46.1,74.17,Barley
74,brown,6.3,196.0,8.0,0.2935,1.8,10.0,7.183333333,7.65,10.47666667,9.07,22.33,25.61666667,23.65,20.61666667,2.053333333,4.816666667,8.433333333,3.98,2.073333333,2.613333333,4.836666667,3.63,75.69,0.65,0.46,46.1,74.17,Barley
75,black,5.9,177.0,18.0,0.2902,2.1,10.0,7.183333333,7.65,10.47666667,9.07,22.33,25.61666667,23.65,20.61666667,2.053333333,4.816666667,8.433333333,3.98,2.073333333,2.613333333,4.836666667,3.63,75.69,0.65,0.46,46.1,74.17,Barley
76,brown,6.1,461.0,39.0,0.2591,3.7,10.0,7.183333333,7.65,10.47666667,9.07,22.33,25.61666667,23.65,20.61666667,2.053333333,4.816666667,8.433333333,3.98,2.073333333,2.613333333,4.836666667,3.63,75.69,0.65,0.46,46.1,74.17,Barley
77,black,5.95,214.852,2.253,0.23,1.704,11.793,7.65,7.773333333,10.98666667,9.726666667,9.03,25.14666667,28.24333333,23.80666667,3.413333333,6.96,9.98,5.703333333,1.17,2.243333333,7.52,2.88,81.06,0.69,53.45,6.48,75.83,Barley
78,other,5.5,90.0,5.0,0.3693,1.2,11.0,7.183333333,7.65,10.47666667,9.07,22.33,25.61666667,23.65,20.61666667,2.053333333,4.816666667,8.433333333,3.98,2.073333333,2.613333333,4.836666667,3.63,75.69,0.65,0.46,46.1,74.17,Barley
79,brown,5.6,395.0,18.0,0.4014,6.3,8.0,7.183333333,7.65,10.47666667,9.07,22.33,25.61666667,23.65,20.61666667,2.053333333,4.816666667,8.433333333,3.98,2.073333333,2.613333333,4.836666667,3.63,75.69,0.65,0.46,46.1,74.17,Barley
80,black,5.9,360.0,13.0,0.286,5.4,8.0,7.183333333,7.65,10.47666667,9.07,22.33,25.61666667,23.65,20.61666667,2.053333333,4.816666667,8.433333333,3.98,2.073333333,2.613333333,4.836666667,3.63,75.69,0.65,0.46,46.1,74.17,Barley
81,other,6.2,361.0,9.0,0.1405,1.6,4.0,7.183333333,7.65,10.47666667,9.07,22.33,25.61666667,23.65,20.61666667,2.053333333,4.816666667,8.433333333,3.98,2.073333333,2.613333333,4.836666667,3.63,75.69,0.65,0.46,46.1,74.17,Barley
82,brown,5.7,245.0,3.0,0.2039,3.1,6.0,7.183333333,7.65,10.47666667,9.07,22.33,25.61666667,23.65,20.61666667,2.053333333,4.816666667,8.433333333,3.98,2.073333333,2.613333333,4.836666667,3.63,75.69,0.65,0.46,46.1,74.17,Barley
83,brown,5.6,505.0,107.0,0.2174,3.6,11.0,7.183333333,7.65,10.47666667,9.07,22.33,25.61666667,23.65,20.61666667,2.053333333,4.816666667,8.433333333,3.98,2.073333333,2.613333333,4.836666667,3.63,75.69,0.65,0.46,46.1,74.17,Barley
84,other,5.6,115.0,6.0,0.2437,2.6,8.0,7.183333333,7.65,10.47666667,9.07,22.33,25.61666667,23.65,20.61666667,2.053333333,4.816666667,8.433333333,3.98,2.073333333,2.613333333,4.836666667,3.63,75.69,0.65,0.46,46.1,74.17,Barley
85,brown,5.4,271.0,48.0,0.1572,3.3,9.0,7.183333333,7.65,10.47666667,9.07,22.33,25.61666667,23.65,20.61666667,2.053333333,4.816666667,8.433333333,3.98,2.073333333,2.613333333,4.836666667,3.63,75.69,0.65,0.46,46.1,74.17,Barley
86,black,5.9,401.0,4.0,0.171,2.0,5.0,7.183333333,7.65,10.47666667,9.07,22.33,25.61666667,23.65,20.61666667,2.053333333,4.816666667,8.433333333,3.98,2.073333333,2.613333333,4.836666667,3.63,75.69,0.65,0.46,46.1,74.17,Barley
87,brown,5.7,450.0,6.0,0.2482,3.6,10.0,7.183333333,7.65,10.47666667,9.07,22.33,25.61666667,23.65,20.61666667,2.053333333,4.816666667,8.433333333,3.98,2.073333333,2.613333333,4.836666667,3.63,75.69,0.65,0.46,46.1,74.17,Barley
88,other,5.4,106.0,5.0,0.2142,2.2,10.0,7.183333333,7.65,10.47666667,9.07,22.33,25.61666667,23.65,20.61666667,2.053333333,4.816666667,8.433333333,3.98,2.073333333,2.613333333,4.836666667,3.63,75.69,0.65,0.46,46.1,74.17,Barley
89,other,6.2,336.0,7.0,0.1693,1.9,8.0,7.183333333,7.65,10.47666667,9.07,22.33,25.61666667,23.65,20.61666667,2.053333333,4.816666667,8.433333333,3.98,2.073333333,2.613333333,4.836666667,3.63,75.69,0.65,0.46,46.1,74.17,Barley
90,red,5.8,326.0,2.0,0.1218,0.9,8.0,7.183333333,7.65,10.47666667,9.07,22.33,25.61666667,23.65,20.61666667,2.053333333,4.816666667,8.433333333,3.98,2.073333333,2.613333333,4.836666667,3.63,75.69,0.65,0.46,46.1,74.17,Barley
91,black,6.0,454.0,5.0,0.2287,1.8,8.0,7.183333333,7.65,10.47666667,9.07,22.33,25.61666667,23.65,20.61666667,2.053333333,4.816666667,8.433333333,3.98,2.073333333,2.613333333,4.836666667,3.63,75.69,0.65,0.46,46.1,74.17,Barley
92,other,5.5,276.0,8.0,0.2333,2.2,11.0,7.183333333,7.65,10.47666667,9.07,22.33,25.61666667,23.65,20.61666667,2.053333333,4.816666667,8.433333333,3.98,2.073333333,2.613333333,4.836666667,3.63,75.69,0.65,0.46,46.1,74.17,Barley
93,brown,5.4,82.0,8.0,0.2385,2.3,19.0,7.183333333,7.65,10.47666667,9.07,22.33,25.61666667,23.65,20.61666667,2.053333333,4.816666667,8.433333333,3.98,2.073333333,2.613333333,4.836666667,3.63,75.69,0.65,0.46,46.1,74.17,Barley
94,other,6.0,520.0,85.0,0.197,4.2,9.0,7.183333333,7.65,10.47666667,9.07,22.33,25.61666667,23.65,20.61666667,2.053333333,4.816666667,8.433333333,3.98,2.073333333,2.613333333,4.836666667,3.63,75.69,0.65,0.46,46.1,74.17,Barley
95,brown,6.5,272.0,6.0,0.2918,2.0,12.0,7.183333333,7.65,10.47666667,9.07,22.33,25.61666667,23.65,20.61666667,2.053333333,4.816666667,8.433333333,3.98,2.073333333,2.613333333,4.836666667,3.63,75.69,0.65,0.46,46.1,74.17,Barley
96,yellowish brown,5.72,298.895,25.574,0.23,2.605,14.326,7.65,7.773333333,10.98666667,9.726666667,9.03,25.14666667,28.24333333,23.80666667,3.413333333,6.96,9.98,5.703333333,1.17,2.243333333,7.52,2.88,81.06,0.69,53.45,6.48,75.83,Barley
97,black,5.9,353.0,2.0,0.2116,1.7,5.0,7.183333333,7.65,10.47666667,9.07,22.33,25.61666667,23.65,20.61666667,2.053333333,4.816666667,8.433333333,3.98,2.073333333,2.613333333,4.836666667,3.63,75.69,0.65,0.46,46.1,74.17,Barley
98,other,5.5,112.0,4.0,0.4366,4.0,6.0,7.183333333,7.65,10.47666667,9.07,22.33,25.61666667,23.65,20.61666667,2.053333333,4.816666667,8.433333333,3.98,2.073333333,2.613333333,4.836666667,3.63,75.69,0.65,0.46,46.1,74.17,Barley
99,other,6.1,155.0,6.0,0.3835,2.9,11.0,7.183333333,7.65,10.47666667,9.07,22.33,25.61666667,23.65,20.61666667,2.053333333,4.816666667,8.433333333,3.98,2.073333333,2.613333333,4.836666667,3.63,75.69,0.65,0.46,46.1,74.17,Barley
100,brown,6.2,338.0,9.0,0.3112,3.5,7.0,7.183333333,7.65,10.47666667,9.07,22.33,25.61666667,23.65,20.61666667,2.053333333,4.816666667,8.433333333,3.98,2.073333333,2.613333333,4.836666667,3.63,75.69,0.65,0.46,46.1,74.17,Barley
101,other,5.7,445.0,18.0,0.3332,3.1,10.0,7.183333333,7.65,10.47666667,9.07,22.33,25.61666667,23.65,20.61666667,2.053333333,4.816666667,8.433333333,3.98,2.073333333,2.613333333,4.836666667,3.63,75.69,0.65,0.46,46.1,74.17,Barley
102,black,6.2,259.0,5.0,0.2485,1.8,9.0,7.183333333,7.65,10.47666667,9.07,22.33,25.61666667,23.65,20.61666667,2.053333333,4.816666667,8.433333333,3.98,2.073333333,2.613333333,4.836666667,3.63,75.69,0.65,0.46,46.1,74.17,Barley
103,reddish brown,5.89,104.592,7.282,0.23,2.11,11.137,7.65,7.773333333,10.98666667,9.726666667,9.03,25.14666667,28.24333333,23.80666667,3.413333333,6.96,9.98,5.703333333,1.17,2.243333333,7.52,2.88,81.06,0.69,53.45,6.48,75.83,Barley
104,brown,5.7,382.0,34.0,0.4052,3.0,14.0,7.183333333,7.65,10.47666667,9.07,22.33,25.61666667,23.65,20.61666667,2.053333333,4.816666667,8.433333333,3.98,2.073333333,2.613333333,4.836666667,3.63,75.69,0.65,0.46,46.1,74.17,Barley
105,brown,6.1,330.0,13.0,0.3525,4.1,8.0,7.183333333,7.65,10.47666667,9.07,22.33,25.61666667,23.65,20.61666667,2.053333333,4.816666667,8.433333333,3.98,2.073333333,2.613333333,4.836666667,3.63,75.69,0.65,0.46,46.1,74.17,Barley
106,other,5.8,350.0,5.0,0.2667,2.3,9.0,7.183333333,7.65,10.47666667,9.07,22.33,25.61666667,23.65,20.61666667,2.053333333,4.816666667,8.433333333,3.98,2.073333333,2.613333333,4.836666667,3.63,75.69,0.65,0.46,46.1,74.17,Barley
107,brown,5.9,258.0,3.0,0.3302,2.8,11.0,7.183333333,7.65,10.47666667,9.07,22.33,25.61666667,23.65,20.61666667,2.053333333,4.816666667,8.433333333,3.98,2.073333333,2.613333333,4.836666667,3.63,75.69,0.65,0.46,46.1,74.17,Barley
108,other,6.4,227.0,5.0,0.3736,2.5,12.0,7.183333333,7.65,10.47666667,9.07,22.33,25.61666667,23.65,20.61666667,2.053333333,4.816666667,8.433333333,3.98,2.073333333,2.613333333,4.836666667,3.63,75.69,0.65,0.46,46.1,74.17,Barley
109,brown,6.15,105.534,5.885,0.23,0.559253,13.458,7.65,7.773333333,10.98666667,9.726666667,9.03,25.14666667,28.24333333,23.80666667,3.413333333,6.96,9.98,5.703333333,1.17,2.243333333,7.52,2.88,81.06,0.69,53.45,6.48,75.83,Barley
110,reddish brown,5.53,90.077,5.05,0.284,3.265,11.474,7.65,7.773333333,10.98666667,9.726666667,9.03,25.14666667,28.24333333,23.80666667,3.413333333,6.96,9.98,5.703333333,1.17,2.243333333,7.52,2.88,81.06,0.69,53.45,6.48,75.83,Barley
111,brown,5.71,127.07,1.559,0.23,2.129,10.983,7.65,7.773333333,10.98666667,9.726666667,9.03,25.14666667,28.24333333,23.80666667,3.413333333,6.96,9.98,5.703333333,1.17,2.243333333,7.52,2.88,81.06,0.69,53.45,6.48,75.83,Barley
112,other,6.0,108.0,2.0,0.284,1.9,5.0,7.183333333,7.65,10.47666667,9.07,22.33,25.61666667,23.65,20.61666667,2.053333333,4.816666667,8.433333333,3.98,2.073333333,2.613333333,4.836666667,3.63,75.69,0.65,0.46,46.1,74.17,Barley
113,other,6.3,176.0,4.0,0.1618,1.3,8.0,7.183333333,7.65,10.47666667,9.07,22.33,25.61666667,23.65,20.61666667,2.053333333,4.816666667,8.433333333,3.98,2.073333333,2.613333333,4.836666667,3.63,75.69,0.65,0.46,46.1,74.17,Barley
114,other,6.1,143.0,7.0,0.2234,2.1,9.0,7.183333333,7.65,10.47666667,9.07,22.33,25.61666667,23.65,20.61666667,2.053333333,4.816666667,8.433333333,3.98,2.073333333,2.613333333,4.836666667,3.63,75.69,0.65,0.46,46.1,74.17,Barley
115,brown,5.8,354.0,46.0,0.2927,2.9,7.0,7.183333333,7.65,10.47666667,9.07,22.33,25.61666667,23.65,20.61666667,2.053333333,4.816666667,8.433333333,3.98,2.073333333,2.613333333,4.836666667,3.63,75.69,0.65,0.46,46.1,74.17,Barley
116,brown,5.8,272.0,6.0,0.2764,2.5,7.0,7.183333333,7.65,10.47666667,9.07,22.33,25.61666667,23.65,20.61666667,2.053333333,4.816666667,8.433333333,3.98,2.073333333,2.613333333,4.836666667,3.63,75.69,0.65,0.46,46.1,74.17,Barley
117,red,6.2,149.0,5.0,0.3056,1.1,10.0,7.183333333,7.65,10.47666667,9.07,22.33,25.61666667,23.65,20.61666667,2.053333333,4.816666667,8.433333333,3.98,2.073333333,2.613333333,4.836666667,3.63,75.69,0.65,0.46,46.1,74.17,Barley
118,red,6.1,199.0,8.0,0.1778,2.0,8.0,7.183333333,7.65,10.47666667,9.07,22.33,25.61666667,23.65,20.61666667,2.053333333,4.816666667,8.433333333,3.98,2.073333333,2.613333333,4.836666667,3.63,75.69,0.65,0.46,46.1,74.17,Barley
119,brown,5.65,142.876,2.055,0.23,1.729,14.182,7.65,7.773333333,10.98666667,9.726666667,9.03,25.14666667,28.24333333,23.80666667,3.413333333,6.96,9.98,5.703333333,1.17,2.243333333,7.52,2.88,81.06,0.69,53.45,6.48,75.83,Barley
120,brown,6.58,87.688,7.49,0.23,0.588125,15.738,7.65,7.773333333,10.98666667,9.726666667,9.03,25.14666667,28.24333333,23.80666667,3.413333333,6.96,9.98,5.703333333,1.17,2.243333333,7.52,2.88,81.06,0.69,53.45,6.48,75.83,Barley
121,reddish brown,5.44,77.649,4.267,0.284,3.002,17.644,7.183333333,7.65,10.47666667,9.07,22.33,25.61666667,23.65,20.61666667,2.053333333,4.816666667,8.433333333,3.98,2.073333333,2.613333333,4.836666667,3.63,75.69,0.65,0.46,46.1,74.17,Barley
122,brown,6.1,189.0,3.0,0.2291,1.8,8.0,7.183333333,7.65,10.47666667,9.07,22.33,25.61666667,23.65,20.61666667,2.053333333,4.816666667,8.433333333,3.98,2.073333333,2.613333333,4.836666667,3.63,75.69,0.65,0.46,46.1,74.17,Barley
123,brown,6.6,241.0,8.0,0.1575,1.4,9.0,7.183333333,7.65,10.47666667,9.07,22.33,25.61666667,23.65,20.61666667,2.053333333,4.816666667,8.433333333,3.98,2.073333333,2.613333333,4.836666667,3.63,75.69,0.65,0.46,46.1,74.17,Barley
124,other,5.5,223.0,27.0,0.2921,2.9,6.0,7.183333333,7.65,10.47666667,9.07,22.33,25.61666667,23.65,20.61666667,2.053333333,4.816666667,8.433333333,3.98,2.073333333,2.613333333,4.836666667,3.63,75.69,0.65,0.46,46.1,74.17,Barley
125,brown,6.0,541.0,149.0,0.2719,6.0,7.0,7.183333333,7.65,10.47666667,9.07,22.33,25.61666667,23.65,20.61666667,2.053333333,4.816666667,8.433333333,3.98,2.073333333,2.613333333,4.836666667,3.63,75.69,0.65,0.46,46.1,74.17,Barley
126,other,6.2,173.0,3.0,0.3093,1.9,7.0,7.183333333,7.65,10.47666667,9.07,22.33,25.61666667,23.65,20.61666667,2.053333333,4.816666667,8.433333333,3.98,2.073333333,2.613333333,4.836666667,3.63,75.69,0.65,0.46,46.1,74.17,Barley
127,other,5.6,184.0,4.0,0.2741,2.5,5.0,7.183333333,7.65,10.47666667,9.07,22.33,25.61666667,23.65,20.61666667,2.053333333,4.816666667,8.433333333,3.98,2.073333333,2.613333333,4.836666667,3.63,75.69,0.65,0.46,46.1,74.17,Barley
128,brown,5.9,426.0,5.0,0.2375,2.6,9.0,7.183333333,7.65,10.47666667,9.07,22.33,25.61666667,23.65,20.61666667,2.053333333,4.816666667,8.433333333,3.98,2.073333333,2.613333333,4.836666667,3.63,75.69,0.65,0.46,46.1,74.17,Barley
129,brown,5.7,126.0,6.0,0.3132,2.0,12.0,7.183333333,7.65,10.47666667,9.07,22.33,25.61666667,23.65,20.61666667,2.053333333,4.816666667,8.433333333,3.98,2.073333333,2.613333333,4.836666667,3.63,75.69,0.65,0.46,46.1,74.17,Barley
130,brown,6.0,410.0,40.0,0.2171,3.3,13.0,7.183333333,7.65,10.47666667,9.07,22.33,25.61666667,23.65,20.61666667,2.053333333,4.816666667,8.433333333,3.98,2.073333333,2.613333333,4.836666667,3.63,75.69,0.65,0.46,46.1,74.17,Barley
131,red,5.9,400.0,8.0,0.2992,4.9,12.0,7.183333333,7.65,10.47666667,9.07,22.33,25.61666667,23.65,20.61666667,2.053333333,4.816666667,8.433333333,3.98,2.073333333,2.613333333,4.836666667,3.63,75.69,0.65,0.46,46.1,74.17,Barley
132,red,5.78,145.527,6.59,0.23,1.35,11.18,7.65,7.773333333,10.98666667,9.726666667,9.03,25.14666667,28.24333333,23.80666667,3.413333333,6.96,9.98,5.703333333,1.17,2.243333333,7.52,2.88,81.06,0.69,53.45,6.48,75.83,Barley
133,brown,5.17,109.74,2.586,0.284,2.688,10.666,7.65,7.773333333,10.98666667,9.726666667,9.03,25.14666667,28.24333333,23.80666667,3.413333333,6.96,9.98,5.703333333,1.17,2.243333333,7.52,2.88,81.06,0.69,53.45,6.48,75.83,Barley
134,brown,6.0,176.215,2.35,0.23,1.312,12.416,7.65,7.773333333,10.98666667,9.726666667,9.03,25.14666667,28.24333333,23.80666667,3.413333333,6.96,9.98,5.703333333,1.17,2.243333333,7.52,2.88,81.06,0.69,53.45,6.48,75.83,Barley
135,other,6.1,344.0,90.0,0.1679,3.6,11.0,7.183333333,7.65,10.47666667,9.07,22.33,25.61666667,23.65,20.61666667,2.053333333,4.816666667,8.433333333,3.98,2.073333333,2.613333333,4.836666667,3.63,75.69,0.65,0.46,46.1,74.17,Barley
136,brown,5.67,246.058,7.375,0.2992,1.959,19.396,7.183333333,7.65,10.47666667,9.07,22.33,25.61666667,23.65,20.61666667,2.053333333,4.816666667,8.433333333,3.98,2.073333333,2.613333333,4.836666667,3.63,75.69,0.65,0.46,46.1,74.17,Barley
137,black,5.36,281.322,5.241,0.23,1.403,18.04,7.65,7.773333333,10.98666667,9.726666667,9.03,25.14666667,28.24333333,23.80666667,3.413333333,6.96,9.98,5.703333333,1.17,2.243333333,7.52,2.88,81.06,0.69,53.45,6.48,75.83,Barley
138,brown,5.56,254.987,8.902,0.284,2.811,12.475,7.65,7.773333333,10.98666667,9.726666667,9.03,25.14666667,28.24333333,23.80666667,3.413333333,6.96,9.98,5.703333333,1.17,2.243333333,7.52,2.88,81.06,0.69,53.45,6.48,75.83,Barley
139,brown,5.56,310.09,8.898,0.23,2.489,17.464,7.183333333,7.65,10.47666667,9.07,22.33,25.61666667,23.65,20.61666667,2.053333333,4.816666667,8.433333333,3.98,2.073333333,2.613333333,4.836666667,3.63,75.69,0.65,0.46,46.1,74.17,Barley
140,brown,5.62,131.747,16.098,0.2375,2.358,19.507,7.183333333,7.65,10.47666667,9.07,22.33,25.61666667,23.65,20.61666667,2.053333333,4.816666667,8.433333333,3.98,2.073333333,2.613333333,4.836666667,3.63,75.69,0.65,0.46,46.1,74.17,Barley
141,brown,5.3,316.18,7.103,0.23,4.045,23.1,7.65,7.773333333,10.98666667,9.726666667,9.03,25.14666667,28.24333333,23.80666667,3.413333333,6.96,9.98,5.703333333,1.17,2.243333333,7.52,2.88,81.06,0.69,53.45,6.48,75.83,Barley
142,brown,5.75,82.48,8.462,0.1679,3.52,21.88,7.183333333,7.65,10.47666667,9.07,22.33,25.61666667,23.65,20.61666667,2.053333333,4.816666667,8.433333333,3.98,2.073333333,2.613333333,4.836666667,3.63,75.69,0.65,0.46,46.1,74.17,Barley
143,gray,5.26,360.591,6.197,0.23,3.644,15.852,7.65,7.773333333,10.98666667,9.726666667,9.03,25.14666667,28.24333333,23.80666667,3.413333333,6.96,9.98,5.703333333,1.17,2.243333333,7.52,2.88,81.06,0.69,53.45,6.48,75.83,Barley
144,dark brown,5.45,701.198,56.046,0.23,4.109,18.966,7.65,7.773333333,10.98666667,9.726666667,9.03,25.14666667,28.24333333,23.80666667,3.413333333,6.96,9.98,5.703333333,1.17,2.243333333,7.52,2.88,81.06,0.69,53.45,6.48,75.83,Barley
145,reddish gray,5.53,284.279,10.201,0.2992,2.244,21.189,7.183333333,7.65,10.47666667,9.07,22.33,25.61666667,23.65,20.61666667,2.053333333,4.816666667,8.433333333,3.98,2.073333333,2.613333333,4.836666667,3.63,75.69,0.65,0.46,46.1,74.17,Barley
146,black,5.3,223.778,2.901,0.23,2.237,15.243,7.65,7.773333333,10.98666667,9.726666667,9.03,25.14666667,28.24333333,23.80666667,3.413333333,6.96,9.98,5.703333333,1.17,2.243333333,7.52,2.88,81.06,0.69,53.45,6.48,75.83,Barley
147,red,5.64,90.692,3.318,0.1679,3.385,5.141,7.183333333,7.65,10.47666667,9.07,22.33,25.61666667,23.65,20.61666667,2.053333333,4.816666667,8.433333333,3.98,2.073333333,2.613333333,4.836666667,3.63,75.69,0.65,0.46,46.1,74.17,Barley
148,gray,6.75,930.028,129.258,0.23,2.142,21.474,7.65,7.773333333,10.98666667,9.726666667,9.03,25.14666667,28.24333333,23.80666667,3.413333333,6.96,9.98,5.703333333,1.17,2.243333333,7.52,2.88,81.06,0.69,53.45,6.48,75.83,Barley
149,black,5.75,41.134,9.679,0.1679,2.357,15.121,7.183333333,7.65,10.47666667,9.07,22.33,25.61666667,23.65,20.61666667,2.053333333,4.816666667,8.433333333,3.98,2.073333333,2.613333333,4.836666667,3.63,75.69,0.65,0.46,46.1,74.17,Barley
150,dark brown,6.0,187.123,9.139,0.284,0.945045,12.3,7.65,7.773333333,10.98666667,9.726666667,9.03,25.14666667,28.24333333,23.80666667,3.413333333,6.96,9.98,5.703333333,1.17,2.243333333,7.52,2.88,81.06,0.69,53.45,6.48,75.83,Barley
151,reddish brown,5.95,112.914,2.219,0.284,2.056,9.362,7.65,7.773333333,10.98666667,9.726666667,9.03,25.14666667,28.24333333,23.80666667,3.413333333,6.96,9.98,5.703333333,1.17,2.243333333,7.52,2.88,81.06,0.69,53.45,6.48,75.83,Barley
152,brown,5.41,172.263,12.954,0.2375,4.052,22.062,7.183333333,7.65,10.47666667,9.07,22.33,25.61666667,23.65,20.61666667,2.053333333,4.816666667,8.433333333,3.98,2.073333333,2.613333333,4.836666667,3.63,75.69,0.65,0.46,46.1,74.17,Barley
153,brown,5.9,92.034,6.996,0.1679,2.577,19.771,7.183333333,7.65,10.47666667,9.07,22.33,25.61666667,23.65,20.61666667,2.053333333,4.816666667,8.433333333,3.98,2.073333333,2.613333333,4.836666667,3.63,75.69,0.65,0.46,46.1,74.17,Barley
154,brown,5.47,180.743,2.917,0.23,2.853,13.891,7.65,7.773333333,10.98666667,9.726666667,9.03,25.14666667,28.24333333,23.80666667,3.413333333,6.96,9.98,5.703333333,1.17,2.243333333,7.52,2.88,81.06,0.69,53.45,6.48,75.83,Barley
155,black,5.79,241.465,7.549,0.2518,3.424,20.191,7.183333333,7.65,10.47666667,9.07,22.33,25.61666667,23.65,20.61666667,2.053333333,4.816666667,8.433333333,3.98,2.073333333,2.613333333,4.836666667,3.63,75.69,0.65,0.46,46.1,74.17,Barley
156,red,6.1,55.537,7.325,0.1679,3.456,21.366,7.183333333,7.65,10.47666667,9.07,22.33,25.61666667,23.65,20.61666667,2.053333333,4.816666667,8.433333333,3.98,2.073333333,2.613333333,4.836666667,3.63,75.69,0.65,0.46,46.1,74.17,Barley
157,black,5.41,107.897,57.619,0.1679,4.305,11.321,7.183333333,7.65,10.47666667,9.07,22.33,25.61666667,23.65,20.61666667,2.053333333,4.816666667,8.433333333,3.98,2.073333333,2.613333333,4.836666667,3.63,75.69,0.65,0.46,46.1,74.17,Barley
158,reddish brown,5.3,311.258,83.131,0.1679,4.003,10.095,7.65,7.773333333,10.98666667,9.726666667,9.03,25.14666667,28.24333333,23.80666667,3.413333333,6.96,9.98,5.703333333,1.17,2.243333333,7.52,2.88,81.06,0.69,53.45,6.48,75.83,Barley
159,gray,5.14,198.994,3.805,0.23,3.649,18.844,7.65,7.773333333,10.98666667,9.726666667,9.03,25.14666667,28.24333333,23.80666667,3.413333333,6.96,9.98,5.703333333,1.17,2.243333333,7.52,2.88,81.06,0.69,53.45,6.48,75.83,Barley
160,brown,5.61,230.77,6.146,0.2518,2.862,21.528,7.183333333,7.65,10.47666667,9.07,22.33,25.61666667,23.65,20.61666667,2.053333333,4.816666667,8.433333333,3.98,2.073333333,2.613333333,4.836666667,3.63,75.69,0.65,0.46,46.1,74.17,Barley
161,brown,5.99,255.9,7.077,0.2518,4.41,19.21,7.183333333,7.65,10.47666667,9.07,22.33,25.61666667,23.65,20.61666667,2.053333333,4.816666667,8.433333333,3.98,2.073333333,2.613333333,4.836666667,3.63,75.69,0.65,0.46,46.1,74.17,Barley
162,brown,5.58,293.087,85.046,0.2375,5.835,23.077,7.183333333,7.65,10.47666667,9.07,22.33,25.61666667,23.65,20.61666667,2.053333333,4.816666667,8.433333333,3.98,2.073333333,2.613333333,4.836666667,3.63,75.69,0.65,0.46,46.1,74.17,Barley
163,black,5.48,211.631,1.938,0.23,2.061,12.028,7.65,7.773333333,10.98666667,9.726666667,9.03,25.14666667,28.24333333,23.80666667,3.413333333,6.96,9.98,5.703333333,1.17,2.243333333,7.52,2.88,81.06,0.69,53.45,6.48,75.83,Barley
164,dark brown,5.2,204.747,1.635,0.23,3.623,11.141,7.65,7.773333333,10.98666667,9.726666667,9.03,25.14666667,28.24333333,23.80666667,3.413333333,6.96,9.98,5.703333333,1.17,2.243333333,7.52,2.88,81.06,0.69,53.45,6.48,75.83,Barley
165,black,5.65,166.837,7.526,0.2518,3.313,17.287,7.183333333,7.65,10.47666667,9.07,22.33,25.61666667,23.65,20.61666667,2.053333333,4.816666667,8.433333333,3.98,2.073333333,2.613333333,4.836666667,3.63,75.69,0.65,0.46,46.1,74.17,Barley
166,black,5.71,202.71,5.142,0.2518,2.762,23.953,7.183333333,7.65,10.47666667,9.07,22.33,25.61666667,23.65,20.61666667,2.053333333,4.816666667,8.433333333,3.98,2.073333333,2.613333333,4.836666667,3.63,75.69,0.65,0.46,46.1,74.17,Barley
167,black,5.54,220.316,5.563,0.2518,4.831,18.091,7.183333333,7.65,10.47666667,9.07,22.33,25.61666667,23.65,20.61666667,2.053333333,4.816666667,8.433333333,3.98,2.073333333,2.613333333,4.836666667,3.63,75.69,0.65,0.46,46.1,74.17,Barley
168,brown,5.5,126.231,8.079,0.1679,2.26,14.243,7.183333333,7.65,10.47666667,9.07,22.33,25.61666667,23.65,20.61666667,2.053333333,4.816666667,8.433333333,3.98,2.073333333,2.613333333,4.836666667,3.63,75.69,0.65,0.46,46.1,74.17,Barley
169,reddish gray,5.59,120.928,5.025,0.2375,2.529,21.565,7.183333333,7.65,10.47666667,9.07,22.33,25.61666667,23.65,20.61666667,2.053333333,4.816666667,8.433333333,3.98,2.073333333,2.613333333,4.836666667,3.63,75.69,0.65,0.46,46.1,74.17,Barley
170,black,5.3,221.783,4.401,0.23,3.596,13.477,7.65,7.773333333,10.98666667,9.726666667,9.03,25.14666667,28.24333333,23.80666667,3.413333333,6.96,9.98,5.703333333,1.17,2.243333333,7.52,2.88,81.06,0.69,53.45,6.48,75.83,Barley
171,dark brown,5.92,86.644,1.829,0.1679,1.948,15.884,7.183333333,7.65,10.47666667,9.07,22.33,25.61666667,23.65,20.61666667,2.053333333,4.816666667,8.433333333,3.98,2.073333333,2.613333333,4.836666667,3.63,75.69,0.65,0.46,46.1,74.17,Barley
172,brown,5.54,190.019,6.925,0.2518,2.836,16.826,7.183333333,7.65,10.47666667,9.07,22.33,25.61666667,23.65,20.61666667,2.053333333,4.816666667,8.433333333,3.98,2.073333333,2.613333333,4.836666667,3.63,75.69,0.65,0.46,46.1,74.17,Barley
173,black,5.66,175.615,18.241,0.2518,2.235,21.445,7.183333333,7.65,10.47666667,9.07,22.33,25.61666667,23.65,20.61666667,2.053333333,4.816666667,8.433333333,3.98,2.073333333,2.613333333,4.836666667,3.63,75.69,0.65,0.46,46.1,74.17,Barley
174,brown,5.34,406.375,9.72,0.1679,1.949,11.172,7.183333333,7.65,10.47666667,9.07,22.33,25.61666667,23.65,20.61666667,2.053333333,4.816666667,8.433333333,3.98,2.073333333,2.613333333,4.836666667,3.63,75.69,0.65,0.46,46.1,74.17,Barley
175,brown,5.37,170.739,1.377,0.23,1.767,8.275,7.65,7.773333333,10.98666667,9.726666667,9.03,25.14666667,28.24333333,23.80666667,3.413333333,6.96,9.98,5.703333333,1.17,2.243333333,7.52,2.88,81.06,0.69,53.45,6.48,75.83,Barley
176,brown,5.28,139.459,8.965,0.2518,4.963,17.688,7.183333333,7.65,10.47666667,9.07,22.33,25.61666667,23.65,20.61666667,2.053333333,4.816666667,8.433333333,3.98,2.073333333,2.613333333,4.836666667,3.63,75.69,0.65,0.46,46.1,74.17,Barley
177,red,5.8,148.977,6.233,0.2518,2.582,18.205,7.183333333,7.65,10.47666667,9.07,22.33,25.61666667,23.65,20.61666667,2.053333333,4.816666667,8.433333333,3.98,2.073333333,2.613333333,4.836666667,3.63,75.69,0.65,0.46,46.1,74.17,Barley
178,black,5.74,272.324,12.464,0.2518,4.832,23.929,7.183333333,7.65,10.47666667,9.07,22.33,25.61666667,23.65,20.61666667,2.053333333,4.816666667,8.433333333,3.98,2.073333333,2.613333333,4.836666667,3.63,75.69,0.65,0.46,46.1,74.17,Barley
179,brown,5.72,85.279,12.339,0.2518,2.841,21.425,7.183333333,7.65,10.47666667,9.07,22.33,25.61666667,23.65,20.61666667,2.053333333,4.816666667,8.433333333,3.98,2.073333333,2.613333333,4.836666667,3.63,75.69,0.65,0.46,46.1,74.17,Barley
180,red,6.05,398.658,16.611,0.23,0.865189,10.51,7.65,7.773333333,10.98666667,9.726666667,9.03,25.14666667,28.24333333,23.80666667,3.413333333,6.96,9.98,5.703333333,1.17,2.243333333,7.52,2.88,81.06,0.69,53.45,6.48,75.83,Barley
181,red,5.97,212.903,9.753,0.2375,2.795,22.56,7.183333333,7.65,10.47666667,9.07,22.33,25.61666667,23.65,20.61666667,2.053333333,4.816666667,8.433333333,3.98,2.073333333,2.613333333,4.836666667,3.63,75.69,0.65,0.46,46.1,74.17,Barley
182,brown,5.43,184.848,3.507,0.1679,2.393,10.541,7.183333333,7.65,10.47666667,9.07,22.33,25.61666667,23.65,20.61666667,2.053333333,4.816666667,8.433333333,3.98,2.073333333,2.613333333,4.836666667,3.63,75.69,0.65,0.46,46.1,74.17,Barley
183,red,5.83,65.756,2.132,0.23,0.796804,9.006,7.183333333,7.65,10.47666667,9.07,22.33,25.61666667,23.65,20.61666667,2.053333333,4.816666667,8.433333333,3.98,2.073333333,2.613333333,4.836666667,3.63,75.69,0.65,0.46,46.1,74.17,Barley
184,red,5.48,191.133,6.903,0.2518,2.953,20.831,7.183333333,7.65,10.47666667,9.07,22.33,25.61666667,23.65,20.61666667,2.053333333,4.816666667,8.433333333,3.98,2.073333333,2.613333333,4.836666667,3.63,75.69,0.65,0.46,46.1,74.17,Barley
185,black,5.97,507.187,23.373,0.2518,3.22,25.198,7.183333333,7.65,10.47666667,9.07,22.33,25.61666667,23.65,20.61666667,2.053333333,4.816666667,8.433333333,3.98,2.073333333,2.613333333,4.836666667,3.63,75.69,0.65,0.46,46.1,74.17,Barley
186,black,5.93,478.058,18.353,0.2518,3.99,26.674,7.183333333,7.65,10.47666667,9.07,22.33,25.61666667,23.65,20.61666667,2.053333333,4.816666667,8.433333333,3.98,2.073333333,2.613333333,4.836666667,3.63,75.69,0.65,0.46,46.1,74.17,Barley
187,grayish brown,5.41,122.677,8.707,0.2375,4.302,18.02,7.183333333,7.65,10.47666667,9.07,22.33,25.61666667,23.65,20.61666667,2.053333333,4.816666667,8.433333333,3.98,2.073333333,2.613333333,4.836666667,3.63,75.69,0.65,0.46,46.1,74.17,Barley
188,brown,5.35,59.367,1.074,0.23,2.013,11.528,7.65,7.773333333,10.98666667,9.726666667,9.03,25.14666667,28.24333333,23.80666667,3.413333333,6.96,9.98,5.703333333,1.17,2.243333333,7.52,2.88,81.06,0.69,53.45,6.48,75.83,Barley
189,red,5.8,153.15,10.739,0.2518,3.65,16.39,7.183333333,7.65,10.47666667,9.07,22.33,25.61666667,23.65,20.61666667,2.053333333,4.816666667,8.433333333,3.98,2.073333333,2.613333333,4.836666667,3.63,75.69,0.65,0.46,46.1,74.17,Barley
190,black,5.87,225.27,4.609,0.23,1.637,18.048,7.65,7.773333333,10.98666667,9.726666667,9.03,25.14666667,28.24333333,23.80666667,3.413333333,6.96,9.98,5.703333333,1.17,2.243333333,7.52,2.88,81.06,0.69,53.45,6.48,75.83,Barley
191,brown,5.75,125.693,3.646,0.1679,1.156,11.449,7.183333333,7.65,10.47666667,9.07,22.33,25.61666667,23.65,20.61666667,2.053333333,4.816666667,8.433333333,3.98,2.073333333,2.613333333,4.836666667,3.63,75.69,0.65,0.46,46.1,74.17,Barley
192,brown,6.4,1235.1,453.48,0.23,7.757,36.59,7.65,7.773333333,10.98666667,9.726666667,9.03,25.14666667,28.24333333,23.80666667,3.413333333,6.96,9.98,5.703333333,1.17,2.243333333,7.52,2.88,81.06,0.69,53.45,6.48,75.83,Barley
193,brown,5.9,94.022,6.366,0.23,0.604535,11.238,7.65,7.773333333,10.98666667,9.726666667,9.03,25.14666667,28.24333333,23.80666667,3.413333333,6.96,9.98,5.703333333,1.17,2.243333333,7.52,2.88,81.06,0.69,53.45,6.48,75.83,Barley
194,brown,5.25,157.397,2.327,0.23,2.335,14.07,7.65,7.773333333,10.98666667,9.726666667,9.03,25.14666667,28.24333333,23.80666667,3.413333333,6.96,9.98,5.703333333,1.17,2.243333333,7.52,2.88,81.06,0.69,53.45,6.48,75.83,Barley
195,brown,5.68,276.634,12.036,0.2518,2.627,22.331,7.183333333,7.65,10.47666667,9.07,22.33,25.61666667,23.65,20.61666667,2.053333333,4.816666667,8.433333333,3.98,2.073333333,2.613333333,4.836666667,3.63,75.69,0.65,0.46,46.1,74.17,Barley
196,red,6.05,199.565,8.243,0.2375,2.528,18.691,7.183333333,7.65,10.47666667,9.07,22.33,25.61666667,23.65,20.61666667,2.053333333,4.816666667,8.433333333,3.98,2.073333333,2.613333333,4.836666667,3.63,75.69,0.65,0.46,46.1,74.17,Barley
197,brown,5.92,383.306,42.895,0.23,2.321,13.209,7.65,7.773333333,10.98666667,9.726666667,9.03,25.14666667,28.24333333,23.80666667,3.413333333,6.96,9.98,5.703333333,1.17,2.243333333,7.52,2.88,81.06,0.69,53.45,6.48,75.83,Barley
198,brown,5.45,265.166,51.843,0.2518,5.666,22.895,7.183333333,7.65,10.47666667,9.07,22.33,25.61666667,23.65,20.61666667,2.053333333,4.816666667,8.433333333,3.98,2.073333333,2.613333333,4.836666667,3.63,75.69,0.65,0.46,46.1,74.17,Barley
199,brown,5.73,325.68,7.469,0.2375,4.72,24.413,7.183333333,7.65,10.47666667,9.07,22.33,25.61666667,23.65,20.61666667,2.053333333,4.816666667,8.433333333,3.98,2.073333333,2.613333333,4.836666667,3.63,75.69,0.65,0.46,46.1,74.17,Barley
200,black,5.63,182.313,7.166,0.2518,3.214,21.64,7.183333333,7.65,10.47666667,9.07,22.33,25.61666667,23.65,20.61666667,2.053333333,4.816666667,8.433333333,3.98,2.073333333,2.613333333,4.836666667,3.63,75.69,0.65,0.46,46.1,74.17,Barley
201,brown,6.49,118.401,4.467,0.23,1.782,15.982,7.65,7.773333333,10.98666667,9.726666667,9.03,25.14666667,28.24333333,23.80666667,3.413333333,6.96,9.98,5.703333333,1.17,2.243333333,7.52,2.88,81.06,0.69,53.45,6.48,75.83,Barley
202,brown,6.15,841.298,273.222,0.23,3.243,16.438,7.183333333,7.65,10.47666667,9.07,22.33,25.61666667,23.65,20.61666667,2.053333333,4.816666667,8.433333333,3.98,2.073333333,2.613333333,4.836666667,3.63,75.69,0.65,0.46,46.1,74.17,Barley
203,brown,5.7,184.737,9.861,0.2375,3.057,21.324,7.183333333,7.65,10.47666667,9.07,22.33,25.61666667,23.65,20.61666667,2.053333333,4.816666667,8.433333333,3.98,2.073333333,2.613333333,4.836666667,3.63,75.69,0.65,0.46,46.1,74.17,Barley
204,black,5.75,658.37,223.348,0.2518,5.93,25.92,7.183333333,7.65,10.47666667,9.07,22.33,25.61666667,23.65,20.61666667,2.053333333,4.816666667,8.433333333,3.98,2.073333333,2.613333333,4.836666667,3.63,75.69,0.65,0.46,46.1,74.17,Barley
205,black,5.75,241.936,9.547,0.2518,2.082,22.557,7.183333333,7.65,10.47666667,9.07,22.33,25.61666667,23.65,20.61666667,2.053333333,4.816666667,8.433333333,3.98,2.073333333,2.613333333,4.836666667,3.63,75.69,0.65,0.46,46.1,74.17,Barley
206,gray,5.34,105.739,1.281,0.23,2.556,11.36,7.183333333,7.65,10.47666667,9.07,22.33,25.61666667,23.65,20.61666667,2.053333333,4.816666667,8.433333333,3.98,2.073333333,2.613333333,4.836666667,3.63,75.69,0.65,0.46,46.1,74.17,Barley
207,red,5.7,820.0,7.0,0.3215,2.7,15.0,9.723333333,10.70333333,13.77333333,12.65666667,28.04,32.58,25.64333333,25.47333333,8.783333333,12.89,14.08666667,11.01,2.78,5.403333333,19.36333333,6.98,343.44,0.73,59.11,5.19,82.6,Barley
208,brown,5.3,125.0,8.0,0.2279,0.9,23.0,8.506666667,9.34,12.16666667,10.92666667,25.34333333,28.87,23.33666667,22.28,6.053333333,9.353333333,10.93333333,8.29,1.736666667,5.203333333,17.81666667,5.823333333,36.06,0.77,59.11,5.41,77.29,Barley
209,black,5.3,92.0,7.0,0.2279,1.2,22.0,8.506666667,9.34,12.16666667,10.92666667,25.34333333,28.87,23.33666667,22.28,6.053333333,9.353333333,10.93333333,8.29,1.736666667,5.203333333,17.81666667,5.823333333,36.06,0.77,59.11,5.41,77.29,Barley
210,brown,5.3,74.0,7.0,0.2279,1.2,19.0,8.506666667,9.34,12.16666667,10.92666667,25.34333333,28.87,23.33666667,22.28,6.053333333,9.353333333,10.93333333,8.29,1.736666667,5.203333333,17.81666667,5.823333333,36.06,0.77,59.11,5.41,77.29,Barley
211,brown,5.3,101.0,4.0,0.2279,0.9,8.0,8.506666667,9.34,12.16666667,10.92666667,25.34333333,28.87,23.33666667,22.28,6.053333333,9.353333333,10.93333333,8.29,1.736666667,5.203333333,17.81666667,5.823333333,36.06,0.77,59.11,5.41,77.29,Barley
212,brown,5.3,570.0,27.0,0.2279,2.3,13.0,8.506666667,9.34,12.16666667,10.92666667,25.34333333,28.87,23.33666667,22.28,6.053333333,9.353333333,10.93333333,8.29,1.736666667,5.203333333,17.81666667,5.823333333,36.06,0.77,59.11,5.41,77.29,Barley
213,brown,5.3,114.0,8.0,0.2279,1.2,18.0,8.506666667,9.34,12.16666667,10.92666667,25.34333333,28.87,23.33666667,22.28,6.053333333,9.353333333,10.93333333,8.29,1.736666667,5.203333333,17.81666667,5.823333333,36.06,0.77,59.11,5.41,77.29,Barley
214,reddish brown,5.4,211.0,2.0,0.1333,1.4,9.0,8.506666667,9.34,12.16666667,10.92666667,25.34333333,28.87,23.33666667,22.28,6.053333333,9.353333333,10.93333333,8.29,1.736666667,5.203333333,17.81666667,5.823333333,36.06,0.77,59.11,5.41,77.29,Barley
215,brown,5.4,231.0,4.0,0.1333,1.0,16.0,8.506666667,9.34,12.16666667,10.92666667,25.34333333,28.87,23.33666667,22.28,6.053333333,9.353333333,10.93333333,8.29,1.736666667,5.203333333,17.81666667,5.823333333,36.06,0.77,59.11,5.41,77.29,Barley
216,red,5.4,237.0,2.0,0.1333,1.1,7.0,8.506666667,9.34,12.16666667,10.92666667,25.34333333,28.87,23.33666667,22.28,6.053333333,9.353333333,10.93333333,8.29,1.736666667,5.203333333,17.81666667,5.823333333,36.06,0.77,59.11,5.41,77.29,Barley
217,brown,6.4,251.0,2.0,0.1209,1.8,10.0,8.506666667,9.34,12.16666667,10.92666667,25.34333333,28.87,23.33666667,22.28,6.053333333,9.353333333,10.93333333,8.29,1.736666667,5.203333333,17.81666667,5.823333333,36.06,0.77,59.11,5.41,77.29,Barley
218,other,6.4,263.0,2.0,0.1209,1.4,11.0,8.506666667,9.34,12.16666667,10.92666667,25.34333333,28.87,23.33666667,22.28,6.053333333,9.353333333,10.93333333,8.29,1.736666667,5.203333333,17.81666667,5.823333333,36.06,0.77,59.11,5.41,77.29,Barley
219,red,5.4,135.0,16.0,0.2255,0.9,6.0,8.506666667,9.34,12.16666667,10.92666667,25.34333333,28.87,23.33666667,22.28,6.053333333,9.353333333,10.93333333,8.29,1.736666667,5.203333333,17.81666667,5.823333333,36.06,0.77,59.11,5.41,77.29,Barley
220,brown,5.8,172.0,2.0,0.250293402,1.4,8.0,8.91,9.48,12.24666667,11.10666667,25.20666667,29.71333333,23.59,22.8,5.76,9.296666667,11.20666667,8.26,2.293333333,4.61,17.44666667,5.803333333,68.94,0.73,59.11,5.44,78.25,Barley
221,red,5.3,584.0,3.0,0.3087,2.1,13.0,8.91,9.48,12.24666667,11.10666667,25.20666667,29.71333333,23.59,22.8,5.76,9.296666667,11.20666667,8.26,2.293333333,4.61,17.44666667,5.803333333,68.94,0.73,59.11,5.44,78.25,Barley
222,brown,5.3,111.0,3.0,0.2279,0.7,12.0,8.91,9.48,12.24666667,11.10666667,25.20666667,29.71333333,23.59,22.8,5.76,9.296666667,11.20666667,8.26,2.293333333,4.61,17.44666667,5.803333333,68.94,0.73,59.11,5.44,78.25,Barley
223,brown,5.3,80.0,9.0,0.2279,0.7,21.0,8.506666667,9.34,12.16666667,10.92666667,25.34333333,28.87,23.33666667,22.28,6.053333333,9.353333333,10.93333333,8.29,1.736666667,5.203333333,17.81666667,5.823333333,36.06,0.77,59.11,5.41,77.29,Barley
224,brown,5.3,126.0,3.0,0.2279,0.9,11.0,8.506666667,9.34,12.16666667,10.92666667,25.34333333,28.87,23.33666667,22.28,6.053333333,9.353333333,10.93333333,8.29,1.736666667,5.203333333,17.81666667,5.823333333,36.06,0.77,59.11,5.41,77.29,Barley
225,brown,5.3,202.0,3.0,0.2279,0.7,10.0,8.506666667,9.34,12.16666667,10.92666667,25.34333333,28.87,23.33666667,22.28,6.053333333,9.353333333,10.93333333,8.29,1.736666667,5.203333333,17.81666667,5.823333333,36.06,0.77,59.11,5.41,77.29,Barley
226,brown,5.3,238.0,8.0,0.2279,0.9,15.0,8.506666667,9.34,12.16666667,10.92666667,25.34333333,28.87,23.33666667,22.28,6.053333333,9.353333333,10.93333333,8.29,1.736666667,5.203333333,17.81666667,5.823333333,36.06,0.77,59.11,5.41,77.29,Barley
227,brown,5.3,147.0,2.0,0.2279,1.0,9.0,8.506666667,9.34,12.16666667,10.92666667,25.34333333,28.87,23.33666667,22.28,6.053333333,9.353333333,10.93333333,8.29,1.736666667,5.203333333,17.81666667,5.823333333,36.06,0.77,59.11,5.41,77.29,Barley
228,brown,6.0,83.0,7.0,0.0969,0.8,6.0,8.506666667,9.34,12.16666667,10.92666667,25.34333333,28.87,23.33666667,22.28,6.053333333,9.353333333,10.93333333,8.29,1.736666667,5.203333333,17.81666667,5.823333333,36.06,0.77,59.11,5.41,77.29,Barley
229,black,6.4,215.0,1.0,0.1209,1.0,8.0,8.506666667,9.34,12.16666667,10.92666667,25.34333333,28.87,23.33666667,22.28,6.053333333,9.353333333,10.93333333,8.29,1.736666667,5.203333333,17.81666667,5.823333333,36.06,0.77,59.11,5.41,77.29,Barley
230,red,6.1,172.0,6.0,0.253708879,0.6,19.0,8.91,9.48,12.24666667,11.10666667,25.20666667,29.71333333,23.59,22.8,5.76,9.296666667,11.20666667,8.26,2.293333333,4.61,17.44666667,5.803333333,68.94,0.73,59.11,5.44,78.25,Barley
231,black,6.1,328.0,23.0,0.253708879,2.1,7.0,8.91,9.48,12.24666667,11.10666667,25.20666667,29.71333333,23.59,22.8,5.76,9.296666667,11.20666667,8.26,2.293333333,4.61,17.44666667,5.803333333,68.94,0.73,59.11,5.44,78.25,Barley
232,brown,5.45,701.0,12.1,0.31,3.24,20.6,7.933333333,8.403333333,11.41333333,10.15,24.85,28.5,23.53333333,21.64666667,6.253333333,9.81,10.58666667,8.38,1.763333333,3.246666667,13.01333333,3.463333333,88.38,0.74,59.11,6.26,76.54,Barley
233,red,5.1,448.0,8.0,0.19890058,2.3,22.0,8.91,9.48,12.24666667,11.10666667,25.20666667,29.71333333,23.59,22.8,5.76,9.296666667,11.20666667,8.26,2.293333333,4.61,17.44666667,5.803333333,68.94,0.73,59.11,5.44,78.25,Barley
234,brown,5.2,403.0,3.0,0.183923547,1.8,17.0,8.91,9.48,12.24666667,11.10666667,25.20666667,29.71333333,23.59,22.8,5.76,9.296666667,11.20666667,8.26,2.293333333,4.61,17.44666667,5.803333333,68.94,0.73,59.11,5.44,78.25,Barley
235,gray,5.7,134.6,11.48,0.164829547,0.93,9.18,9.723333333,10.70333333,13.77333333,12.65666667,28.04,32.58,25.64333333,25.47333333,8.783333333,12.89,14.08666667,11.01,2.78,5.403333333,19.36333333,6.98,343.44,0.73,59.11,5.19,82.6,Barley
236,red,5.7,117.0,9.0,0.164829547,0.8,20.0,8.91,9.48,12.24666667,11.10666667,25.20666667,29.71333333,23.59,22.8,5.76,9.296666667,11.20666667,8.26,2.293333333,4.61,17.44666667,5.803333333,68.94,0.73,59.11,5.44,78.25,Barley
237,brown,5.4,100.79,2.8,0.1639,1.56,3.94,8.91,9.48,12.24666667,11.10666667,25.20666667,29.71333333,23.59,22.8,5.76,9.296666667,11.20666667,8.26,2.293333333,4.61,17.44666667,5.803333333,68.94,0.73,59.11,5.44,78.25,Barley
238,black,6.2,291.0,4.0,0.18,2.5,23.0,7.933333333,8.403333333,11.41333333,10.15,24.85,28.5,23.53333333,21.64666667,6.253333333,9.81,10.58666667,8.38,1.763333333,3.246666667,13.01333333,3.463333333,88.38,0.74,59.11,6.26,76.54,Barley
239,brown,5.8,84.1,4.45,0.278033635,0.94,7.37,8.91,9.48,12.24666667,11.10666667,25.20666667,29.71333333,23.59,22.8,5.76,9.296666667,11.20666667,8.26,2.293333333,4.61,17.44666667,5.803333333,68.94,0.73,59.11,5.44,78.25,Barley
240,red,5.4,203.0,1.0,0.1639,0.8,10.0,8.91,9.48,12.24666667,11.10666667,25.20666667,29.71333333,23.59,22.8,5.76,9.296666667,11.20666667,8.26,2.293333333,4.61,17.44666667,5.803333333,68.94,0.73,59.11,5.44,78.25,Barley
241,brown,6.2,217.0,2.0,0.18,1.4,11.0,7.933333333,8.403333333,11.41333333,10.15,24.85,28.5,23.53333333,21.64666667,6.253333333,9.81,10.58666667,8.38,1.763333333,3.246666667,13.01333333,3.463333333,88.38,0.74,59.11,6.26,76.54,Barley
242,other,5.8,687.74,2.67,0.009379812,2.43,11.73,8.91,9.48,12.24666667,11.10666667,25.20666667,29.71333333,23.59,22.8,5.76,9.296666667,11.20666667,8.26,2.293333333,4.61,17.44666667,5.803333333,68.94,0.73,59.11,5.44,78.25,Barley
243,gray,5.7,52.0,4.0,0.1638,0.6,19.0,8.91,9.48,12.24666667,11.10666667,25.20666667,29.71333333,23.59,22.8,5.76,9.296666667,11.20666667,8.26,2.293333333,4.61,17.44666667,5.803333333,68.94,0.73,59.11,5.44,78.25,Barley
244,brown,5.7,238.0,1.0,0.1638,1.2,14.0,8.91,9.48,12.24666667,11.10666667,25.20666667,29.71333333,23.59,22.8,5.76,9.296666667,11.20666667,8.26,2.293333333,4.61,17.44666667,5.803333333,68.94,0.73,59.11,5.44,78.25,Barley
245,brown,5.8,114.0,4.0,0.009379812,1.5,12.0,8.91,9.48,12.24666667,11.10666667,25.20666667,29.71333333,23.59,22.8,5.76,9.296666667,11.20666667,8.26,2.293333333,4.61,17.44666667,5.803333333,68.94,0.73,59.11,5.44,78.25,Barley
246,brown,6.0,133.0,18.0,0.118456249,1.0,17.0,8.91,9.48,12.24666667,11.10666667,25.20666667,29.71333333,23.59,22.8,5.76,9.296666667,11.20666667,8.26,2.293333333,4.61,17.44666667,5.803333333,68.94,0.73,59.11,5.44,78.25,Barley
247,gray,5.4,167.0,1.0,0.153057985,1.4,9.0,8.91,9.48,12.24666667,11.10666667,25.20666667,29.71333333,23.59,22.8,5.76,9.296666667,11.20666667,8.26,2.293333333,4.61,17.44666667,5.803333333,68.94,0.73,59.11,5.44,78.25,Barley
248,red,5.72,119.0,1.0,0.1639,0.6,17.0,8.91,9.48,12.24666667,11.10666667,25.20666667,29.71333333,23.59,22.8,5.76,9.296666667,11.20666667,8.26,2.293333333,4.61,17.44666667,5.803333333,68.94,0.73,59.11,5.44,78.25,Barley
249,red,5.6,159.04,2.08,0.1639,2.52,7.43,8.91,9.48,12.24666667,11.10666667,25.20666667,29.71333333,23.59,22.8,5.76,9.296666667,11.20666667,8.26,2.293333333,4.61,17.44666667,5.803333333,68.94,0.73,59.11,5.44,78.25,Barley
250,red,5.04,147.0,4.0,0.1639,2.8,11.0,8.91,9.48,12.24666667,11.10666667,25.20666667,29.71333333,23.59,22.8,5.76,9.296666667,11.20666667,8.26,2.293333333,4.61,17.44666667,5.803333333,68.94,0.73,59.11,5.44,78.25,Barley
251,red,5.69,150.0,1.0,0.1639,0.8,32.0,8.91,9.48,12.24666667,11.10666667,25.20666667,29.71333333,23.59,22.8,5.76,9.296666667,11.20666667,8.26,2.293333333,4.61,17.44666667,5.803333333,68.94,0.73,59.11,5.44,78.25,Barley
252,brown,5.69,266.0,2.0,0.1639,2.3,10.0,8.91,9.48,12.24666667,11.10666667,25.20666667,29.71333333,23.59,22.8,5.76,9.296666667,11.20666667,8.26,2.293333333,4.61,17.44666667,5.803333333,68.94,0.73,59.11,5.44,78.25,Barley
253,other,5.67,284.05,3.06,0.17,1.98,8.28,7.933333333,8.403333333,11.41333333,10.15,24.85,28.5,23.53333333,21.64666667,6.253333333,9.81,10.58666667,8.38,1.763333333,3.246666667,13.01333333,3.463333333,88.38,0.74,59.11,6.26,76.54,Barley
254,brown,5.69,187.0,2.0,0.1639,0.7,9.0,8.91,9.48,12.24666667,11.10666667,25.20666667,29.71333333,23.59,22.8,5.76,9.296666667,11.20666667,8.26,2.293333333,4.61,17.44666667,5.803333333,68.94,0.73,59.11,5.44,78.25,Barley
255,red,5.78,271.0,1.0,0.1639,1.2,11.0,8.91,9.48,12.24666667,11.10666667,25.20666667,29.71333333,23.59,22.8,5.76,9.296666667,11.20666667,8.26,2.293333333,4.61,17.44666667,5.803333333,68.94,0.73,59.11,5.44,78.25,Barley
256,other,5.67,208.0,2.0,0.17,0.9,9.0,8.91,9.48,12.24666667,11.10666667,25.20666667,29.71333333,23.59,22.8,5.76,9.296666667,11.20666667,8.26,2.293333333,4.61,17.44666667,5.803333333,68.94,0.73,59.11,5.44,78.25,Barley
257,brown,6.48,242.0,0.64,0.14,1.11,11.6,9.723333333,10.70333333,13.77333333,12.65666667,28.04,32.58,25.64333333,25.47333333,8.783333333,12.89,14.08666667,11.01,2.78,5.403333333,19.36333333,6.98,343.44,0.73,59.11,5.19,82.6,Barley
258,black,7.0,831.0,12.0,0.252362008,3.2,7.0,8.91,9.48,12.24666667,11.10666667,25.20666667,29.71333333,23.59,22.8,5.76,9.296666667,11.20666667,8.26,2.293333333,4.61,17.44666667,5.803333333,68.94,0.73,59.11,5.44,78.25,Barley
259,brown,5.51,246.0,3.0,0.1639,1.6,10.0,8.91,9.48,12.24666667,11.10666667,25.20666667,29.71333333,23.59,22.8,5.76,9.296666667,11.20666667,8.26,2.293333333,4.61,17.44666667,5.803333333,68.94,0.73,59.11,5.44,78.25,Barley
260,other,5.67,183.0,3.0,0.17,1.1,21.0,8.91,9.48,12.24666667,11.10666667,25.20666667,29.71333333,23.59,22.8,5.76,9.296666667,11.20666667,8.26,2.293333333,4.61,17.44666667,5.803333333,68.94,0.73,59.11,5.44,78.25,Barley
261,black,7.0,312.09,13.78,0.252362008,2.21,2.63,8.91,9.48,12.24666667,11.10666667,25.20666667,29.71333333,23.59,22.8,5.76,9.296666667,11.20666667,8.26,2.293333333,4.61,17.44666667,5.803333333,68.94,0.73,59.11,5.44,78.25,Barley
262,red,5.7,628.0,4.0,0.252834987,2.6,15.0,8.91,9.48,12.24666667,11.10666667,25.20666667,29.71333333,23.59,22.8,5.76,9.296666667,11.20666667,8.26,2.293333333,4.61,17.44666667,5.803333333,68.94,0.73,59.11,5.44,78.25,Barley
263,gray,5.37,222.0,3.0,0.1639,1.9,10.0,8.91,9.48,12.24666667,11.10666667,25.20666667,29.71333333,23.59,22.8,5.76,9.296666667,11.20666667,8.26,2.293333333,4.61,17.44666667,5.803333333,68.94,0.73,59.11,5.44,78.25,Barley
264,red,5.67,167.04,3.38,0.17,2.76,10.17,8.91,9.48,12.24666667,11.10666667,25.20666667,29.71333333,23.59,22.8,5.76,9.296666667,11.20666667,8.26,2.293333333,4.61,17.44666667,5.803333333,68.94,0.73,59.11,5.44,78.25,Barley
265,red,5.0,417.13,2.67,0.254730978,1.93,12.14,8.91,9.48,12.24666667,11.10666667,25.20666667,29.71333333,23.59,22.8,5.76,9.296666667,11.20666667,8.26,2.293333333,4.61,17.44666667,5.803333333,68.94,0.73,59.11,5.44,78.25,Barley
266,gray,5.37,168.49,2.69,0.1639,1.9,5.78,8.91,9.48,12.24666667,11.10666667,25.20666667,29.71333333,23.59,22.8,5.76,9.296666667,11.20666667,8.26,2.293333333,4.61,17.44666667,5.803333333,68.94,0.73,59.11,5.44,78.25,Barley
267,black,5.67,437.0,7.0,0.17,2.8,10.0,8.91,9.48,12.24666667,11.10666667,25.20666667,29.71333333,23.59,22.8,5.76,9.296666667,11.20666667,8.26,2.293333333,4.61,17.44666667,5.803333333,68.94,0.73,59.11,5.44,78.25,Barley
268,brown,5.2,167.76,3.0,0.000261711,2.2,8.4,8.91,9.48,12.24666667,11.10666667,25.20666667,29.71333333,23.59,22.8,5.76,9.296666667,11.20666667,8.26,2.293333333,4.61,17.44666667,5.803333333,68.94,0.73,59.11,5.44,78.25,Barley
269,brown,5.67,82.33,3.11,0.17,1.86,19.91,8.91,9.48,12.24666667,11.10666667,25.20666667,29.71333333,23.59,22.8,5.76,9.296666667,11.20666667,8.26,2.293333333,4.61,17.44666667,5.803333333,68.94,0.73,59.11,5.44,78.25,Barley
270,brown,5.67,296.0,6.0,0.17,1.2,11.0,8.91,9.48,12.24666667,11.10666667,25.20666667,29.71333333,23.59,22.8,5.76,9.296666667,11.20666667,8.26,2.293333333,4.61,17.44666667,5.803333333,68.94,0.73,59.11,5.44,78.25,Barley
271,black,5.2,144.0,8.0,0.000261711,3.8,13.0,8.91,9.48,12.24666667,11.10666667,25.20666667,29.71333333,23.59,22.8,5.76,9.296666667,11.20666667,8.26,2.293333333,4.61,17.44666667,5.803333333,68.94,0.73,59.11,5.44,78.25,Barley
272,brown,5.67,105.0,6.0,0.17,1.8,17.0,8.91,9.48,12.24666667,11.10666667,25.20666667,29.71333333,23.59,22.8,5.76,9.296666667,11.20666667,8.26,2.293333333,4.61,17.44666667,5.803333333,68.94,0.73,59.11,5.44,78.25,Barley
273,brown,5.2,185.0,2.0,0.000261711,2.1,10.0,8.91,9.48,12.24666667,11.10666667,25.20666667,29.71333333,23.59,22.8,5.76,9.296666667,11.20666667,8.26,2.293333333,4.61,17.44666667,5.803333333,68.94,0.73,59.11,5.44,78.25,Barley
274,black,5.67,135.0,8.0,0.17,1.8,15.0,8.91,9.48,12.24666667,11.10666667,25.20666667,29.71333333,23.59,22.8,5.76,9.296666667,11.20666667,8.26,2.293333333,4.61,17.44666667,5.803333333,68.94,0.73,59.11,5.44,78.25,Barley
275,red,6.0,590.0,104.0,0.189,3.5,8.0,9.256666667,9.886666667,13.57,12.14666667,29.72333333,33.97333333,27.76666667,26.52,9.426666667,14.21333333,14.34666667,12.08666667,1.986666667,4.086666667,11.86666667,4.486666667,15.62,0.55,4.86,4.86,83.76,Barley
276,reddish brown,5.84,86.0,9.36,0.18,1.02,10.1,9.256666667,9.886666667,13.57,12.14666667,29.72333333,33.97333333,27.76666667,26.52,9.426666667,14.21333333,14.34666667,12.08666667,1.986666667,4.086666667,11.86666667,4.486666667,15.62,0.55,4.86,4.86,83.76,Barley
277,brown,5.6,435.0,2.0,0.131,1.6,13.0,8.016666667,8.503333333,12.59333333,10.98666667,30.62333333,33.21666667,27.53333333,26.29,8.883333333,12.68666667,13.17,10.74666667,0.75,2.37,8.35,2.156666667,67.12,0.62,57.49,5.56,81.4,Barley
278,reddish brown,5.38,413.0,3.39,0.23,1.3,15.3,9.256666667,9.886666667,13.57,12.14666667,29.72333333,33.97333333,27.76666667,26.52,9.426666667,14.21333333,14.34666667,12.08666667,1.986666667,4.086666667,11.86666667,4.486666667,15.62,0.55,4.86,4.86,83.76,Barley
279,red,5.1,539.0,2.63,0.17,1.34,29.7,8.91,9.48,12.24666667,11.10666667,25.20666667,29.71333333,23.59,22.8,5.76,9.296666667,11.20666667,8.26,2.293333333,4.61,17.44666667,5.803333333,68.94,0.73,59.11,5.44,78.25,Barley
280,black,6.5,418.0,5.0,0.1419,1.1,6.0,7.933333333,8.403333333,11.41333333,10.15,24.85,28.5,23.53333333,21.64666667,6.253333333,9.81,10.58666667,8.38,1.763333333,3.246666667,13.01333333,3.463333333,88.38,0.74,59.11,6.26,76.54,Barley
281,reddish brown,4.99,220.0,1.23,0.18,0.8,20.1,8.91,9.48,12.24666667,11.10666667,25.20666667,29.71333333,23.59,22.8,5.76,9.296666667,11.20666667,8.26,2.293333333,4.61,17.44666667,5.803333333,68.94,0.73,59.11,5.44,78.25,Barley
282,red,4.77,306.0,5.6,0.22,1.61,21.4,8.91,9.48,12.24666667,11.10666667,25.20666667,29.71333333,23.59,22.8,5.76,9.296666667,11.20666667,8.26,2.293333333,4.61,17.44666667,5.803333333,68.94,0.73,59.11,5.44,78.25,Barley
283,black,6.33,444.0,10.9,0.16,1.36,9.41,7.933333333,8.403333333,11.41333333,10.15,24.85,28.5,23.53333333,21.64666667,6.253333333,9.81,10.58666667,8.38,1.763333333,3.246666667,13.01333333,3.463333333,88.38,0.74,59.11,6.26,76.54,Barley
284,reddish brown,4.87,410.0,1.61,0.2,1.01,23.8,8.91,9.48,12.24666667,11.10666667,25.20666667,29.71333333,23.59,22.8,5.76,9.296666667,11.20666667,8.26,2.293333333,4.61,17.44666667,5.803333333,68.94,0.73,59.11,5.44,78.25,Barley
285,black,7.3,403.0,4.0,0.0437,0.9,5.0,7.933333333,8.403333333,11.41333333,10.15,24.85,28.5,23.53333333,21.64666667,6.253333333,9.81,10.58666667,8.38,1.763333333,3.246666667,13.01333333,3.463333333,88.38,0.74,59.11,6.26,76.54,Barley
286,black,7.93,514.0,39.1,0.15,1.28,14.8,7.933333333,8.403333333,11.41333333,10.15,24.85,28.5,23.53333333,21.64666667,6.253333333,9.81,10.58666667,8.38,1.763333333,3.246666667,13.01333333,3.463333333,88.38,0.74,59.11,6.26,76.54,Barley
287,red,5.1,196.0,3.0,0.2102,0.7,17.0,8.91,9.48,12.24666667,11.10666667,25.20666667,29.71333333,23.59,22.8,5.76,9.296666667,11.20666667,8.26,2.293333333,4.61,17.44666667,5.803333333,68.94,0.73,59.11,5.44,78.25,Barley
288,brown,5.7,391.0,3.0,0.1198,1.4,6.0,8.91,9.48,12.24666667,11.10666667,25.20666667,29.71333333,23.59,22.8,5.76,9.296666667,11.20666667,8.26,2.293333333,4.61,17.44666667,5.803333333,68.94,0.73,59.11,5.44,78.25,Barley
289,dark brown,5.22,188.0,0.84,0.19,1.04,13.4,8.91,9.48,12.24666667,11.10666667,25.20666667,29.71333333,23.59,22.8,5.76,9.296666667,11.20666667,8.26,2.293333333,4.61,17.44666667,5.803333333,68.94,0.73,59.11,5.44,78.25,Barley
290,reddish brown,5.24,109.0,0.92,0.14,0.8,18.3,8.91,9.48,12.24666667,11.10666667,25.20666667,29.71333333,23.59,22.8,5.76,9.296666667,11.20666667,8.26,2.293333333,4.61,17.44666667,5.803333333,68.94,0.73,59.11,5.44,78.25,Barley
291,black,8.5,429.0,3.0,0.0535,1.2,11.0,7.933333333,8.403333333,11.41333333,10.15,24.85,28.5,23.53333333,21.64666667,6.253333333,9.81,10.58666667,8.38,1.763333333,3.246666667,13.01333333,3.463333333,88.38,0.74,59.11,6.26,76.54,Barley
292,reddish brown,5.23,299.0,1.45,0.17,0.82,13.8,8.91,9.48,12.24666667,11.10666667,25.20666667,29.71333333,23.59,22.8,5.76,9.296666667,11.20666667,8.26,2.293333333,4.61,17.44666667,5.803333333,68.94,0.73,59.11,5.44,78.25,Barley
293,very dark brown,6.24,186.0,2.75,0.17,0.74,6.93,7.933333333,8.403333333,11.41333333,10.15,24.85,28.5,23.53333333,21.64666667,6.253333333,9.81,10.58666667,8.38,1.763333333,3.246666667,13.01333333,3.463333333,88.38,0.74,59.11,6.26,76.54,Barley
294,brown,7.2,425.0,22.0,0.1606,2.0,5.0,7.933333333,8.403333333,11.41333333,10.15,24.85,28.5,23.53333333,21.64666667,6.253333333,9.81,10.58666667,8.38,1.763333333,3.246666667,13.01333333,3.463333333,88.38,0.74,59.11,6.26,76.54,Barley
295,red,6.2,196.0,2.0,0.18,1.0,11.0,8.91,9.48,12.24666667,11.10666667,25.20666667,29.71333333,23.59,22.8,5.76,9.296666667,11.20666667,8.26,2.293333333,4.61,17.44666667,5.803333333,68.94,0.73,59.11,5.44,78.25,Barley
296,red,5.4,282.0,1.0,0.1639,0.9,17.0,8.91,9.48,12.24666667,11.10666667,25.20666667,29.71333333,23.59,22.8,5.76,9.296666667,11.20666667,8.26,2.293333333,4.61,17.44666667,5.803333333,68.94,0.73,59.11,5.44,78.25,Barley
297,red,6.2,285.0,2.0,0.18,0.7,10.0,8.91,9.48,12.24666667,11.10666667,25.20666667,29.71333333,23.59,22.8,5.76,9.296666667,11.20666667,8.26,2.293333333,4.61,17.44666667,5.803333333,68.94,0.73,59.11,5.44,78.25,Barley
298,brown,5.47,612.0,7.0,0.18,2.1,10.0,8.91,9.48,12.24666667,11.10666667,25.20666667,29.71333333,23.59,22.8,5.76,9.296666667,11.20666667,8.26,2.293333333,4.61,17.44666667,5.803333333,68.94,0.73,59.11,5.44,78.25,Barley
299,red,4.8,163.0,2.0,0.1831,0.7,20.0,8.91,9.48,12.24666667,11.10666667,25.20666667,29.71333333,23.59,22.8,5.76,9.296666667,11.20666667,8.26,2.293333333,4.61,17.44666667,5.803333333,68.94,0.73,59.11,5.44,78.25,Barley
300,black,7.3,495.0,5.0,0.1054,2.1,9.0,9.723333333,10.70333333,13.77333333,12.65666667,28.04,32.58,25.64333333,25.47333333,8.783333333,12.89,14.08666667,11.01,2.78,5.403333333,19.36333333,6.98,343.44,0.73,59.11,5.19,82.6,Barley
301,red,5.2,156.0,2.0,0.187,1.6,14.0,8.91,9.48,12.24666667,11.10666667,25.20666667,29.71333333,23.59,22.8,5.76,9.296666667,11.20666667,8.26,2.293333333,4.61,17.44666667,5.803333333,68.94,0.73,59.11,5.44,78.25,Barley
302,red,5.1,92.0,1.0,0.1291,0.7,22.0,8.91,9.48,12.24666667,11.10666667,25.20666667,29.71333333,23.59,22.8,5.76,9.296666667,11.20666667,8.26,2.293333333,4.61,17.44666667,5.803333333,68.94,0.73,59.11,5.44,78.25,Barley
303,red,5.67,138.83,6.67,0.17,1.45,8.36,8.91,9.48,12.24666667,11.10666667,25.20666667,29.71333333,23.59,22.8,5.76,9.296666667,11.20666667,8.26,2.293333333,4.61,17.44666667,5.803333333,68.94,0.73,59.11,5.44,78.25,Barley
304,brown,6.4,1012.0,462.0,0.3315,9.6,15.0,7.933333333,8.403333333,11.41333333,10.15,24.85,28.5,23.53333333,21.64666667,6.253333333,9.81,10.58666667,8.38,1.763333333,3.246666667,13.01333333,3.463333333,88.38,0.74,59.11,6.26,76.54,Barley
305,brown,5.78,565.0,124.0,0.1639,4.0,8.0,8.91,9.48,12.24666667,11.10666667,25.20666667,29.71333333,23.59,22.8,5.76,9.296666667,11.20666667,8.26,2.293333333,4.61,17.44666667,5.803333333,68.94,0.73,59.11,5.44,78.25,Barley
306,other,5.78,210.0,3.0,0.1639,1.3,13.0,7.933333333,8.403333333,11.41333333,10.15,24.85,28.5,23.53333333,21.64666667,6.253333333,9.81,10.58666667,8.38,1.763333333,3.246666667,13.01333333,3.463333333,88.38,0.74,59.11,6.26,76.54,Barley
307,black,7.0,488.0,9.0,0.1727,1.5,9.0,7.933333333,8.403333333,11.41333333,10.15,24.85,28.5,23.53333333,21.64666667,6.253333333,9.81,10.58666667,8.38,1.763333333,3.246666667,13.01333333,3.463333333,88.38,0.74,59.11,6.26,76.54,Barley
308,red,5.04,343.0,5.0,0.1639,1.7,17.0,9.723333333,10.70333333,13.77333333,12.65666667,28.04,32.58,25.64333333,25.47333333,8.783333333,12.89,14.08666667,11.01,2.78,5.403333333,19.36333333,6.98,343.44,0.73,59.11,5.19,82.6,Barley
309,red,5.69,76.34,2.62,0.1639,1.28,18.29,8.91,9.48,12.24666667,11.10666667,25.20666667,29.71333333,23.59,22.8,5.76,9.296666667,11.20666667,8.26,2.293333333,4.61,17.44666667,5.803333333,68.94,0.73,59.11,5.44,78.25,Barley
310,brown,5.67,141.0,2.0,0.17,1.4,11.0,8.91,9.48,12.24666667,11.10666667,25.20666667,29.71333333,23.59,22.8,5.76,9.296666667,11.20666667,8.26,2.293333333,4.61,17.44666667,5.803333333,68.94,0.73,59.11,5.44,78.25,Barley
311,brown,5.67,306.0,2.0,0.17,1.5,7.0,7.933333333,8.403333333,11.41333333,10.15,24.85,28.5,23.53333333,21.64666667,6.253333333,9.81,10.58666667,8.38,1.763333333,3.246666667,13.01333333,3.463333333,88.38,0.74,59.11,6.26,76.54,Barley
312,red,5.04,167.0,2.0,0.1639,1.1,21.0,9.723333333,10.70333333,13.77333333,12.65666667,28.04,32.58,25.64333333,25.47333333,8.783333333,12.89,14.08666667,11.01,2.78,5.403333333,19.36333333,6.98,343.44,0.73,59.11,5.19,82.6,Barley
313,brown,8.1,433.0,2.0,0.0861,0.9,6.0,9.723333333,10.70333333,13.77333333,12.65666667,28.04,32.58,25.64333333,25.47333333,8.783333333,12.89,14.08666667,11.01,2.78,5.403333333,19.36333333,6.98,343.44,0.73,59.11,5.19,82.6,Barley
314,black,5.67,212.0,3.0,0.17,1.7,8.0,8.91,9.48,12.24666667,11.10666667,25.20666667,29.71333333,23.59,22.8,5.76,9.296666667,11.20666667,8.26,2.293333333,4.61,17.44666667,5.803333333,68.94,0.73,59.11,5.44,78.25,Barley
315,black,5.67,250.0,4.0,0.17,1.2,7.0,8.91,9.48,12.24666667,11.10666667,25.20666667,29.71333333,23.59,22.8,5.76,9.296666667,11.20666667,8.26,2.293333333,4.61,17.44666667,5.803333333,68.94,0.73,59.11,5.44,78.25,Barley
316,brown,5.67,396.0,7.0,0.17,1.9,11.0,8.91,9.48,12.24666667,11.10666667,25.20666667,29.71333333,23.59,22.8,5.76,9.296666667,11.20666667,8.26,2.293333333,4.61,17.44666667,5.803333333,68.94,0.73,59.11,5.44,78.25,Barley
317,brown,6.3,133.0,5.0,0.1166,1.0,4.0,7.933333333,8.403333333,11.41333333,10.15,24.85,28.5,23.53333333,21.64666667,6.253333333,9.81,10.58666667,8.38,1.763333333,3.246666667,13.01333333,3.463333333,88.38,0.74,59.11,6.26,76.54,Barley
318,black,5.3,282.0,1.9,0.254950956,1.5,2.6,9.723333333,10.70333333,13.77333333,12.65666667,28.04,32.58,25.64333333,25.47333333,8.783333333,12.89,14.08666667,11.01,2.78,5.403333333,19.36333333,6.98,343.44,0.73,59.11,5.19,82.6,Barley
319,very dark brown,6.98,401.0,95.7,0.09,1.68,8.72,7.933333333,8.403333333,11.41333333,10.15,24.85,28.5,23.53333333,21.64666667,6.253333333,9.81,10.58666667,8.38,1.763333333,3.246666667,13.01333333,3.463333333,88.38,0.74,59.11,6.26,76.54,Barley
320,brown,5.4,205.0,7.0,0.4379,1.8,14.0,8.91,9.48,12.24666667,11.10666667,25.20666667,29.71333333,23.59,22.8,5.76,9.296666667,11.20666667,8.26,2.293333333,4.61,17.44666667,5.803333333,68.94,0.73,59.11,5.44,78.25,Barley
321,brown,5.6,225.0,3.0,0.250347819,1.0,18.0,8.91,9.48,12.24666667,11.10666667,25.20666667,29.71333333,23.59,22.8,5.76,9.296666667,11.20666667,8.26,2.293333333,4.61,17.44666667,5.803333333,68.94,0.73,59.11,5.44,78.25,Barley
322,red,5.2,283.0,2.0,0.000261711,0.6,16.0,8.91,9.48,12.24666667,11.10666667,25.20666667,29.71333333,23.59,22.8,5.76,9.296666667,11.20666667,8.26,2.293333333,4.61,17.44666667,5.803333333,68.94,0.73,59.11,5.44,78.25,Barley
323,black,5.67,157.0,8.0,0.17,2.0,16.0,8.91,9.48,12.24666667,11.10666667,25.20666667,29.71333333,23.59,22.8,5.76,9.296666667,11.20666667,8.26,2.293333333,4.61,17.44666667,5.803333333,68.94,0.73,59.11,5.44,78.25,Barley
324,black,5.67,209.0,12.0,0.17,2.2,18.0,8.91,9.48,12.24666667,11.10666667,25.20666667,29.71333333,23.59,22.8,5.76,9.296666667,11.20666667,8.26,2.293333333,4.61,17.44666667,5.803333333,68.94,0.73,59.11,5.44,78.25,Barley
325,red,5.6,151.0,3.0,0.0982,1.6,9.0,8.91,9.48,12.24666667,11.10666667,25.20666667,29.71333333,23.59,22.8,5.76,9.296666667,11.20666667,8.26,2.293333333,4.61,17.44666667,5.803333333,68.94,0.73,59.11,5.44,78.25,Barley
326,other,6.0,281.0,2.0,0.0969,2.1,5.0,8.91,9.48,12.24666667,11.10666667,25.20666667,29.71333333,23.59,22.8,5.76,9.296666667,11.20666667,8.26,2.293333333,4.61,17.44666667,5.803333333,68.94,0.73,59.11,5.44,78.25,Barley
327,brown,6.5,168.0,2.0,0.1193,1.0,4.0,7.933333333,8.403333333,11.41333333,10.15,24.85,28.5,23.53333333,21.64666667,6.253333333,9.81,10.58666667,8.38,1.763333333,3.246666667,13.01333333,3.463333333,88.38,0.74,59.11,6.26,76.54,Barley
328,black,5.8,221.0,4.0,0.2267,1.3,6.0,7.933333333,8.403333333,11.41333333,10.15,24.85,28.5,23.53333333,21.64666667,6.253333333,9.81,10.58666667,8.38,1.763333333,3.246666667,13.01333333,3.463333333,88.38,0.74,59.11,6.26,76.54,Barley
329,brown,6.47,286.0,5.04,0.12,2.04,14.8,7.933333333,8.403333333,11.41333333,10.15,24.85,28.5,23.53333333,21.64666667,6.253333333,9.81,10.58666667,8.38,1.763333333,3.246666667,13.01333333,3.463333333,88.38,0.74,59.11,6.26,76.54,Barley
330,dark reddish brown,6.3,134.0,2.2,0.2,1.48,8.66,7.933333333,8.403333333,11.41333333,10.15,24.85,28.5,23.53333333,21.64666667,6.253333333,9.81,10.58666667,8.38,1.763333333,3.246666667,13.01333333,3.463333333,88.38,0.74,59.11,6.26,76.54,Barley
331,brown,6.4,162.0,3.0,0.1371,1.0,4.0,7.933333333,8.403333333,11.41333333,10.15,24.85,28.5,23.53333333,21.64666667,6.253333333,9.81,10.58666667,8.38,1.763333333,3.246666667,13.01333333,3.463333333,88.38,0.74,59.11,6.26,76.54,Barley
332,red,5.4,99.0,5.0,0.1255,1.1,11.0,8.91,9.48,12.24666667,11.10666667,25.20666667,29.71333333,23.59,22.8,5.76,9.296666667,11.20666667,8.26,2.293333333,4.61,17.44666667,5.803333333,68.94,0.73,59.11,5.44,78.25,Barley
333,black,5.3,187.0,7.0,0.5813,0.7,12.0,8.91,9.48,12.24666667,11.10666667,25.20666667,29.71333333,23.59,22.8,5.76,9.296666667,11.20666667,8.26,2.293333333,4.61,17.44666667,5.803333333,68.94,0.73,59.11,5.44,78.25,Barley
334,very dark brown,6.95,163.0,1.98,0.09,1.41,6.5,7.933333333,8.403333333,11.41333333,10.15,24.85,28.5,23.53333333,21.64666667,6.253333333,9.81,10.58666667,8.38,1.763333333,3.246666667,13.01333333,3.463333333,88.38,0.74,59.11,6.26,76.54,Barley
335,brown,5.2,429.0,4.0,0.000261711,1.9,18.0,8.91,9.48,12.24666667,11.10666667,25.20666667,29.71333333,23.59,22.8,5.76,9.296666667,11.20666667,8.26,2.293333333,4.61,17.44666667,5.803333333,68.94,0.73,59.11,5.44,78.25,Barley
336,red,5.6,400.0,3.0,0.2336,1.8,6.0,8.91,9.48,12.24666667,11.10666667,25.20666667,29.71333333,23.59,22.8,5.76,9.296666667,11.20666667,8.26,2.293333333,4.61,17.44666667,5.803333333,68.94,0.73,59.11,5.44,78.25,Barley
337,brown,7.2,1161.0,114.0,0.2066,5.0,14.0,7.933333333,8.403333333,11.41333333,10.15,24.85,28.5,23.53333333,21.64666667,6.253333333,9.81,10.58666667,8.38,1.763333333,3.246666667,13.01333333,3.463333333,88.38,0.74,59.11,6.26,76.54,Barley
338,red,5.7,175.0,1.0,0.235599614,0.5,21.0,8.91,9.48,12.24666667,11.10666667,25.20666667,29.71333333,23.59,22.8,5.76,9.296666667,11.20666667,8.26,2.293333333,4.61,17.44666667,5.803333333,68.94,0.73,59.11,5.44,78.25,Barley
339,black,7.45,472.0,2.0,0.09,1.4,5.0,7.933333333,8.403333333,11.41333333,10.15,24.85,28.5,23.53333333,21.64666667,6.253333333,9.81,10.58666667,8.38,1.763333333,3.246666667,13.01333333,3.463333333,88.38,0.74,59.11,6.26,76.54,Barley
340,brown,6.3,111.0,9.0,0.0879,0.8,6.0,7.933333333,8.403333333,11.41333333,10.15,24.85,28.5,23.53333333,21.64666667,6.253333333,9.81,10.58666667,8.38,1.763333333,3.246666667,13.01333333,3.463333333,88.38,0.74,59.11,6.26,76.54,Barley
341,brown,6.0,181.0,3.0,0.1753,1.5,5.0,7.933333333,8.403333333,11.41333333,10.15,24.85,28.5,23.53333333,21.64666667,6.253333333,9.81,10.58666667,8.38,1.763333333,3.246666667,13.01333333,3.463333333,88.38,0.74,59.11,6.26,76.54,Barley
342,red,6.0,138.0,2.0,0.18,2.0,5.0,8.91,9.48,12.24666667,11.10666667,25.20666667,29.71333333,23.59,22.8,5.76,9.296666667,11.20666667,8.26,2.293333333,4.61,17.44666667,5.803333333,68.94,0.73,59.11,5.44,78.25,Barley
343,red,5.86,664.0,9.3,0.209463971,3.3,8.0,9.723333333,10.70333333,13.77333333,12.65666667,28.04,32.58,25.64333333,25.47333333,8.783333333,12.89,14.08666667,11.01,2.78,5.403333333,19.36333333,6.98,343.44,0.73,59.11,5.19,82.6,Barley
344,brown,5.6,165.0,4.0,0.2592,1.7,6.0,7.933333333,8.403333333,11.41333333,10.15,24.85,28.5,23.53333333,21.64666667,6.253333333,9.81,10.58666667,8.38,1.763333333,3.246666667,13.01333333,3.463333333,88.38,0.74,59.11,6.26,76.54,Barley
345,brown,5.4,141.0,11.0,0.2219,1.7,10.0,7.933333333,8.403333333,11.41333333,10.15,24.85,28.5,23.53333333,21.64666667,6.253333333,9.81,10.58666667,8.38,1.763333333,3.246666667,13.01333333,3.463333333,88.38,0.74,59.11,6.26,76.54,Barley
346,brown,5.7,120.0,1.0,0.1398,0.7,11.0,9.723333333,10.70333333,13.77333333,12.65666667,28.04,32.58,25.64333333,25.47333333,8.783333333,12.89,14.08666667,11.01,2.78,5.403333333,19.36333333,6.98,343.44,0.73,59.11,5.19,82.6,Barley
347,brown,6.1,616.0,3.0,0.167037589,2.6,11.0,8.91,9.48,12.24666667,11.10666667,25.20666667,29.71333333,23.59,22.8,5.76,9.296666667,11.20666667,8.26,2.293333333,4.61,17.44666667,5.803333333,68.94,0.73,59.11,5.44,78.25,Barley
348,gray,6.0,266.0,7.0,0.18,1.5,18.0,8.91,9.48,12.24666667,11.10666667,25.20666667,29.71333333,23.59,22.8,5.76,9.296666667,11.20666667,8.26,2.293333333,4.61,17.44666667,5.803333333,68.94,0.73,59.11,5.44,78.25,Barley
349,brown,5.6,215.0,2.0,0.2153,0.6,9.0,7.933333333,8.403333333,11.41333333,10.15,24.85,28.5,23.53333333,21.64666667,6.253333333,9.81,10.58666667,8.38,1.763333333,3.246666667,13.01333333,3.463333333,88.38,0.74,59.11,6.26,76.54,Barley
350,black,5.78,450.0,4.0,0.16,1.1,7.0,7.933333333,8.403333333,11.41333333,10.15,24.85,28.5,23.53333333,21.64666667,6.253333333,9.81,10.58666667,8.38,1.763333333,3.246666667,13.01333333,3.463333333,88.38,0.74,59.11,6.26,76.54,Barley
351,black,7.53,528.0,11.0,0.09,1.3,7.0,7.933333333,8.403333333,11.41333333,10.15,24.85,28.5,23.53333333,21.64666667,6.253333333,9.81,10.58666667,8.38,1.763333333,3.246666667,13.01333333,3.463333333,88.38,0.74,59.11,6.26,76.54,Barley
352,black,5.4,260.0,7.0,0.1255,0.9,9.0,8.91,9.48,12.24666667,11.10666667,25.20666667,29.71333333,23.59,22.8,5.76,9.296666667,11.20666667,8.26,2.293333333,4.61,17.44666667,5.803333333,68.94,0.73,59.11,5.44,78.25,Barley
353,red,5.8,118.0,2.0,0.250293402,0.7,21.0,8.91,9.48,12.24666667,11.10666667,25.20666667,29.71333333,23.59,22.8,5.76,9.296666667,11.20666667,8.26,2.293333333,4.61,17.44666667,5.803333333,68.94,0.73,59.11,5.44,78.25,Barley
354,red,6.1,234.0,2.0,0.12,1.0,9.0,7.933333333,8.403333333,11.41333333,10.15,24.85,28.5,23.53333333,21.64666667,6.253333333,9.81,10.58666667,8.38,1.763333333,3.246666667,13.01333333,3.463333333,88.38,0.74,59.11,6.26,76.54,Barley
355,black,7.53,469.0,3.0,0.09,1.1,5.0,7.933333333,8.403333333,11.41333333,10.15,24.85,28.5,23.53333333,21.64666667,6.253333333,9.81,10.58666667,8.38,1.763333333,3.246666667,13.01333333,3.463333333,88.38,0.74,59.11,6.26,76.54,Barley
356,red,5.75,493.0,3.1,0.153423315,2.0,18.1,9.723333333,10.70333333,13.77333333,12.65666667,28.04,32.58,25.64333333,25.47333333,8.783333333,12.89,14.08666667,11.01,2.78,5.403333333,19.36333333,6.98,343.44,0.73,59.11,5.19,82.6,Barley
357,brown,5.8,105.0,2.0,0.250293402,1.1,11.0,8.91,9.48,12.24666667,11.10666667,25.20666667,29.71333333,23.59,22.8,5.76,9.296666667,11.20666667,8.26,2.293333333,4.61,17.44666667,5.803333333,68.94,0.73,59.11,5.44,78.25,Barley
358,brown,5.8,315.0,1.0,0.250293402,1.7,7.0,8.91,9.48,12.24666667,11.10666667,25.20666667,29.71333333,23.59,22.8,5.76,9.296666667,11.20666667,8.26,2.293333333,4.61,17.44666667,5.803333333,68.94,0.73,59.11,5.44,78.25,Barley
359,brown,6.1,226.0,4.0,0.12,1.1,11.0,7.933333333,8.403333333,11.41333333,10.15,24.85,28.5,23.53333333,21.64666667,6.253333333,9.81,10.58666667,8.38,1.763333333,3.246666667,13.01333333,3.463333333,88.38,0.74,59.11,6.26,76.54,Barley
360,brown,6.95,378.0,3.0,0.16,1.0,5.0,7.933333333,8.403333333,11.41333333,10.15,24.85,28.5,23.53333333,21.64666667,6.253333333,9.81,10.58666667,8.38,1.763333333,3.246666667,13.01333333,3.463333333,88.38,0.74,59.11,6.26,76.54,Barley
361,brown,5.8,124.0,3.0,0.250293402,1.9,8.0,8.91,9.48,12.24666667,11.10666667,25.20666667,29.71333333,23.59,22.8,5.76,9.296666667,11.20666667,8.26,2.293333333,4.61,17.44666667,5.803333333,68.94,0.73,59.11,5.44,78.25,Barley
362,red,6.2,127.0,19.0,0.260151402,1.1,10.0,8.91,9.48,12.24666667,11.10666667,25.20666667,29.71333333,23.59,22.8,5.76,9.296666667,11.20666667,8.26,2.293333333,4.61,17.44666667,5.803333333,68.94,0.73,59.11,5.44,78.25,Barley
363,red,5.8,218.0,7.0,0.250293402,0.6,13.0,8.91,9.48,12.24666667,11.10666667,25.20666667,29.71333333,23.59,22.8,5.76,9.296666667,11.20666667,8.26,2.293333333,4.61,17.44666667,5.803333333,68.94,0.73,59.11,5.44,78.25,Barley
364,grayish brown,5.8,55.0,1.0,0.250293402,0.8,17.0,8.91,9.48,12.24666667,11.10666667,25.20666667,29.71333333,23.59,22.8,5.76,9.296666667,11.20666667,8.26,2.293333333,4.61,17.44666667,5.803333333,68.94,0.73,59.11,5.44,78.25,Barley
365,brown,5.8,270.0,9.0,0.250293402,1.1,9.0,8.91,9.48,12.24666667,11.10666667,25.20666667,29.71333333,23.59,22.8,5.76,9.296666667,11.20666667,8.26,2.293333333,4.61,17.44666667,5.803333333,68.94,0.73,59.11,5.44,78.25,Barley
366,brown,5.8,250.0,5.0,0.250293402,1.9,8.0,8.91,9.48,12.24666667,11.10666667,25.20666667,29.71333333,23.59,22.8,5.76,9.296666667,11.20666667,8.26,2.293333333,4.61,17.44666667,5.803333333,68.94,0.73,59.11,5.44,78.25,Barley
367,red,5.8,345.0,11.0,0.250293402,1.2,10.0,8.91,9.48,12.24666667,11.10666667,25.20666667,29.71333333,23.59,22.8,5.76,9.296666667,11.20666667,8.26,2.293333333,4.61,17.44666667,5.803333333,68.94,0.73,59.11,5.44,78.25,Barley
368,black,5.4,92.0,23.0,0.1255,2.9,16.0,8.91,9.48,12.24666667,11.10666667,25.20666667,29.71333333,23.59,22.8,5.76,9.296666667,11.20666667,8.26,2.293333333,4.61,17.44666667,5.803333333,68.94,0.73,59.11,5.44,78.25,Barley
369,brown,5.8,214.0,4.0,0.250293402,1.1,9.0,8.91,9.48,12.24666667,11.10666667,25.20666667,29.71333333,23.59,22.8,5.76,9.296666667,11.20666667,8.26,2.293333333,4.61,17.44666667,5.803333333,68.94,0.73,59.11,5.44,78.25,Barley
370,black,5.4,359.0,9.0,0.1255,1.0,11.0,7.933333333,8.403333333,11.41333333,10.15,24.85,28.5,23.53333333,21.64666667,6.253333333,9.81,10.58666667,8.38,1.763333333,3.246666667,13.01333333,3.463333333,88.38,0.74,59.11,6.26,76.54,Barley
371,black,5.4,265.0,13.0,0.1255,1.0,11.0,7.933333333,8.403333333,11.41333333,10.15,24.85,28.5,23.53333333,21.64666667,6.253333333,9.81,10.58666667,8.38,1.763333333,3.246666667,13.01333333,3.463333333,88.38,0.74,59.11,6.26,76.54,Barley
372,brown,5.86,290.0,3.0,0.18,1.9,8.0,7.933333333,8.403333333,11.41333333,10.15,24.85,28.5,23.53333333,21.64666667,6.253333333,9.81,10.58666667,8.38,1.763333333,3.246666667,13.01333333,3.463333333,88.38,0.74,59.11,6.26,76.54,Barley
373,brown,7.7,343.0,2.0,0.16,1.8,5.0,7.933333333,8.403333333,11.41333333,10.15,24.85,28.5,23.53333333,21.64666667,6.253333333,9.81,10.58666667,8.38,1.763333333,3.246666667,13.01333333,3.463333333,88.38,0.74,59.11,6.26,76.54,Barley
374,black,7.1,1189.0,99.0,0.09,7.1,13.0,7.933333333,8.403333333,11.41333333,10.15,24.85,28.5,23.53333333,21.64666667,6.253333333,9.81,10.58666667,8.38,1.763333333,3.246666667,13.01333333,3.463333333,88.38,0.74,59.11,6.26,76.54,Barley
375,brown,5.4,74.0,12.0,0.1255,1.8,16.0,8.91,9.48,12.24666667,11.10666667,25.20666667,29.71333333,23.59,22.8,5.76,9.296666667,11.20666667,8.26,2.293333333,4.61,17.44666667,5.803333333,68.94,0.73,59.11,5.44,78.25,Barley
376,black,7.7,444.0,3.0,0.16,1.2,4.0,7.933333333,8.403333333,11.41333333,10.15,24.85,28.5,23.53333333,21.64666667,6.253333333,9.81,10.58666667,8.38,1.763333333,3.246666667,13.01333333,3.463333333,88.38,0.74,59.11,6.26,76.54,Barley
377,brown,5.8,164.0,8.0,0.250293402,0.7,8.0,8.91,9.48,12.24666667,11.10666667,25.20666667,29.71333333,23.59,22.8,5.76,9.296666667,11.20666667,8.26,2.293333333,4.61,17.44666667,5.803333333,68.94,0.73,59.11,5.44,78.25,Barley
378,brown,5.8,250.75,3.53,0.250293402,1.68,5.9,8.91,9.48,12.24666667,11.10666667,25.20666667,29.71333333,23.59,22.8,5.76,9.296666667,11.20666667,8.26,2.293333333,4.61,17.44666667,5.803333333,68.94,0.73,59.11,5.44,78.25,Barley
379,brown,5.8,430.0,14.0,0.250293402,2.0,10.0,8.91,9.48,12.24666667,11.10666667,25.20666667,29.71333333,23.59,22.8,5.76,9.296666667,11.20666667,8.26,2.293333333,4.61,17.44666667,5.803333333,68.94,0.73,59.11,5.44,78.25,Barley
380,brown,5.3,186.0,8.0,0.2279,1.7,8.0,8.91,9.48,12.24666667,11.10666667,25.20666667,29.71333333,23.59,22.8,5.76,9.296666667,11.20666667,8.26,2.293333333,4.61,17.44666667,5.803333333,68.94,0.73,59.11,5.44,78.25,Barley
381,brown,5.4,94.0,7.0,0.1255,1.6,19.0,7.933333333,8.403333333,11.41333333,10.15,24.85,28.5,23.53333333,21.64666667,6.253333333,9.81,10.58666667,8.38,1.763333333,3.246666667,13.01333333,3.463333333,88.38,0.74,59.11,6.26,76.54,Barley
382,black,5.98,440.0,8.0,0.18,1.5,7.0,7.933333333,8.403333333,11.41333333,10.15,24.85,28.5,23.53333333,21.64666667,6.253333333,9.81,10.58666667,8.38,1.763333333,3.246666667,13.01333333,3.463333333,88.38,0.74,59.11,6.26,76.54,Barley
383,gray,5.98,238.0,14.0,0.18,1.3,6.0,7.933333333,8.403333333,11.41333333,10.15,24.85,28.5,23.53333333,21.64666667,6.253333333,9.81,10.58666667,8.38,1.763333333,3.246666667,13.01333333,3.463333333,88.38,0.74,59.11,6.26,76.54,Barley
384,black,7.7,488.0,2.0,0.16,0.9,5.0,7.933333333,8.403333333,11.41333333,10.15,24.85,28.5,23.53333333,21.64666667,6.253333333,9.81,10.58666667,8.38,1.763333333,3.246666667,13.01333333,3.463333333,88.38,0.74,59.11,6.26,76.54,Barley
385,brown,5.3,615.0,88.0,0.2279,5.3,12.0,8.91,9.48,12.24666667,11.10666667,25.20666667,29.71333333,23.59,22.8,5.76,9.296666667,11.20666667,8.26,2.293333333,4.61,17.44666667,5.803333333,68.94,0.73,59.11,5.44,78.25,Barley
386,brown,5.3,299.0,8.0,0.2279,1.2,16.0,8.91,9.48,12.24666667,11.10666667,25.20666667,29.71333333,23.59,22.8,5.76,9.296666667,11.20666667,8.26,2.293333333,4.61,17.44666667,5.803333333,68.94,0.73,59.11,5.44,78.25,Barley
387,red,5.75,213.0,6.0,0.16,1.4,8.0,7.586666667,8.136666667,11.43,10.15,26.32666667,28.97,24.37666667,22.67333333,7.513333333,11.38333333,11.81,10.08666667,0.91,2.266666667,11.76666667,2.96,88.31,0.63,59.11,6.01,77.15,Barley
388,black,6.5,412.0,3.0,0.16,0.9,5.0,7.586666667,8.136666667,11.43,10.15,26.32666667,28.97,24.37666667,22.67333333,7.513333333,11.38333333,11.81,10.08666667,0.91,2.266666667,11.76666667,2.96,88.31,0.63,59.11,6.01,77.15,Barley
389,brown,5.8,596.0,22.0,0.250293402,3.0,10.0,8.506666667,9.34,12.16666667,10.92666667,25.34333333,28.87,23.33666667,22.28,6.053333333,9.353333333,10.93333333,8.29,1.736666667,5.203333333,17.81666667,5.823333333,36.06,0.77,59.11,5.41,77.29,Barley
390,brown,5.98,465.0,8.0,0.18,2.8,8.0,7.586666667,8.136666667,11.43,10.15,26.32666667,28.97,24.37666667,22.67333333,7.513333333,11.38333333,11.81,10.08666667,0.91,2.266666667,11.76666667,2.96,88.31,0.63,59.11,6.01,77.15,Barley
391,brown,5.98,172.0,4.0,0.18,1.4,6.0,7.586666667,8.136666667,11.43,10.15,26.32666667,28.97,24.37666667,22.67333333,7.513333333,11.38333333,11.81,10.08666667,0.91,2.266666667,11.76666667,2.96,88.31,0.63,59.11,6.01,77.15,Barley
392,gray,6.58,268.0,10.0,0.16,1.7,12.0,7.586666667,8.136666667,11.43,10.15,26.32666667,28.97,24.37666667,22.67333333,7.513333333,11.38333333,11.81,10.08666667,0.91,2.266666667,11.76666667,2.96,88.31,0.63,59.11,6.01,77.15,Barley
393,brown,7.1,1116.0,42.0,0.069481704,2.3,11.0,7.586666667,8.136666667,11.43,10.15,26.32666667,28.97,24.37666667,22.67333333,7.513333333,11.38333333,11.81,10.08666667,0.91,2.266666667,11.76666667,2.96,88.31,0.63,59.11,6.01,77.15,Barley
394,brown,5.8,367.0,20.0,0.250293402,1.9,10.0,8.506666667,9.34,12.16666667,10.92666667,25.34333333,28.87,23.33666667,22.28,6.053333333,9.353333333,10.93333333,8.29,1.736666667,5.203333333,17.81666667,5.823333333,36.06,0.77,59.11,5.41,77.29,Barley
395,red,5.09,165.0,2.9,0.253099197,1.8,19.0,8.566666667,9.663333333,12.73666667,11.78,25.88333333,30.05666667,23.65,22.84666667,6.626666667,10.35,11.17333333,9.1,1.343333333,5.66,19.92,7.42,14.25,0.8,59.11,6.06,78.58,Barley
396,red,5.56,167.0,1.6,0.19491006,2.0,11.4,8.566666667,9.663333333,12.73666667,11.78,25.88333333,30.05666667,23.65,22.84666667,6.626666667,10.35,11.17333333,9.1,1.343333333,5.66,19.92,7.42,14.25,0.8,59.11,6.06,78.58,Barley
397,brown,5.98,156.0,10.0,0.18,1.8,8.0,7.586666667,8.136666667,11.43,10.15,26.32666667,28.97,24.37666667,22.67333333,7.513333333,11.38333333,11.81,10.08666667,0.91,2.266666667,11.76666667,2.96,88.31,0.63,59.11,6.01,77.15,Barley
398,other,7.1,191.0,4.0,0.069481704,1.5,9.0,7.586666667,8.136666667,11.43,10.15,26.32666667,28.97,24.37666667,22.67333333,7.513333333,11.38333333,11.81,10.08666667,0.91,2.266666667,11.76666667,2.96,88.31,0.63,59.11,6.01,77.15,Barley
399,red,5.3,208.0,3.4,0.209642879,0.9,17.5,8.566666667,9.663333333,12.73666667,11.78,25.88333333,30.05666667,23.65,22.84666667,6.626666667,10.35,11.17333333,9.1,1.343333333,5.66,19.92,7.42,14.25,0.8,59.11,6.06,78.58,Barley
400,red,5.8,166.0,19.0,0.250293402,1.9,8.0,8.506666667,9.34,12.16666667,10.92666667,25.34333333,28.87,23.33666667,22.28,6.053333333,9.353333333,10.93333333,8.29,1.736666667,5.203333333,17.81666667,5.823333333,36.06,0.77,59.11,5.41,77.29,Barley
401,brown,5.3,471.0,17.0,0.2279,1.3,19.0,8.506666667,9.34,12.16666667,10.92666667,25.34333333,28.87,23.33666667,22.28,6.053333333,9.353333333,10.93333333,8.29,1.736666667,5.203333333,17.81666667,5.823333333,36.06,0.77,59.11,5.41,77.29,Barley
402,brown,6.0,282.0,4.0,0.16,1.5,5.0,7.586666667,8.136666667,11.43,10.15,26.32666667,28.97,24.37666667,22.67333333,7.513333333,11.38333333,11.81,10.08666667,0.91,2.266666667,11.76666667,2.96,88.31,0.63,59.11,6.01,77.15,Barley
403,black,4.7,131.0,8.0,0.5135,1.0,21.0,7.586666667,8.136666667,11.43,10.15,26.32666667,28.97,24.37666667,22.67333333,7.513333333,11.38333333,11.81,10.08666667,0.91,2.266666667,11.76666667,2.96,88.31,0.63,59.11,6.01,77.15,Barley
404,brown,5.3,337.0,11.0,0.2279,1.4,18.0,8.506666667,9.34,12.16666667,10.92666667,25.34333333,28.87,23.33666667,22.28,6.053333333,9.353333333,10.93333333,8.29,1.736666667,5.203333333,17.81666667,5.823333333,36.06,0.77,59.11,5.41,77.29,Barley
405,black,6.48,408.0,3.0,0.16,1.2,5.0,7.586666667,8.136666667,11.43,10.15,26.32666667,28.97,24.37666667,22.67333333,7.513333333,11.38333333,11.81,10.08666667,0.91,2.266666667,11.76666667,2.96,88.31,0.63,59.11,6.01,77.15,Barley
406,brown,5.2,115.0,3.0,0.2802,1.0,12.0,7.586666667,8.136666667,11.43,10.15,26.32666667,28.97,24.37666667,22.67333333,7.513333333,11.38333333,11.81,10.08666667,0.91,2.266666667,11.76666667,2.96,88.31,0.63,59.11,6.01,77.15,Barley
407,brown,5.8,354.0,15.0,0.250293402,3.6,15.0,8.506666667,9.34,12.16666667,10.92666667,25.34333333,28.87,23.33666667,22.28,6.053333333,9.353333333,10.93333333,8.29,1.736666667,5.203333333,17.81666667,5.823333333,36.06,0.77,59.11,5.41,77.29,Barley
408,brown,6.63,265.0,2.0,0.134622792,1.1,7.0,7.586666667,8.136666667,11.43,10.15,26.32666667,28.97,24.37666667,22.67333333,7.513333333,11.38333333,11.81,10.08666667,0.91,2.266666667,11.76666667,2.96,88.31,0.63,59.11,6.01,77.15,Barley
409,brown,5.3,248.0,2.0,0.2279,1.0,29.0,8.506666667,9.34,12.16666667,10.92666667,25.34333333,28.87,23.33666667,22.28,6.053333333,9.353333333,10.93333333,8.29,1.736666667,5.203333333,17.81666667,5.823333333,36.06,0.77,59.11,5.41,77.29,Barley
410,red,5.3,170.0,4.0,0.2279,1.1,14.0,8.506666667,9.34,12.16666667,10.92666667,25.34333333,28.87,23.33666667,22.28,6.053333333,9.353333333,10.93333333,8.29,1.736666667,5.203333333,17.81666667,5.823333333,36.06,0.77,59.11,5.41,77.29,Barley
411,brown,6.33,148.0,2.0,0.16,1.1,7.0,7.586666667,8.136666667,11.43,10.15,26.32666667,28.97,24.37666667,22.67333333,7.513333333,11.38333333,11.81,10.08666667,0.91,2.266666667,11.76666667,2.96,88.31,0.63,59.11,6.01,77.15,Barley
412,gray,5.7,639.0,10.0,0.16,1.4,12.0,7.586666667,8.136666667,11.43,10.15,26.32666667,28.97,24.37666667,22.67333333,7.513333333,11.38333333,11.81,10.08666667,0.91,2.266666667,11.76666667,2.96,88.31,0.63,59.11,6.01,77.15,Barley
413,brown,5.4,163.0,1.0,0.1543,0.9,7.0,7.586666667,8.136666667,11.43,10.15,26.32666667,28.97,24.37666667,22.67333333,7.513333333,11.38333333,11.81,10.08666667,0.91,2.266666667,11.76666667,2.96,88.31,0.63,59.11,6.01,77.15,Barley
414,brown,5.8,203.0,28.0,0.250293402,1.3,10.0,8.506666667,9.34,12.16666667,10.92666667,25.34333333,28.87,23.33666667,22.28,6.053333333,9.353333333,10.93333333,8.29,1.736666667,5.203333333,17.81666667,5.823333333,36.06,0.77,59.11,5.41,77.29,Barley
415,brown,5.8,267.0,13.0,0.250293402,2.1,11.0,8.506666667,9.34,12.16666667,10.92666667,25.34333333,28.87,23.33666667,22.28,6.053333333,9.353333333,10.93333333,8.29,1.736666667,5.203333333,17.81666667,5.823333333,36.06,0.77,59.11,5.41,77.29,Barley
416,black,5.54,421.0,5.0,0.16,2.5,22.0,7.586666667,8.136666667,11.43,10.15,26.32666667,28.97,24.37666667,22.67333333,7.513333333,11.38333333,11.81,10.08666667,0.91,2.266666667,11.76666667,2.96,88.31,0.63,59.11,6.01,77.15,Barley
417,black,8.0,240.0,5.83,0.0678215,1.68,4.96,7.586666667,8.136666667,11.43,10.15,26.32666667,28.97,24.37666667,22.67333333,7.513333333,11.38333333,11.81,10.08666667,0.91,2.266666667,11.76666667,2.96,88.31,0.63,59.11,6.01,77.15,Barley
418,red,5.4,137.0,1.0,0.1333,0.9,17.0,8.506666667,9.34,12.16666667,10.92666667,25.34333333,28.87,23.33666667,22.28,6.053333333,9.353333333,10.93333333,8.29,1.736666667,5.203333333,17.81666667,5.823333333,36.06,0.77,59.11,5.41,77.29,Barley
419,brown,5.8,234.11,19.79,0.250293402,3.18,4.89,8.506666667,9.34,12.16666667,10.92666667,25.34333333,28.87,23.33666667,22.28,6.053333333,9.353333333,10.93333333,8.29,1.736666667,5.203333333,17.81666667,5.823333333,36.06,0.77,59.11,5.41,77.29,Barley
420,brown,5.8,269.0,23.0,0.250293402,3.5,8.0,8.506666667,9.34,12.16666667,10.92666667,25.34333333,28.87,23.33666667,22.28,6.053333333,9.353333333,10.93333333,8.29,1.736666667,5.203333333,17.81666667,5.823333333,36.06,0.77,59.11,5.41,77.29,Barley
421,brown,5.8,71.87,17.5,0.250293402,1.5,7.01,8.506666667,9.34,12.16666667,10.92666667,25.34333333,28.87,23.33666667,22.28,6.053333333,9.353333333,10.93333333,8.29,1.736666667,5.203333333,17.81666667,5.823333333,36.06,0.77,59.11,5.41,77.29,Barley
422,brown,5.4,272.0,13.0,0.1333,2.3,8.0,8.506666667,9.34,12.16666667,10.92666667,25.34333333,28.87,23.33666667,22.28,6.053333333,9.353333333,10.93333333,8.29,1.736666667,5.203333333,17.81666667,5.823333333,36.06,0.77,59.11,5.41,77.29,Barley
423,brown,5.4,159.0,10.0,0.1333,1.2,6.0,8.506666667,9.34,12.16666667,10.92666667,25.34333333,28.87,23.33666667,22.28,6.053333333,9.353333333,10.93333333,8.29,1.736666667,5.203333333,17.81666667,5.823333333,36.06,0.77,59.11,5.41,77.29,Barley
424,red,5.1,179.0,1.0,0.1106,0.5,20.0,7.586666667,8.136666667,11.43,10.15,26.32666667,28.97,24.37666667,22.67333333,7.513333333,11.38333333,11.81,10.08666667,0.91,2.266666667,11.76666667,2.96,88.31,0.63,59.11,6.01,77.15,Barley
425,gray,5.8,86.0,4.0,0.250293402,1.6,7.0,8.506666667,9.34,12.16666667,10.92666667,25.34333333,28.87,23.33666667,22.28,6.053333333,9.353333333,10.93333333,8.29,1.736666667,5.203333333,17.81666667,5.823333333,36.06,0.77,59.11,5.41,77.29,Barley
426,red,5.4,486.0,3.0,0.1333,2.0,8.0,8.506666667,9.34,12.16666667,10.92666667,25.34333333,28.87,23.33666667,22.28,6.053333333,9.353333333,10.93333333,8.29,1.736666667,5.203333333,17.81666667,5.823333333,36.06,0.77,59.11,5.41,77.29,Barley
427,red,5.4,243.0,3.0,0.1333,1.7,11.0,8.506666667,9.34,12.16666667,10.92666667,25.34333333,28.87,23.33666667,22.28,6.053333333,9.353333333,10.93333333,8.29,1.736666667,5.203333333,17.81666667,5.823333333,36.06,0.77,59.11,5.41,77.29,Barley
428,red,5.4,178.0,2.0,0.1333,1.0,11.0,8.506666667,9.34,12.16666667,10.92666667,25.34333333,28.87,23.33666667,22.28,6.053333333,9.353333333,10.93333333,8.29,1.736666667,5.203333333,17.81666667,5.823333333,36.06,0.77,59.11,5.41,77.29,Barley
429,brown,5.8,628.0,10.0,0.250293402,2.4,13.0,8.506666667,9.34,12.16666667,10.92666667,25.34333333,28.87,23.33666667,22.28,6.053333333,9.353333333,10.93333333,8.29,1.736666667,5.203333333,17.81666667,5.823333333,36.06,0.77,59.11,5.41,77.29,Barley
430,red,5.4,150.0,4.0,0.1333,0.8,6.0,8.506666667,9.34,12.16666667,10.92666667,25.34333333,28.87,23.33666667,22.28,6.053333333,9.353333333,10.93333333,8.29,1.736666667,5.203333333,17.81666667,5.823333333,36.06,0.77,59.11,5.41,77.29,Barley
431,red,6.0,151.0,3.0,0.0969,1.1,11.0,8.506666667,9.34,12.16666667,10.92666667,25.34333333,28.87,23.33666667,22.28,6.053333333,9.353333333,10.93333333,8.29,1.736666667,5.203333333,17.81666667,5.823333333,36.06,0.77,59.11,5.41,77.29,Barley
432,brown,5.8,663.0,48.0,0.195910715,2.6,8.0,7.586666667,8.136666667,11.43,10.15,26.32666667,28.97,24.37666667,22.67333333,7.513333333,11.38333333,11.81,10.08666667,0.91,2.266666667,11.76666667,2.96,88.31,0.63,59.11,6.01,77.15,Barley
433,brown,5.72,190.0,3.0,0.2289,1.4,8.0,8.506666667,9.34,12.16666667,10.92666667,25.34333333,28.87,23.33666667,22.28,6.053333333,9.353333333,10.93333333,8.29,1.736666667,5.203333333,17.81666667,5.823333333,36.06,0.77,59.11,5.41,77.29,Barley
434,brown,6.1,320.0,2.0,0.0808,1.7,12.0,7.586666667,8.136666667,11.43,10.15,26.32666667,28.97,24.37666667,22.67333333,7.513333333,11.38333333,11.81,10.08666667,0.91,2.266666667,11.76666667,2.96,88.31,0.63,59.11,6.01,77.15,Barley
435,red,5.1,434.0,6.0,0.1937,1.5,13.0,8.506666667,9.34,12.16666667,10.92666667,25.34333333,28.87,23.33666667,22.28,6.053333333,9.353333333,10.93333333,8.29,1.736666667,5.203333333,17.81666667,5.823333333,36.06,0.77,59.11,5.41,77.29,Barley
436,red,5.8,106.0,4.0,0.250293402,1.0,16.0,8.506666667,9.34,12.16666667,10.92666667,25.34333333,28.87,23.33666667,22.28,6.053333333,9.353333333,10.93333333,8.29,1.736666667,5.203333333,17.81666667,5.823333333,36.06,0.77,59.11,5.41,77.29,Barley
437,brown,5.85,108.0,5.0,0.2289,1.3,6.0,8.506666667,9.34,12.16666667,10.92666667,25.34333333,28.87,23.33666667,22.28,6.053333333,9.353333333,10.93333333,8.29,1.736666667,5.203333333,17.81666667,5.823333333,36.06,0.77,59.11,5.41,77.29,Barley
438,black,6.0,86.0,35.0,0.0969,1.3,6.0,8.506666667,9.34,12.16666667,10.92666667,25.34333333,28.87,23.33666667,22.28,6.053333333,9.353333333,10.93333333,8.29,1.736666667,5.203333333,17.81666667,5.823333333,36.06,0.77,59.11,5.41,77.29,Barley
439,brown,5.4,288.0,5.0,0.1196,0.8,12.0,7.586666667,8.136666667,11.43,10.15,26.32666667,28.97,24.37666667,22.67333333,7.513333333,11.38333333,11.81,10.08666667,0.91,2.266666667,11.76666667,2.96,88.31,0.63,59.11,6.01,77.15,Barley
440,brown,5.87,674.0,13.0,0.2289,1.6,11.0,8.506666667,9.34,12.16666667,10.92666667,25.34333333,28.87,23.33666667,22.28,6.053333333,9.353333333,10.93333333,8.29,1.736666667,5.203333333,17.81666667,5.823333333,36.06,0.77,59.11,5.41,77.29,Barley
441,black,5.85,678.0,79.0,0.2289,3.7,8.0,8.506666667,9.34,12.16666667,10.92666667,25.34333333,28.87,23.33666667,22.28,6.053333333,9.353333333,10.93333333,8.29,1.736666667,5.203333333,17.81666667,5.823333333,36.06,0.77,59.11,5.41,77.29,Barley
442,brown,5.8,283.0,9.0,0.250293402,1.4,23.0,8.506666667,9.34,12.16666667,10.92666667,25.34333333,28.87,23.33666667,22.28,6.053333333,9.353333333,10.93333333,8.29,1.736666667,5.203333333,17.81666667,5.823333333,36.06,0.77,59.11,5.41,77.29,Barley
443,brown,5.8,186.0,6.0,0.250293402,1.2,9.0,8.506666667,9.34,12.16666667,10.92666667,25.34333333,28.87,23.33666667,22.28,6.053333333,9.353333333,10.93333333,8.29,1.736666667,5.203333333,17.81666667,5.823333333,36.06,0.77,59.11,5.41,77.29,Barley
444,brown,5.85,80.24,5.3,0.2289,0.77,5.83,8.506666667,9.34,12.16666667,10.92666667,25.34333333,28.87,23.33666667,22.28,6.053333333,9.353333333,10.93333333,8.29,1.736666667,5.203333333,17.81666667,5.823333333,36.06,0.77,59.11,5.41,77.29,Barley
445,black,5.8,295.0,3.0,0.250293402,1.1,5.0,8.506666667,9.34,12.16666667,10.92666667,25.34333333,28.87,23.33666667,22.28,6.053333333,9.353333333,10.93333333,8.29,1.736666667,5.203333333,17.81666667,5.823333333,36.06,0.77,59.11,5.41,77.29,Barley
446,brown,5.8,137.0,1.0,0.250293402,1.5,5.0,8.506666667,9.34,12.16666667,10.92666667,25.34333333,28.87,23.33666667,22.28,6.053333333,9.353333333,10.93333333,8.29,1.736666667,5.203333333,17.81666667,5.823333333,36.06,0.77,59.11,5.41,77.29,Barley
447,red,6.4,429.0,7.0,0.1209,1.2,14.0,8.506666667,9.34,12.16666667,10.92666667,25.34333333,28.87,23.33666667,22.28,6.053333333,9.353333333,10.93333333,8.29,1.736666667,5.203333333,17.81666667,5.823333333,36.06,0.77,59.11,5.41,77.29,Barley
448,brown,6.4,172.0,2.0,0.1209,1.2,9.0,8.506666667,9.34,12.16666667,10.92666667,25.34333333,28.87,23.33666667,22.28,6.053333333,9.353333333,10.93333333,8.29,1.736666667,5.203333333,17.81666667,5.823333333,36.06,0.77,59.11,5.41,77.29,Barley
449,brown,6.4,126.0,4.0,0.1209,1.0,6.0,8.506666667,9.34,12.16666667,10.92666667,25.34333333,28.87,23.33666667,22.28,6.053333333,9.353333333,10.93333333,8.29,1.736666667,5.203333333,17.81666667,5.823333333,36.06,0.77,59.11,5.41,77.29,Barley
450,brown,6.4,122.0,2.0,0.1209,1.4,7.0,8.506666667,9.34,12.16666667,10.92666667,25.34333333,28.87,23.33666667,22.28,6.053333333,9.353333333,10.93333333,8.29,1.736666667,5.203333333,17.81666667,5.823333333,36.06,0.77,59.11,5.41,77.29,Barley
451,red,6.11,481.0,14.0,0.06566235,0.8,7.0,8.506666667,9.34,12.16666667,10.92666667,25.34333333,28.87,23.33666667,22.28,6.053333333,9.353333333,10.93333333,8.29,1.736666667,5.203333333,17.81666667,5.823333333,36.06,0.77,59.11,5.41,77.29,Barley
452,brown,5.85,268.0,3.0,0.2289,1.3,7.0,8.506666667,9.34,12.16666667,10.92666667,25.34333333,28.87,23.33666667,22.28,6.053333333,9.353333333,10.93333333,8.29,1.736666667,5.203333333,17.81666667,5.823333333,36.06,0.77,59.11,5.41,77.29,Barley
453,brown,5.8,237.87,5.36,0.250293402,2.52,9.37,8.506666667,9.34,12.16666667,10.92666667,25.34333333,28.87,23.33666667,22.28,6.053333333,9.353333333,10.93333333,8.29,1.736666667,5.203333333,17.81666667,5.823333333,36.06,0.77,59.11,5.41,77.29,Barley
454,brown,5.8,110.68,4.08,0.250293402,2.6,4.69,8.506666667,9.34,12.16666667,10.92666667,25.34333333,28.87,23.33666667,22.28,6.053333333,9.353333333,10.93333333,8.29,1.736666667,5.203333333,17.81666667,5.823333333,36.06,0.77,59.11,5.41,77.29,Barley
455,brown,5.91,367.0,8.0,0.195910715,1.5,12.0,7.586666667,8.136666667,11.43,10.15,26.32666667,28.97,24.37666667,22.67333333,7.513333333,11.38333333,11.81,10.08666667,0.91,2.266666667,11.76666667,2.96,88.31,0.63,59.11,6.01,77.15,Barley
456,brown,5.2,291.0,5.0,0.1815,1.5,8.0,7.586666667,8.136666667,11.43,10.15,26.32666667,28.97,24.37666667,22.67333333,7.513333333,11.38333333,11.81,10.08666667,0.91,2.266666667,11.76666667,2.96,88.31,0.63,59.11,6.01,77.15,Barley
457,brown,5.61,312.0,4.0,0.2289,1.8,8.0,8.506666667,9.34,12.16666667,10.92666667,25.34333333,28.87,23.33666667,22.28,6.053333333,9.353333333,10.93333333,8.29,1.736666667,5.203333333,17.81666667,5.823333333,36.06,0.77,59.11,5.41,77.29,Barley
458,gray,5.85,141.0,6.0,0.2289,1.3,6.0,8.506666667,9.34,12.16666667,10.92666667,25.34333333,28.87,23.33666667,22.28,6.053333333,9.353333333,10.93333333,8.29,1.736666667,5.203333333,17.81666667,5.823333333,36.06,0.77,59.11,5.41,77.29,Barley
459,black,5.8,377.0,14.0,0.250293402,2.8,11.0,8.506666667,9.34,12.16666667,10.92666667,25.34333333,28.87,23.33666667,22.28,6.053333333,9.353333333,10.93333333,8.29,1.736666667,5.203333333,17.81666667,5.823333333,36.06,0.77,59.11,5.41,77.29,Barley
460,brown,6.37,365.09,10.25,0.111842553,3.0,6.17,8.506666667,9.34,12.16666667,10.92666667,25.34333333,28.87,23.33666667,22.28,6.053333333,9.353333333,10.93333333,8.29,1.736666667,5.203333333,17.81666667,5.823333333,36.06,0.77,59.11,5.41,77.29,Barley
461,gray,5.58,143.0,2.0,0.2289,1.7,8.0,8.506666667,9.34,12.16666667,10.92666667,25.34333333,28.87,23.33666667,22.28,6.053333333,9.353333333,10.93333333,8.29,1.736666667,5.203333333,17.81666667,5.823333333,36.06,0.77,59.11,5.41,77.29,Barley
462,brown,5.45,128.64,6.62,0.2289,2.14,6.32,8.506666667,9.34,12.16666667,10.92666667,25.34333333,28.87,23.33666667,22.28,6.053333333,9.353333333,10.93333333,8.29,1.736666667,5.203333333,17.81666667,5.823333333,36.06,0.77,59.11,5.41,77.29,Barley
463,brown,5.45,387.02,9.52,0.2289,3.12,7.32,8.506666667,9.34,12.16666667,10.92666667,25.34333333,28.87,23.33666667,22.28,6.053333333,9.353333333,10.93333333,8.29,1.736666667,5.203333333,17.81666667,5.823333333,36.06,0.77,59.11,5.41,77.29,Barley
464,brown,5.68,154.0,7.0,0.076819645,2.0,5.0,8.506666667,9.34,12.16666667,10.92666667,25.34333333,28.87,23.33666667,22.28,6.053333333,9.353333333,10.93333333,8.29,1.736666667,5.203333333,17.81666667,5.823333333,36.06,0.77,59.11,5.41,77.29,Barley
465,brown,5.28,58.78,1.82,0.2289,0.95,6.73,8.566666667,9.663333333,12.73666667,11.78,25.88333333,30.05666667,23.65,22.84666667,6.626666667,10.35,11.17333333,9.1,1.343333333,5.66,19.92,7.42,14.25,0.8,59.11,6.06,78.58,Barley
466,brown,5.2,103.0,9.0,0.334,0.8,11.0,8.506666667,9.34,12.16666667,10.92666667,25.34333333,28.87,23.33666667,22.28,6.053333333,9.353333333,10.93333333,8.29,1.736666667,5.203333333,17.81666667,5.823333333,36.06,0.77,59.11,5.41,77.29,Barley
467,brown,7.75,106.0,1.9,0.097377506,0.9,6.1,8.506666667,9.34,12.16666667,10.92666667,25.34333333,28.87,23.33666667,22.28,6.053333333,9.353333333,10.93333333,8.29,1.736666667,5.203333333,17.81666667,5.823333333,36.06,0.77,59.11,5.41,77.29,Barley
468,brown,5.75,133.0,2.0,0.2289,1.5,9.0,8.506666667,9.34,12.16666667,10.92666667,25.34333333,28.87,23.33666667,22.28,6.053333333,9.353333333,10.93333333,8.29,1.736666667,5.203333333,17.81666667,5.823333333,36.06,0.77,59.11,5.41,77.29,Barley
469,red,5.78,276.0,2.0,0.2289,0.8,6.0,8.506666667,9.34,12.16666667,10.92666667,25.34333333,28.87,23.33666667,22.28,6.053333333,9.353333333,10.93333333,8.29,1.736666667,5.203333333,17.81666667,5.823333333,36.06,0.77,59.11,5.41,77.29,Barley
470,brown,5.4,129.73,20.61,0.2255,1.66,7.17,8.506666667,9.34,12.16666667,10.92666667,25.34333333,28.87,23.33666667,22.28,6.053333333,9.353333333,10.93333333,8.29,1.736666667,5.203333333,17.81666667,5.823333333,36.06,0.77,59.11,5.41,77.29,Barley
471,gray,6.5,89.0,11.0,0.076,1.0,7.0,8.506666667,9.34,12.16666667,10.92666667,25.34333333,28.87,23.33666667,22.28,6.053333333,9.353333333,10.93333333,8.29,1.736666667,5.203333333,17.81666667,5.823333333,36.06,0.77,59.11,5.41,77.29,Barley
472,other,5.68,210.0,8.8,0.076819645,0.5,2.4,8.506666667,9.34,12.16666667,10.92666667,25.34333333,28.87,23.33666667,22.28,6.053333333,9.353333333,10.93333333,8.29,1.736666667,5.203333333,17.81666667,5.823333333,36.06,0.77,59.11,5.41,77.29,Barley
473,brown,4.9,155.0,9.0,0.5041,0.7,15.0,8.506666667,9.34,12.16666667,10.92666667,25.34333333,28.87,23.33666667,22.28,6.053333333,9.353333333,10.93333333,8.29,1.736666667,5.203333333,17.81666667,5.823333333,36.06,0.77,59.11,5.41,77.29,Barley
474,black,5.4,133.0,6.0,0.3095,0.5,6.0,8.506666667,9.34,12.16666667,10.92666667,25.34333333,28.87,23.33666667,22.28,6.053333333,9.353333333,10.93333333,8.29,1.736666667,5.203333333,17.81666667,5.823333333,36.06,0.77,59.11,5.41,77.29,Barley
475,black,5.3,150.0,7.0,0.5213,1.4,11.0,8.506666667,9.34,12.16666667,10.92666667,25.34333333,28.87,23.33666667,22.28,6.053333333,9.353333333,10.93333333,8.29,1.736666667,5.203333333,17.81666667,5.823333333,36.06,0.77,59.11,5.41,77.29,Barley
476,brown,5.1,67.0,3.0,0.2622,0.6,11.0,8.506666667,9.34,12.16666667,10.92666667,25.34333333,28.87,23.33666667,22.28,6.053333333,9.353333333,10.93333333,8.29,1.736666667,5.203333333,17.81666667,5.823333333,36.06,0.77,59.11,5.41,77.29,Barley
477,brown,5.8,492.0,14.0,0.2888,3.1,8.0,8.506666667,9.34,12.16666667,10.92666667,25.34333333,28.87,23.33666667,22.28,6.053333333,9.353333333,10.93333333,8.29,1.736666667,5.203333333,17.81666667,5.823333333,36.06,0.77,59.11,5.41,77.29,Barley
478,brown,5.6,92.0,2.0,0.2546,1.3,8.0,8.506666667,9.34,12.16666667,10.92666667,25.34333333,28.87,23.33666667,22.28,6.053333333,9.353333333,10.93333333,8.29,1.736666667,5.203333333,17.81666667,5.823333333,36.06,0.77,59.11,5.41,77.29,Barley
479,red,5.1,244.0,6.0,0.2488,1.5,10.0,8.506666667,9.34,12.16666667,10.92666667,25.34333333,28.87,23.33666667,22.28,6.053333333,9.353333333,10.93333333,8.29,1.736666667,5.203333333,17.81666667,5.823333333,36.06,0.77,59.11,5.41,77.29,Barley
480,red,5.4,207.0,2.0,0.204,0.7,11.0,8.506666667,9.34,12.16666667,10.92666667,25.34333333,28.87,23.33666667,22.28,6.053333333,9.353333333,10.93333333,8.29,1.736666667,5.203333333,17.81666667,5.823333333,36.06,0.77,59.11,5.41,77.29,Barley
481,red,5.0,93.0,4.0,0.2453,0.9,10.0,8.506666667,9.34,12.16666667,10.92666667,25.34333333,28.87,23.33666667,22.28,6.053333333,9.353333333,10.93333333,8.29,1.736666667,5.203333333,17.81666667,5.823333333,36.06,0.77,59.11,5.41,77.29,Barley
482,brown,6.98,128.0,2.2,0.120529872,1.3,0.05,8.506666667,9.34,12.16666667,10.92666667,25.34333333,28.87,23.33666667,22.28,6.053333333,9.353333333,10.93333333,8.29,1.736666667,5.203333333,17.81666667,5.823333333,36.06,0.77,59.11,5.41,77.29,Barley
483,black,5.6,365.0,4.0,0.1868,1.4,6.0,8.506666667,9.34,12.16666667,10.92666667,25.34333333,28.87,23.33666667,22.28,6.053333333,9.353333333,10.93333333,8.29,1.736666667,5.203333333,17.81666667,5.823333333,36.06,0.77,59.11,5.41,77.29,Barley
484,red,5.1,133.0,4.0,0.2626,1.2,10.0,8.506666667,9.34,12.16666667,10.92666667,25.34333333,28.87,23.33666667,22.28,6.053333333,9.353333333,10.93333333,8.29,1.736666667,5.203333333,17.81666667,5.823333333,36.06,0.77,59.11,5.41,77.29,Barley
485,brown,5.7,127.0,3.0,0.3115,0.7,7.0,8.506666667,9.34,12.16666667,10.92666667,25.34333333,28.87,23.33666667,22.28,6.053333333,9.353333333,10.93333333,8.29,1.736666667,5.203333333,17.81666667,5.823333333,36.06,0.77,59.11,5.41,77.29,Barley
486,brown,5.0,290.0,2.0,0.1831,0.9,11.0,8.506666667,9.34,12.16666667,10.92666667,25.34333333,28.87,23.33666667,22.28,6.053333333,9.353333333,10.93333333,8.29,1.736666667,5.203333333,17.81666667,5.823333333,36.06,0.77,59.11,5.41,77.29,Barley
487,other,5.3,127.0,1.0,0.2017,1.1,12.0,8.506666667,9.34,12.16666667,10.92666667,25.34333333,28.87,23.33666667,22.28,6.053333333,9.353333333,10.93333333,8.29,1.736666667,5.203333333,17.81666667,5.823333333,36.06,0.77,59.11,5.41,77.29,Barley
488,red,5.8,130.0,2.0,0.1441,1.2,5.0,8.506666667,9.34,12.16666667,10.92666667,25.34333333,28.87,23.33666667,22.28,6.053333333,9.353333333,10.93333333,8.29,1.736666667,5.203333333,17.81666667,5.823333333,36.06,0.77,59.11,5.41,77.29,Barley
489,red,5.8,157.0,2.0,0.1988,0.6,5.0,8.506666667,9.34,12.16666667,10.92666667,25.34333333,28.87,23.33666667,22.28,6.053333333,9.353333333,10.93333333,8.29,1.736666667,5.203333333,17.81666667,5.823333333,36.06,0.77,59.11,5.41,77.29,Barley
490,red,5.3,328.0,6.0,0.2017,1.6,12.0,8.343333333,9.276666667,12.83666667,11.43333333,28.11333333,31.15666667,25.52666667,24.43,8.733333333,12.25333333,12.97666667,10.7,0.873333333,4.013333333,15.06,4.36,3.44,0.7,48.62,6.1,79.61,Barley
491,brown,5.3,354.0,5.0,0.2017,0.7,8.0,8.343333333,9.276666667,12.83666667,11.43333333,28.11333333,31.15666667,25.52666667,24.43,8.733333333,12.25333333,12.97666667,10.7,0.873333333,4.013333333,15.06,4.36,3.44,0.7,48.62,6.1,79.61,Barley
492,red,5.3,265.0,3.0,0.2017,1.1,8.0,8.343333333,9.276666667,12.83666667,11.43333333,28.11333333,31.15666667,25.52666667,24.43,8.733333333,12.25333333,12.97666667,10.7,0.873333333,4.013333333,15.06,4.36,3.44,0.7,48.62,6.1,79.61,Barley
493,red,5.6,352.0,4.0,0.1116,1.7,13.0,8.343333333,9.276666667,12.83666667,11.43333333,28.11333333,31.15666667,25.52666667,24.43,8.733333333,12.25333333,12.97666667,10.7,0.873333333,4.013333333,15.06,4.36,3.44,0.7,48.62,6.1,79.61,Barley
494,black,5.8,402.0,1.0,0.1793,1.4,6.0,8.343333333,9.276666667,12.83666667,11.43333333,28.11333333,31.15666667,25.52666667,24.43,8.733333333,12.25333333,12.97666667,10.7,0.873333333,4.013333333,15.06,4.36,3.44,0.7,48.62,6.1,79.61,Barley
495,brown,5.7,137.0,2.0,0.1479,1.0,6.0,8.343333333,9.276666667,12.83666667,11.43333333,28.11333333,31.15666667,25.52666667,24.43,8.733333333,12.25333333,12.97666667,10.7,0.873333333,4.013333333,15.06,4.36,3.44,0.7,48.62,6.1,79.61,Barley
496,brown,6.0,205.0,4.0,0.1,0.8,4.0,8.343333333,9.276666667,12.83666667,11.43333333,28.11333333,31.15666667,25.52666667,24.43,8.733333333,12.25333333,12.97666667,10.7,0.873333333,4.013333333,15.06,4.36,3.44,0.7,48.62,6.1,79.61,Barley
497,brown,5.2,339.0,3.0,0.17,2.3,9.0,8.383333333,9.543333333,13.49,12.63666667,29.17333333,33.1,26.3,25.15333333,8.533333333,13.18333333,13.02666667,11.33666667,0.413333333,4.41,16.62,5.43,0.06,0.7,48.62,6.21,81.38,Barley
498,brown,5.68,236.0,10.5,0.12,2.89,10.9,8.383333333,9.543333333,13.49,12.63666667,29.17333333,33.1,26.3,25.15333333,8.533333333,13.18333333,13.02666667,11.33666667,0.413333333,4.41,16.62,5.43,0.06,0.7,48.62,6.21,81.38,Barley
499,brown,5.63,212.0,4.08,0.16,1.84,8.83,8.383333333,9.543333333,13.49,12.63666667,29.17333333,33.1,26.3,25.15333333,8.533333333,13.18333333,13.02666667,11.33666667,0.413333333,4.41,16.62,5.43,0.06,0.7,48.62,6.21,81.38,Barley
500,brown,5.8,251.0,11.9,0.13,0.92,12.4,8.383333333,9.543333333,13.49,12.63666667,29.17333333,33.1,26.3,25.15333333,8.533333333,13.18333333,13.02666667,11.33666667,0.413333333,4.41,16.62,5.43,0.06,0.7,48.62,6.21,81.38,Barley
501,black,5.7,417.0,21.3,0.2,1.42,14.0,8.383333333,9.543333333,13.49,12.63666667,29.17333333,33.1,26.3,25.15333333,8.533333333,13.18333333,13.02666667,11.33666667,0.413333333,4.41,16.62,5.43,0.06,0.7,48.62,6.21,81.38,Barley
502,red,5.87,343.0,5.99,0.19,1.28,9.15,8.383333333,9.543333333,13.49,12.63666667,29.17333333,33.1,26.3,25.15333333,8.533333333,13.18333333,13.02666667,11.33666667,0.413333333,4.41,16.62,5.43,0.06,0.7,48.62,6.21,81.38,Barley
503,brown,6.5,230.0,20.0,0.0987,1.6,8.0,9.256666667,9.886666667,13.57,12.14666667,29.72333333,33.97333333,27.76666667,26.52,9.426666667,14.21333333,14.34666667,12.08666667,1.986666667,4.086666667,11.86666667,4.486666667,15.62,0.55,4.86,4.86,83.76,Bean
504,brown,6.6,187.0,5.0,0.1214,1.2,6.0,9.256666667,9.886666667,13.57,12.14666667,29.72333333,33.97333333,27.76666667,26.52,9.426666667,14.21333333,14.34666667,12.08666667,1.986666667,4.086666667,11.86666667,4.486666667,15.62,0.55,4.86,4.86,83.76,Bean
505,brown,5.8,93.0,24.0,0.1525,3.7,5.0,8.016666667,8.503333333,12.59333333,10.98666667,30.62333333,33.21666667,27.53333333,26.29,8.883333333,12.68666667,13.17,10.74666667,0.75,2.37,8.35,2.156666667,67.12,0.62,57.49,5.56,81.4,Bean
506,other,7.8,980.0,210.0,0.0468,3.9,5.0,8.016666667,8.503333333,12.59333333,10.98666667,30.62333333,33.21666667,27.53333333,26.29,8.883333333,12.68666667,13.17,10.74666667,0.75,2.37,8.35,2.156666667,67.12,0.62,57.49,5.56,81.4,Bean
507,red,5.3,671.0,5.0,0.231,2.3,10.0,8.016666667,8.503333333,12.59333333,10.98666667,30.62333333,33.21666667,27.53333333,26.29,8.883333333,12.68666667,13.17,10.74666667,0.75,2.37,8.35,2.156666667,67.12,0.62,57.49,5.56,81.4,Bean
508,brown,5.5,187.0,1.0,0.145,0.8,14.0,9.256666667,9.886666667,13.57,12.14666667,29.72333333,33.97333333,27.76666667,26.52,9.426666667,14.21333333,14.34666667,12.08666667,1.986666667,4.086666667,11.86666667,4.486666667,15.62,0.55,4.86,4.86,83.76,Bean
509,red,6.3,1114.0,229.0,0.221,7.7,10.0,7.933333333,8.403333333,11.41333333,10.15,24.85,28.5,23.53333333,21.64666667,6.253333333,9.81,10.58666667,8.38,1.763333333,3.246666667,13.01333333,3.463333333,88.38,0.74,59.11,6.26,76.54,Bean
510,red,6.5,487.0,65.0,0.2074,1.9,4.0,7.933333333,8.403333333,11.41333333,10.15,24.85,28.5,23.53333333,21.64666667,6.253333333,9.81,10.58666667,8.38,1.763333333,3.246666667,13.01333333,3.463333333,88.38,0.74,59.11,6.26,76.54,Bean
511,brown,5.7,274.0,1.0,0.0894,0.6,8.0,7.933333333,8.403333333,11.41333333,10.15,24.85,28.5,23.53333333,21.64666667,6.253333333,9.81,10.58666667,8.38,1.763333333,3.246666667,13.01333333,3.463333333,88.38,0.74,59.11,6.26,76.54,Bean
512,black,6.6,521.0,103.0,0.3619,4.5,11.0,7.933333333,8.403333333,11.41333333,10.15,24.85,28.5,23.53333333,21.64666667,6.253333333,9.81,10.58666667,8.38,1.763333333,3.246666667,13.01333333,3.463333333,88.38,0.74,59.11,6.26,76.54,Bean
513,brown,6.2,489.0,21.0,0.1718,1.4,10.0,7.933333333,8.403333333,11.41333333,10.15,24.85,28.5,23.53333333,21.64666667,6.253333333,9.81,10.58666667,8.38,1.763333333,3.246666667,13.01333333,3.463333333,88.38,0.74,59.11,6.26,76.54,Bean
514,brown,6.6,862.0,175.0,0.1463,4.9,10.0,7.933333333,8.403333333,11.41333333,10.15,24.85,28.5,23.53333333,21.64666667,6.253333333,9.81,10.58666667,8.38,1.763333333,3.246666667,13.01333333,3.463333333,88.38,0.74,59.11,6.26,76.54,Bean
515,red,5.4,394.0,5.0,0.1864,1.0,10.0,8.91,9.48,12.24666667,11.10666667,25.20666667,29.71333333,23.59,22.8,5.76,9.296666667,11.20666667,8.26,2.293333333,4.61,17.44666667,5.803333333,68.94,0.73,59.11,5.44,78.25,Bean
516,red,5.67,212.0,2.0,0.17,1.2,10.0,8.91,9.48,12.24666667,11.10666667,25.20666667,29.71333333,23.59,22.8,5.76,9.296666667,11.20666667,8.26,2.293333333,4.61,17.44666667,5.803333333,68.94,0.73,59.11,5.44,78.25,Bean
517,black,5.9,526.0,85.0,0.2081,1.4,8.0,7.933333333,8.403333333,11.41333333,10.15,24.85,28.5,23.53333333,21.64666667,6.253333333,9.81,10.58666667,8.38,1.763333333,3.246666667,13.01333333,3.463333333,88.38,0.74,59.11,6.26,76.54,Bean
518,light red,7.13,148.0,2.96,0.17,1.09,6.72,7.933333333,8.403333333,11.41333333,10.15,24.85,28.5,23.53333333,21.64666667,6.253333333,9.81,10.58666667,8.38,1.763333333,3.246666667,13.01333333,3.463333333,88.38,0.74,59.11,6.26,76.54,Bean
519,brown,5.67,124.0,1.0,0.17,0.8,15.0,8.91,9.48,12.24666667,11.10666667,25.20666667,29.71333333,23.59,22.8,5.76,9.296666667,11.20666667,8.26,2.293333333,4.61,17.44666667,5.803333333,68.94,0.73,59.11,5.44,78.25,Bean
520,black,6.6,418.0,6.0,0.1244,1.7,6.0,9.723333333,10.70333333,13.77333333,12.65666667,28.04,32.58,25.64333333,25.47333333,8.783333333,12.89,14.08666667,11.01,2.78,5.403333333,19.36333333,6.98,343.44,0.73,59.11,5.19,82.6,Bean
521,brown,6.0,127.0,6.0,0.0963,1.1,4.0,7.933333333,8.403333333,11.41333333,10.15,24.85,28.5,23.53333333,21.64666667,6.253333333,9.81,10.58666667,8.38,1.763333333,3.246666667,13.01333333,3.463333333,88.38,0.74,59.11,6.26,76.54,Bean
522,black,5.98,301.0,12.8,0.14,1.77,7.33,7.933333333,8.403333333,11.41333333,10.15,24.85,28.5,23.53333333,21.64666667,6.253333333,9.81,10.58666667,8.38,1.763333333,3.246666667,13.01333333,3.463333333,88.38,0.74,59.11,6.26,76.54,Bean
523,red,5.5,211.0,2.0,0.1705,1.3,9.0,7.933333333,8.403333333,11.41333333,10.15,24.85,28.5,23.53333333,21.64666667,6.253333333,9.81,10.58666667,8.38,1.763333333,3.246666667,13.01333333,3.463333333,88.38,0.74,59.11,6.26,76.54,Bean
524,black,5.6,318.0,8.0,0.2309,1.6,7.0,7.933333333,8.403333333,11.41333333,10.15,24.85,28.5,23.53333333,21.64666667,6.253333333,9.81,10.58666667,8.38,1.763333333,3.246666667,13.01333333,3.463333333,88.38,0.74,59.11,6.26,76.54,Bean
525,brown,5.7,190.0,4.0,0.1915,1.6,8.0,7.933333333,8.403333333,11.41333333,10.15,24.85,28.5,23.53333333,21.64666667,6.253333333,9.81,10.58666667,8.38,1.763333333,3.246666667,13.01333333,3.463333333,88.38,0.74,59.11,6.26,76.54,Bean
526,red,6.53,251.0,5.46,0.11,0.96,8.39,7.933333333,8.403333333,11.41333333,10.15,24.85,28.5,23.53333333,21.64666667,6.253333333,9.81,10.58666667,8.38,1.763333333,3.246666667,13.01333333,3.463333333,88.38,0.74,59.11,6.26,76.54,Bean
527,brown,6.0,282.0,6.0,0.163,2.5,6.0,7.933333333,8.403333333,11.41333333,10.15,24.85,28.5,23.53333333,21.64666667,6.253333333,9.81,10.58666667,8.38,1.763333333,3.246666667,13.01333333,3.463333333,88.38,0.74,59.11,6.26,76.54,Bean
528,brown,5.2,172.0,2.0,0.000261711,1.5,9.0,8.91,9.48,12.24666667,11.10666667,25.20666667,29.71333333,23.59,22.8,5.76,9.296666667,11.20666667,8.26,2.293333333,4.61,17.44666667,5.803333333,68.94,0.73,59.11,5.44,78.25,Bean
529,brown,5.8,269.0,4.0,0.2021,2.6,4.0,8.91,9.48,12.24666667,11.10666667,25.20666667,29.71333333,23.59,22.8,5.76,9.296666667,11.20666667,8.26,2.293333333,4.61,17.44666667,5.803333333,68.94,0.73,59.11,5.44,78.25,Bean
530,black,5.9,276.0,39.0,0.4818,2.0,7.0,7.933333333,8.403333333,11.41333333,10.15,24.85,28.5,23.53333333,21.64666667,6.253333333,9.81,10.58666667,8.38,1.763333333,3.246666667,13.01333333,3.463333333,88.38,0.74,59.11,6.26,76.54,Bean
531,black,7.87,283.0,42.0,0.11,2.3,12.0,7.933333333,8.403333333,11.41333333,10.15,24.85,28.5,23.53333333,21.64666667,6.253333333,9.81,10.58666667,8.38,1.763333333,3.246666667,13.01333333,3.463333333,88.38,0.74,59.11,6.26,76.54,Bean
532,brown,7.87,1359.0,174.0,0.11,4.6,18.0,7.933333333,8.403333333,11.41333333,10.15,24.85,28.5,23.53333333,21.64666667,6.253333333,9.81,10.58666667,8.38,1.763333333,3.246666667,13.01333333,3.463333333,88.38,0.74,59.11,6.26,76.54,Bean
533,brown,5.4,367.0,5.0,0.1255,1.1,11.0,8.91,9.48,12.24666667,11.10666667,25.20666667,29.71333333,23.59,22.8,5.76,9.296666667,11.20666667,8.26,2.293333333,4.61,17.44666667,5.803333333,68.94,0.73,59.11,5.44,78.25,Bean
534,black,6.95,505.0,11.0,0.09,1.2,5.0,7.933333333,8.403333333,11.41333333,10.15,24.85,28.5,23.53333333,21.64666667,6.253333333,9.81,10.58666667,8.38,1.763333333,3.246666667,13.01333333,3.463333333,88.38,0.74,59.11,6.26,76.54,Bean
535,brown,5.4,181.0,6.0,0.2174,2.5,6.0,8.91,9.48,12.24666667,11.10666667,25.20666667,29.71333333,23.59,22.8,5.76,9.296666667,11.20666667,8.26,2.293333333,4.61,17.44666667,5.803333333,68.94,0.73,59.11,5.44,78.25,Bean
536,brown,6.23,193.0,7.79,0.13,1.59,7.91,7.933333333,8.403333333,11.41333333,10.15,24.85,28.5,23.53333333,21.64666667,6.253333333,9.81,10.58666667,8.38,1.763333333,3.246666667,13.01333333,3.463333333,88.38,0.74,59.11,6.26,76.54,Bean
537,black,5.78,179.0,4.0,0.16,1.6,9.0,7.933333333,8.403333333,11.41333333,10.15,24.85,28.5,23.53333333,21.64666667,6.253333333,9.81,10.58666667,8.38,1.763333333,3.246666667,13.01333333,3.463333333,88.38,0.74,59.11,6.26,76.54,Bean
538,black,6.95,545.0,2.0,0.09,0.9,5.0,7.933333333,8.403333333,11.41333333,10.15,24.85,28.5,23.53333333,21.64666667,6.253333333,9.81,10.58666667,8.38,1.763333333,3.246666667,13.01333333,3.463333333,88.38,0.74,59.11,6.26,76.54,Bean
539,brown,7.68,259.0,2.0,0.09,1.4,6.0,7.933333333,8.403333333,11.41333333,10.15,24.85,28.5,23.53333333,21.64666667,6.253333333,9.81,10.58666667,8.38,1.763333333,3.246666667,13.01333333,3.463333333,88.38,0.74,59.11,6.26,76.54,Bean
540,black,5.4,394.0,9.0,0.1255,1.7,14.0,8.91,9.48,12.24666667,11.10666667,25.20666667,29.71333333,23.59,22.8,5.76,9.296666667,11.20666667,8.26,2.293333333,4.61,17.44666667,5.803333333,68.94,0.73,59.11,5.44,78.25,Bean
541,brown,7.53,688.0,56.0,0.09,3.1,6.0,7.933333333,8.403333333,11.41333333,10.15,24.85,28.5,23.53333333,21.64666667,6.253333333,9.81,10.58666667,8.38,1.763333333,3.246666667,13.01333333,3.463333333,88.38,0.74,59.11,6.26,76.54,Bean
542,other,6.95,441.0,11.0,0.16,1.5,8.0,7.933333333,8.403333333,11.41333333,10.15,24.85,28.5,23.53333333,21.64666667,6.253333333,9.81,10.58666667,8.38,1.763333333,3.246666667,13.01333333,3.463333333,88.38,0.74,59.11,6.26,76.54,Bean
543,brown,6.95,161.0,2.0,0.16,1.7,11.0,7.933333333,8.403333333,11.41333333,10.15,24.85,28.5,23.53333333,21.64666667,6.253333333,9.81,10.58666667,8.38,1.763333333,3.246666667,13.01333333,3.463333333,88.38,0.74,59.11,6.26,76.54,Bean
544,brown,6.95,424.0,2.0,0.16,1.2,5.0,7.933333333,8.403333333,11.41333333,10.15,24.85,28.5,23.53333333,21.64666667,6.253333333,9.81,10.58666667,8.38,1.763333333,3.246666667,13.01333333,3.463333333,88.38,0.74,59.11,6.26,76.54,Bean
545,black,7.53,512.0,9.0,0.09,1.0,6.0,7.933333333,8.403333333,11.41333333,10.15,24.85,28.5,23.53333333,21.64666667,6.253333333,9.81,10.58666667,8.38,1.763333333,3.246666667,13.01333333,3.463333333,88.38,0.74,59.11,6.26,76.54,Bean
546,other,6.95,279.0,2.0,0.16,1.3,6.0,7.933333333,8.403333333,11.41333333,10.15,24.85,28.5,23.53333333,21.64666667,6.253333333,9.81,10.58666667,8.38,1.763333333,3.246666667,13.01333333,3.463333333,88.38,0.74,59.11,6.26,76.54,Bean
547,brown,7.2,292.0,12.0,0.110631325,1.4,10.0,7.753333333,8.156666667,11.82,10.43666667,28.24666667,31.11666667,27.03,25.41,11.14333333,14.42666667,14.72666667,13.07333333,0.68,1.94,10.21333333,2.306666667,106.94,0.52,54.41,9.58,80.44,Bean
548,gray,7.2,254.0,15.0,0.110631325,1.1,15.0,7.753333333,8.156666667,11.82,10.43666667,28.24666667,31.11666667,27.03,25.41,11.14333333,14.42666667,14.72666667,13.07333333,0.68,1.94,10.21333333,2.306666667,106.94,0.52,54.41,9.58,80.44,Bean
549,brown,5.88,232.0,5.0,0.12,1.7,8.0,7.933333333,8.403333333,11.41333333,10.15,24.85,28.5,23.53333333,21.64666667,6.253333333,9.81,10.58666667,8.38,1.763333333,3.246666667,13.01333333,3.463333333,88.38,0.74,59.11,6.26,76.54,Bean
550,red,5.88,194.0,5.0,0.12,1.8,8.0,7.933333333,8.403333333,11.41333333,10.15,24.85,28.5,23.53333333,21.64666667,6.253333333,9.81,10.58666667,8.38,1.763333333,3.246666667,13.01333333,3.463333333,88.38,0.74,59.11,6.26,76.54,Bean
551,gray,5.88,206.0,49.0,0.12,1.0,8.0,7.933333333,8.403333333,11.41333333,10.15,24.85,28.5,23.53333333,21.64666667,6.253333333,9.81,10.58666667,8.38,1.763333333,3.246666667,13.01333333,3.463333333,88.38,0.74,59.11,6.26,76.54,Bean
552,red,5.8,141.0,1.0,0.17684796,1.0,9.8,9.723333333,10.70333333,13.77333333,12.65666667,28.04,32.58,25.64333333,25.47333333,8.783333333,12.89,14.08666667,11.01,2.78,5.403333333,19.36333333,6.98,343.44,0.73,59.11,5.19,82.6,Bean
553,brown,5.98,196.0,9.0,0.18,0.8,5.0,7.933333333,8.403333333,11.41333333,10.15,24.85,28.5,23.53333333,21.64666667,6.253333333,9.81,10.58666667,8.38,1.763333333,3.246666667,13.01333333,3.463333333,88.38,0.74,59.11,6.26,76.54,Bean
554,brown,5.3,867.0,17.0,0.2279,2.0,18.0,8.506666667,9.34,12.16666667,10.92666667,25.34333333,28.87,23.33666667,22.28,6.053333333,9.353333333,10.93333333,8.29,1.736666667,5.203333333,17.81666667,5.823333333,36.06,0.77,59.11,5.41,77.29,Bean
555,brown,5.98,171.0,23.0,0.18,0.9,7.0,7.586666667,8.136666667,11.43,10.15,26.32666667,28.97,24.37666667,22.67333333,7.513333333,11.38333333,11.81,10.08666667,0.91,2.266666667,11.76666667,2.96,88.31,0.63,59.11,6.01,77.15,Bean
556,red,6.56,206.0,14.0,0.16,1.5,8.0,7.586666667,8.136666667,11.43,10.15,26.32666667,28.97,24.37666667,22.67333333,7.513333333,11.38333333,11.81,10.08666667,0.91,2.266666667,11.76666667,2.96,88.31,0.63,59.11,6.01,77.15,Bean
557,red,6.56,198.0,8.0,0.16,1.3,7.0,7.586666667,8.136666667,11.43,10.15,26.32666667,28.97,24.37666667,22.67333333,7.513333333,11.38333333,11.81,10.08666667,0.91,2.266666667,11.76666667,2.96,88.31,0.63,59.11,6.01,77.15,Bean
558,gray,6.58,145.0,13.0,0.16,1.2,4.0,7.586666667,8.136666667,11.43,10.15,26.32666667,28.97,24.37666667,22.67333333,7.513333333,11.38333333,11.81,10.08666667,0.91,2.266666667,11.76666667,2.96,88.31,0.63,59.11,6.01,77.15,Bean
559,red,5.32,365.0,3.1,0.236689094,1.2,12.3,8.566666667,9.663333333,12.73666667,11.78,25.88333333,30.05666667,23.65,22.84666667,6.626666667,10.35,11.17333333,9.1,1.343333333,5.66,19.92,7.42,14.25,0.8,59.11,6.06,78.58,Bean
560,brown,6.48,327.0,2.0,0.16,1.7,7.0,7.586666667,8.136666667,11.43,10.15,26.32666667,28.97,24.37666667,22.67333333,7.513333333,11.38333333,11.81,10.08666667,0.91,2.266666667,11.76666667,2.96,88.31,0.63,59.11,6.01,77.15,Bean
561,red,6.48,163.0,3.0,0.16,1.5,6.0,7.586666667,8.136666667,11.43,10.15,26.32666667,28.97,24.37666667,22.67333333,7.513333333,11.38333333,11.81,10.08666667,0.91,2.266666667,11.76666667,2.96,88.31,0.63,59.11,6.01,77.15,Bean
562,gray,5.89,215.0,3.0,0.16,1.5,10.0,7.586666667,8.136666667,11.43,10.15,26.32666667,28.97,24.37666667,22.67333333,7.513333333,11.38333333,11.81,10.08666667,0.91,2.266666667,11.76666667,2.96,88.31,0.63,59.11,6.01,77.15,Bean
563,black,6.4,294.0,6.0,0.16,1.8,9.0,7.586666667,8.136666667,11.43,10.15,26.32666667,28.97,24.37666667,22.67333333,7.513333333,11.38333333,11.81,10.08666667,0.91,2.266666667,11.76666667,2.96,88.31,0.63,59.11,6.01,77.15,Bean
564,brown,5.8,329.0,23.0,0.250293402,1.9,11.0,8.506666667,9.34,12.16666667,10.92666667,25.34333333,28.87,23.33666667,22.28,6.053333333,9.353333333,10.93333333,8.29,1.736666667,5.203333333,17.81666667,5.823333333,36.06,0.77,59.11,5.41,77.29,Bean
565,brown,6.05,1620.0,159.0,0.16,8.1,14.0,7.586666667,8.136666667,11.43,10.15,26.32666667,28.97,24.37666667,22.67333333,7.513333333,11.38333333,11.81,10.08666667,0.91,2.266666667,11.76666667,2.96,88.31,0.63,59.11,6.01,77.15,Bean
566,brown,6.9,308.0,4.0,0.134622792,1.7,8.0,7.586666667,8.136666667,11.43,10.15,26.32666667,28.97,24.37666667,22.67333333,7.513333333,11.38333333,11.81,10.08666667,0.91,2.266666667,11.76666667,2.96,88.31,0.63,59.11,6.01,77.15,Bean
567,brown,6.9,871.0,139.0,0.134622792,5.5,11.0,7.586666667,8.136666667,11.43,10.15,26.32666667,28.97,24.37666667,22.67333333,7.513333333,11.38333333,11.81,10.08666667,0.91,2.266666667,11.76666667,2.96,88.31,0.63,59.11,6.01,77.15,Bean
568,red,5.8,274.0,9.0,0.250293402,1.9,15.0,8.506666667,9.34,12.16666667,10.92666667,25.34333333,28.87,23.33666667,22.28,6.053333333,9.353333333,10.93333333,8.29,1.736666667,5.203333333,17.81666667,5.823333333,36.06,0.77,59.11,5.41,77.29,Bean
569,brown,5.4,255.0,20.0,0.1333,0.7,7.0,8.506666667,9.34,12.16666667,10.92666667,25.34333333,28.87,23.33666667,22.28,6.053333333,9.353333333,10.93333333,8.29,1.736666667,5.203333333,17.81666667,5.823333333,36.06,0.77,59.11,5.41,77.29,Bean
570,black,6.37,435.0,2.0,0.134622792,1.7,9.0,7.586666667,8.136666667,11.43,10.15,26.32666667,28.97,24.37666667,22.67333333,7.513333333,11.38333333,11.81,10.08666667,0.91,2.266666667,11.76666667,2.96,88.31,0.63,59.11,6.01,77.15,Bean
571,brown,6.9,230.0,8.0,0.134622792,1.6,6.0,7.586666667,8.136666667,11.43,10.15,26.32666667,28.97,24.37666667,22.67333333,7.513333333,11.38333333,11.81,10.08666667,0.91,2.266666667,11.76666667,2.96,88.31,0.63,59.11,6.01,77.15,Bean
572,brown,5.8,147.0,4.0,0.250293402,0.5,10.0,8.506666667,9.34,12.16666667,10.92666667,25.34333333,28.87,23.33666667,22.28,6.053333333,9.353333333,10.93333333,8.29,1.736666667,5.203333333,17.81666667,5.823333333,36.06,0.77,59.11,5.41,77.29,Bean
573,red,5.4,107.0,3.0,0.1333,0.9,8.0,8.506666667,9.34,12.16666667,10.92666667,25.34333333,28.87,23.33666667,22.28,6.053333333,9.353333333,10.93333333,8.29,1.736666667,5.203333333,17.81666667,5.823333333,36.06,0.77,59.11,5.41,77.29,Bean
574,red,5.8,361.0,5.0,0.195910715,1.4,19.0,7.586666667,8.136666667,11.43,10.15,26.32666667,28.97,24.37666667,22.67333333,7.513333333,11.38333333,11.81,10.08666667,0.91,2.266666667,11.76666667,2.96,88.31,0.63,59.11,6.01,77.15,Bean
575,brown,6.3,363.0,11.0,0.000261711,0.7,10.0,7.586666667,8.136666667,11.43,10.15,26.32666667,28.97,24.37666667,22.67333333,7.513333333,11.38333333,11.81,10.08666667,0.91,2.266666667,11.76666667,2.96,88.31,0.63,59.11,6.01,77.15,Bean
576,brown,5.8,469.0,46.0,0.250293402,1.1,5.0,8.506666667,9.34,12.16666667,10.92666667,25.34333333,28.87,23.33666667,22.28,6.053333333,9.353333333,10.93333333,8.29,1.736666667,5.203333333,17.81666667,5.823333333,36.06,0.77,59.11,5.41,77.29,Bean
577,brown,5.6,274.0,2.0,0.0808,1.4,16.0,8.566666667,9.663333333,12.73666667,11.78,25.88333333,30.05666667,23.65,22.84666667,6.626666667,10.35,11.17333333,9.1,1.343333333,5.66,19.92,7.42,14.25,0.8,59.11,6.06,78.58,Bean
578,brown,5.55,507.24,4.5,0.2289,2.47,9.52,8.506666667,9.34,12.16666667,10.92666667,25.34333333,28.87,23.33666667,22.28,6.053333333,9.353333333,10.93333333,8.29,1.736666667,5.203333333,17.81666667,5.823333333,36.06,0.77,59.11,5.41,77.29,Bean
579,brown,6.11,251.0,6.0,0.0808,1.5,11.0,8.506666667,9.34,12.16666667,10.92666667,25.34333333,28.87,23.33666667,22.28,6.053333333,9.353333333,10.93333333,8.29,1.736666667,5.203333333,17.81666667,5.823333333,36.06,0.77,59.11,5.41,77.29,Bean
580,brown,5.8,202.51,7.42,0.250293402,1.44,3.58,8.506666667,9.34,12.16666667,10.92666667,25.34333333,28.87,23.33666667,22.28,6.053333333,9.353333333,10.93333333,8.29,1.736666667,5.203333333,17.81666667,5.823333333,36.06,0.77,59.11,5.41,77.29,Bean
581,brown,6.15,276.78,8.84,0.0808,1.05,6.99,7.586666667,8.136666667,11.43,10.15,26.32666667,28.97,24.37666667,22.67333333,7.513333333,11.38333333,11.81,10.08666667,0.91,2.266666667,11.76666667,2.96,88.31,0.63,59.11,6.01,77.15,Bean
582,black,6.37,362.0,4.0,0.111842553,1.9,8.0,8.506666667,9.34,12.16666667,10.92666667,25.34333333,28.87,23.33666667,22.28,6.053333333,9.353333333,10.93333333,8.29,1.736666667,5.203333333,17.81666667,5.823333333,36.06,0.77,59.11,5.41,77.29,Bean
583,brown,5.85,275.0,87.0,0.2289,5.9,9.0,8.506666667,9.34,12.16666667,10.92666667,25.34333333,28.87,23.33666667,22.28,6.053333333,9.353333333,10.93333333,8.29,1.736666667,5.203333333,17.81666667,5.823333333,36.06,0.77,59.11,5.41,77.29,Bean
584,gray,5.8,397.0,29.0,0.250293402,3.8,10.0,8.506666667,9.34,12.16666667,10.92666667,25.34333333,28.87,23.33666667,22.28,6.053333333,9.353333333,10.93333333,8.29,1.736666667,5.203333333,17.81666667,5.823333333,36.06,0.77,59.11,5.41,77.29,Bean
585,black,6.37,310.0,2.0,0.111842553,1.2,5.0,8.506666667,9.34,12.16666667,10.92666667,25.34333333,28.87,23.33666667,22.28,6.053333333,9.353333333,10.93333333,8.29,1.736666667,5.203333333,17.81666667,5.823333333,36.06,0.77,59.11,5.41,77.29,Bean
586,brown,5.68,142.0,6.8,0.076819645,0.6,3.8,8.506666667,9.34,12.16666667,10.92666667,25.34333333,28.87,23.33666667,22.28,6.053333333,9.353333333,10.93333333,8.29,1.736666667,5.203333333,17.81666667,5.823333333,36.06,0.77,59.11,5.41,77.29,Bean
587,red,5.84,377.0,9.9,0.150259886,2.0,7.8,8.506666667,9.34,12.16666667,10.92666667,25.34333333,28.87,23.33666667,22.28,6.053333333,9.353333333,10.93333333,8.29,1.736666667,5.203333333,17.81666667,5.823333333,36.06,0.77,59.11,5.41,77.29,Bean
588,red,6.3,330.0,1.9,0.109118423,1.4,7.5,8.506666667,9.34,12.16666667,10.92666667,25.34333333,28.87,23.33666667,22.28,6.053333333,9.353333333,10.93333333,8.29,1.736666667,5.203333333,17.81666667,5.823333333,36.06,0.77,59.11,5.41,77.29,Bean
589,brown,5.4,220.0,4.0,0.2313,1.3,8.0,8.506666667,9.34,12.16666667,10.92666667,25.34333333,28.87,23.33666667,22.28,6.053333333,9.353333333,10.93333333,8.29,1.736666667,5.203333333,17.81666667,5.823333333,36.06,0.77,59.11,5.41,77.29,Bean
590,red,5.4,361.0,8.0,0.2216,1.0,12.0,8.506666667,9.34,12.16666667,10.92666667,25.34333333,28.87,23.33666667,22.28,6.053333333,9.353333333,10.93333333,8.29,1.736666667,5.203333333,17.81666667,5.823333333,36.06,0.77,59.11,5.41,77.29,Bean
591,brown,5.8,162.0,3.0,0.2984,1.8,4.0,8.506666667,9.34,12.16666667,10.92666667,25.34333333,28.87,23.33666667,22.28,6.053333333,9.353333333,10.93333333,8.29,1.736666667,5.203333333,17.81666667,5.823333333,36.06,0.77,59.11,5.41,77.29,Bean
592,red,5.5,378.0,3.0,0.2223,1.2,11.0,8.506666667,9.34,12.16666667,10.92666667,25.34333333,28.87,23.33666667,22.28,6.053333333,9.353333333,10.93333333,8.29,1.736666667,5.203333333,17.81666667,5.823333333,36.06,0.77,59.11,5.41,77.29,Bean
593,brown,5.6,231.0,2.0,0.1464,0.9,8.0,8.506666667,9.34,12.16666667,10.92666667,25.34333333,28.87,23.33666667,22.28,6.053333333,9.353333333,10.93333333,8.29,1.736666667,5.203333333,17.81666667,5.823333333,36.06,0.77,59.11,5.41,77.29,Bean
594,red,6.55,631.0,68.7,0.131968013,2.5,0.05,8.506666667,9.34,12.16666667,10.92666667,25.34333333,28.87,23.33666667,22.28,6.053333333,9.353333333,10.93333333,8.29,1.736666667,5.203333333,17.81666667,5.823333333,36.06,0.77,59.11,5.41,77.29,Bean
595,red,5.8,363.0,3.0,0.1979,1.5,10.0,8.506666667,9.34,12.16666667,10.92666667,25.34333333,28.87,23.33666667,22.28,6.053333333,9.353333333,10.93333333,8.29,1.736666667,5.203333333,17.81666667,5.823333333,36.06,0.77,59.11,5.41,77.29,Bean
596,red,5.7,392.0,7.0,0.1011,1.5,5.0,8.343333333,9.276666667,12.83666667,11.43333333,28.11333333,31.15666667,25.52666667,24.43,8.733333333,12.25333333,12.97666667,10.7,0.873333333,4.013333333,15.06,4.36,3.44,0.7,48.62,6.1,79.61,Bean
597,brown,5.85,298.0,2.18,0.09,1.2,8.26,8.383333333,9.543333333,13.49,12.63666667,29.17333333,33.1,26.3,25.15333333,8.533333333,13.18333333,13.02666667,11.33666667,0.413333333,4.41,16.62,5.43,0.06,0.7,48.62,6.21,81.38,Bean
598,brown,5.58,247.0,24.3,0.17,0.88,11.4,8.383333333,9.543333333,13.49,12.63666667,29.17333333,33.1,26.3,25.15333333,8.533333333,13.18333333,13.02666667,11.33666667,0.413333333,4.41,16.62,5.43,0.06,0.7,48.62,6.21,81.38,Bean
599,black,7.2,626.0,6.0,0.110631325,0.9,14.0,7.753333333,8.156666667,11.82,10.43666667,28.24666667,31.11666667,27.03,25.41,11.14333333,14.42666667,14.72666667,13.07333333,0.68,1.94,10.21333333,2.306666667,106.94,0.52,54.41,9.58,80.44,Bean
600,gray,7.2,158.0,6.0,0.110631325,0.9,13.0,7.753333333,8.156666667,11.82,10.43666667,28.24666667,31.11666667,27.03,25.41,11.14333333,14.42666667,14.72666667,13.07333333,0.68,1.94,10.21333333,2.306666667,106.94,0.52,54.41,9.58,80.44,Bean
601,gray,7.1,282.0,12.0,0.069481704,1.3,18.0,7.586666667,8.136666667,11.43,10.15,26.32666667,28.97,24.37666667,22.67333333,7.513333333,11.38333333,11.81,10.08666667,0.91,2.266666667,11.76666667,2.96,88.31,0.63,59.11,6.01,77.15,Bean
602,brown,6.0,195.0,2.0,0.0969,1.1,6.0,8.506666667,9.34,12.16666667,10.92666667,25.34333333,28.87,23.33666667,22.28,6.053333333,9.353333333,10.93333333,8.29,1.736666667,5.203333333,17.81666667,5.823333333,36.06,0.77,59.11,5.41,77.29,Bean
603,black,7.2,451.0,3.0,0.1727,1.4,12.0,8.016666667,8.503333333,12.59333333,10.98666667,30.62333333,33.21666667,27.53333333,26.29,8.883333333,12.68666667,13.17,10.74666667,0.75,2.37,8.35,2.156666667,67.12,0.62,57.49,5.56,81.4,Bean
604,brown,5.95,517.0,28.0,0.000261711,3.8,17.0,7.586666667,8.136666667,11.43,10.15,26.32666667,28.97,24.37666667,22.67333333,7.513333333,11.38333333,11.81,10.08666667,0.91,2.266666667,11.76666667,2.96,88.31,0.63,59.11,6.01,77.15,Bean
605,red,5.2,209.0,2.0,0.156,0.5,16.0,8.383333333,9.543333333,13.49,12.63666667,29.17333333,33.1,26.3,25.15333333,8.533333333,13.18333333,13.02666667,11.33666667,0.413333333,4.41,16.62,5.43,0.06,0.7,48.62,6.21,81.38,Bean
606,black,6.0,464.0,4.0,0.1636,1.2,7.0,7.933333333,8.403333333,11.41333333,10.15,24.85,28.5,23.53333333,21.64666667,6.253333333,9.81,10.58666667,8.38,1.763333333,3.246666667,13.01333333,3.463333333,88.38,0.74,59.11,6.26,76.54,Bean
607,black,6.3,270.0,4.0,0.1914,0.7,6.0,7.933333333,8.403333333,11.41333333,10.15,24.85,28.5,23.53333333,21.64666667,6.253333333,9.81,10.58666667,8.38,1.763333333,3.246666667,13.01333333,3.463333333,88.38,0.74,59.11,6.26,76.54,Bean
608,black,6.7,307.0,3.0,0.1344,2.6,6.0,8.016666667,8.503333333,12.59333333,10.98666667,30.62333333,33.21666667,27.53333333,26.29,8.883333333,12.68666667,13.17,10.74666667,0.75,2.37,8.35,2.156666667,67.12,0.62,57.49,5.56,81.4,Bean
609,black,7.0,243.0,5.0,0.101,2.3,6.0,8.016666667,8.503333333,12.59333333,10.98666667,30.62333333,33.21666667,27.53333333,26.29,8.883333333,12.68666667,13.17,10.74666667,0.75,2.37,8.35,2.156666667,67.12,0.62,57.49,5.56,81.4,Bean
610,black,6.4,344.0,2.0,0.153,1.7,6.0,9.256666667,9.886666667,13.57,12.14666667,29.72333333,33.97333333,27.76666667,26.52,9.426666667,14.21333333,14.34666667,12.08666667,1.986666667,4.086666667,11.86666667,4.486666667,15.62,0.55,4.86,4.86,83.76,Bean
611,other,5.3,303.0,2.0,0.2017,1.2,11.0,8.566666667,9.663333333,12.73666667,11.78,25.88333333,30.05666667,23.65,22.84666667,6.626666667,10.35,11.17333333,9.1,1.343333333,5.66,19.92,7.42,14.25,0.8,59.11,6.06,78.58,Bean
612,black,8.1,616.0,1.0,0.0825,1.4,8.0,8.016666667,8.503333333,12.59333333,10.98666667,30.62333333,33.21666667,27.53333333,26.29,8.883333333,12.68666667,13.17,10.74666667,0.75,2.37,8.35,2.156666667,67.12,0.62,57.49,5.56,81.4,Bean
613,brown,6.48,201.0,31.0,0.03,1.57,13.0,8.91,9.48,12.24666667,11.10666667,25.20666667,29.71333333,23.59,22.8,5.76,9.296666667,11.20666667,8.26,2.293333333,4.61,17.44666667,5.803333333,68.94,0.73,59.11,5.44,78.25,Bean
614,brown,5.8,363.0,56.0,0.250293402,3.1,8.0,8.506666667,9.34,12.16666667,10.92666667,25.34333333,28.87,23.33666667,22.28,6.053333333,9.353333333,10.93333333,8.29,1.736666667,5.203333333,17.81666667,5.823333333,36.06,0.77,59.11,5.41,77.29,Bean
615,brown,7.1,302.0,3.0,0.1273,2.4,6.0,8.343333333,9.276666667,12.83666667,11.43333333,28.11333333,31.15666667,25.52666667,24.43,8.733333333,12.25333333,12.97666667,10.7,0.873333333,4.013333333,15.06,4.36,3.44,0.7,48.62,6.1,79.61,Bean
616,brown,5.67,1112.0,30.0,0.17,3.4,13.0,8.91,9.48,12.24666667,11.10666667,25.20666667,29.71333333,23.59,22.8,5.76,9.296666667,11.20666667,8.26,2.293333333,4.61,17.44666667,5.803333333,68.94,0.73,59.11,5.44,78.25,Bean
617,black,6.1,432.0,5.0,0.1276,1.5,9.0,8.91,9.48,12.24666667,11.10666667,25.20666667,29.71333333,23.59,22.8,5.76,9.296666667,11.20666667,8.26,2.293333333,4.61,17.44666667,5.803333333,68.94,0.73,59.11,5.44,78.25,Bean
618,red,5.3,217.0,1.0,0.2463,1.1,13.0,8.91,9.48,12.24666667,11.10666667,25.20666667,29.71333333,23.59,22.8,5.76,9.296666667,11.20666667,8.26,2.293333333,4.61,17.44666667,5.803333333,68.94,0.73,59.11,5.44,78.25,Bean
619,red,5.7,223.0,2.0,0.2566,0.7,8.0,8.91,9.48,12.24666667,11.10666667,25.20666667,29.71333333,23.59,22.8,5.76,9.296666667,11.20666667,8.26,2.293333333,4.61,17.44666667,5.803333333,68.94,0.73,59.11,5.44,78.25,Bean
620,brown,5.4,89.0,1.0,0.1157,0.9,11.0,8.91,9.48,12.24666667,11.10666667,25.20666667,29.71333333,23.59,22.8,5.76,9.296666667,11.20666667,8.26,2.293333333,4.61,17.44666667,5.803333333,68.94,0.73,59.11,5.44,78.25,Bean
621,red,5.3,154.0,0.5,0.1139,0.5,14.0,8.91,9.48,12.24666667,11.10666667,25.20666667,29.71333333,23.59,22.8,5.76,9.296666667,11.20666667,8.26,2.293333333,4.61,17.44666667,5.803333333,68.94,0.73,59.11,5.44,78.25,Bean
622,brown,5.1,310.0,3.0,0.191,0.9,16.0,8.016666667,8.503333333,12.59333333,10.98666667,30.62333333,33.21666667,27.53333333,26.29,8.883333333,12.68666667,13.17,10.74666667,0.75,2.37,8.35,2.156666667,67.12,0.62,57.49,5.56,81.4,Bean
623,red,6.5,398.0,5.0,0.2514,2.7,8.0,8.91,9.48,12.24666667,11.10666667,25.20666667,29.71333333,23.59,22.8,5.76,9.296666667,11.20666667,8.26,2.293333333,4.61,17.44666667,5.803333333,68.94,0.73,59.11,5.44,78.25,Bean
624,red,7.0,730.0,80.0,0.3385,8.5,11.0,9.723333333,10.70333333,13.77333333,12.65666667,28.04,32.58,25.64333333,25.47333333,8.783333333,12.89,14.08666667,11.01,2.78,5.403333333,19.36333333,6.98,343.44,0.73,59.11,5.19,82.6,Bean
625,black,7.3,682.0,43.0,0.3828,4.7,10.0,8.91,9.48,12.24666667,11.10666667,25.20666667,29.71333333,23.59,22.8,5.76,9.296666667,11.20666667,8.26,2.293333333,4.61,17.44666667,5.803333333,68.94,0.73,59.11,5.44,78.25,Bean
626,red,6.8,510.0,7.0,0.2262,3.7,8.0,8.91,9.48,12.24666667,11.10666667,25.20666667,29.71333333,23.59,22.8,5.76,9.296666667,11.20666667,8.26,2.293333333,4.61,17.44666667,5.803333333,68.94,0.73,59.11,5.44,78.25,Bean
627,reddish brown,5.81,612.0,5.13,0.28,4.36,11.4,8.343333333,9.276666667,12.83666667,11.43333333,28.11333333,31.15666667,25.52666667,24.43,8.733333333,12.25333333,12.97666667,10.7,0.873333333,4.013333333,15.06,4.36,3.44,0.7,48.62,6.1,79.61,Bean
628,red,5.3,682.0,4.0,0.2317,1.9,18.0,7.586666667,8.136666667,11.43,10.15,26.32666667,28.97,24.37666667,22.67333333,7.513333333,11.38333333,11.81,10.08666667,0.91,2.266666667,11.76666667,2.96,88.31,0.63,59.11,6.01,77.15,Bean
629,brown,5.76,235.0,1.89,0.19,1.62,12.5,8.91,9.48,12.24666667,11.10666667,25.20666667,29.71333333,23.59,22.8,5.76,9.296666667,11.20666667,8.26,2.293333333,4.61,17.44666667,5.803333333,68.94,0.73,59.11,5.44,78.25,Bean
630,brown,6.2,243.0,1.0,0.18,1.5,7.0,7.933333333,8.403333333,11.41333333,10.15,24.85,28.5,23.53333333,21.64666667,6.253333333,9.81,10.58666667,8.38,1.763333333,3.246666667,13.01333333,3.463333333,88.38,0.74,59.11,6.26,76.54,Bean
631,red,5.4,169.0,1.0,0.1082,0.8,14.0,8.91,9.48,12.24666667,11.10666667,25.20666667,29.71333333,23.59,22.8,5.76,9.296666667,11.20666667,8.26,2.293333333,4.61,17.44666667,5.803333333,68.94,0.73,59.11,5.44,78.25,Bean
632,brown,5.4,260.0,5.0,0.1639,1.3,9.0,8.91,9.48,12.24666667,11.10666667,25.20666667,29.71333333,23.59,22.8,5.76,9.296666667,11.20666667,8.26,2.293333333,4.61,17.44666667,5.803333333,68.94,0.73,59.11,5.44,78.25,Bean
633,red,4.8,135.0,1.0,0.1725,0.9,18.0,8.91,9.48,12.24666667,11.10666667,25.20666667,29.71333333,23.59,22.8,5.76,9.296666667,11.20666667,8.26,2.293333333,4.61,17.44666667,5.803333333,68.94,0.73,59.11,5.44,78.25,Bean
634,brown,5.28,95.0,4.0,0.2289,0.5,10.0,8.566666667,9.663333333,12.73666667,11.78,25.88333333,30.05666667,23.65,22.84666667,6.626666667,10.35,11.17333333,9.1,1.343333333,5.66,19.92,7.42,14.25,0.8,59.11,6.06,78.58,Bean
635,brown,5.26,261.0,3.0,0.2289,0.9,14.0,8.566666667,9.663333333,12.73666667,11.78,25.88333333,30.05666667,23.65,22.84666667,6.626666667,10.35,11.17333333,9.1,1.343333333,5.66,19.92,7.42,14.25,0.8,59.11,6.06,78.58,Bean
636,red,5.86,82.0,1.0,0.2289,1.0,7.0,8.506666667,9.34,12.16666667,10.92666667,25.34333333,28.87,23.33666667,22.28,6.053333333,9.353333333,10.93333333,8.29,1.736666667,5.203333333,17.81666667,5.823333333,36.06,0.77,59.11,5.41,77.29,Bean
637,red,5.39,176.0,3.0,0.21,0.6,15.0,8.343333333,9.276666667,12.83666667,11.43333333,28.11333333,31.15666667,25.52666667,24.43,8.733333333,12.25333333,12.97666667,10.7,0.873333333,4.013333333,15.06,4.36,3.44,0.7,48.62,6.1,79.61,Bean
638,black,6.8,129.0,7.0,0.0802,1.3,8.0,9.256666667,9.886666667,13.57,12.14666667,29.72333333,33.97333333,27.76666667,26.52,9.426666667,14.21333333,14.34666667,12.08666667,1.986666667,4.086666667,11.86666667,4.486666667,15.62,0.55,4.86,4.86,83.76,Bean
639,red,5.2,469.0,4.0,0.301,2.1,17.0,9.256666667,9.886666667,13.57,12.14666667,29.72333333,33.97333333,27.76666667,26.52,9.426666667,14.21333333,14.34666667,12.08666667,1.986666667,4.086666667,11.86666667,4.486666667,15.62,0.55,4.86,4.86,83.76,Bean
640,red,5.6,494.0,6.0,0.1734,1.2,18.0,8.016666667,8.503333333,12.59333333,10.98666667,30.62333333,33.21666667,27.53333333,26.29,8.883333333,12.68666667,13.17,10.74666667,0.75,2.37,8.35,2.156666667,67.12,0.62,57.49,5.56,81.4,Bean
641,black,6.2,497.0,1.0,0.2063,1.4,24.0,8.016666667,8.503333333,12.59333333,10.98666667,30.62333333,33.21666667,27.53333333,26.29,8.883333333,12.68666667,13.17,10.74666667,0.75,2.37,8.35,2.156666667,67.12,0.62,57.49,5.56,81.4,Bean
642,brown,4.4,169.0,2.0,0.4663,2.7,20.0,8.91,9.48,12.24666667,11.10666667,25.20666667,29.71333333,23.59,22.8,5.76,9.296666667,11.20666667,8.26,2.293333333,4.61,17.44666667,5.803333333,68.94,0.73,59.11,5.44,78.25,Bean
643,black,6.4,359.0,6.0,0.2199,1.5,9.0,7.933333333,8.403333333,11.41333333,10.15,24.85,28.5,23.53333333,21.64666667,6.253333333,9.81,10.58666667,8.38,1.763333333,3.246666667,13.01333333,3.463333333,88.38,0.74,59.11,6.26,76.54,Bean
644,brown,5.8,515.0,2.0,0.2122,1.1,15.0,8.91,9.48,12.24666667,11.10666667,25.20666667,29.71333333,23.59,22.8,5.76,9.296666667,11.20666667,8.26,2.293333333,4.61,17.44666667,5.803333333,68.94,0.73,59.11,5.44,78.25,Bean
645,black,5.0,510.0,3.0,0.3654,2.2,13.0,7.933333333,8.403333333,11.41333333,10.15,24.85,28.5,23.53333333,21.64666667,6.253333333,9.81,10.58666667,8.38,1.763333333,3.246666667,13.01333333,3.463333333,88.38,0.74,59.11,6.26,76.54,Bean
646,black,5.1,426.0,3.0,0.3821,1.8,21.0,7.933333333,8.403333333,11.41333333,10.15,24.85,28.5,23.53333333,21.64666667,6.253333333,9.81,10.58666667,8.38,1.763333333,3.246666667,13.01333333,3.463333333,88.38,0.74,59.11,6.26,76.54,Bean
647,red,5.17,1230.0,7.37,0.27,5.98,30.6,8.91,9.48,12.24666667,11.10666667,25.20666667,29.71333333,23.59,22.8,5.76,9.296666667,11.20666667,8.26,2.293333333,4.61,17.44666667,5.803333333,68.94,0.73,59.11,5.44,78.25,Bean
648,brown,5.1,165.0,1.0,0.1841,1.2,15.0,8.91,9.48,12.24666667,11.10666667,25.20666667,29.71333333,23.59,22.8,5.76,9.296666667,11.20666667,8.26,2.293333333,4.61,17.44666667,5.803333333,68.94,0.73,59.11,5.44,78.25,Bean
649,brown,5.6,247.0,0.5,0.1238,1.0,8.0,8.91,9.48,12.24666667,11.10666667,25.20666667,29.71333333,23.59,22.8,5.76,9.296666667,11.20666667,8.26,2.293333333,4.61,17.44666667,5.803333333,68.94,0.73,59.11,5.44,78.25,Bean
650,red,5.5,154.0,1.0,0.0946,0.5,16.0,8.91,9.48,12.24666667,11.10666667,25.20666667,29.71333333,23.59,22.8,5.76,9.296666667,11.20666667,8.26,2.293333333,4.61,17.44666667,5.803333333,68.94,0.73,59.11,5.44,78.25,Bean
651,black,5.8,336.0,9.0,0.250293402,1.7,9.0,8.91,9.48,12.24666667,11.10666667,25.20666667,29.71333333,23.59,22.8,5.76,9.296666667,11.20666667,8.26,2.293333333,4.61,17.44666667,5.803333333,68.94,0.73,59.11,5.44,78.25,Bean
652,red,5.8,58.0,3.0,0.250293402,0.7,16.0,8.91,9.48,12.24666667,11.10666667,25.20666667,29.71333333,23.59,22.8,5.76,9.296666667,11.20666667,8.26,2.293333333,4.61,17.44666667,5.803333333,68.94,0.73,59.11,5.44,78.25,Bean
653,red,5.8,84.0,1.0,0.250293402,0.8,11.0,8.91,9.48,12.24666667,11.10666667,25.20666667,29.71333333,23.59,22.8,5.76,9.296666667,11.20666667,8.26,2.293333333,4.61,17.44666667,5.803333333,68.94,0.73,59.11,5.44,78.25,Bean
654,brown,5.3,74.0,8.0,0.2279,1.1,19.0,7.933333333,8.403333333,11.41333333,10.15,24.85,28.5,23.53333333,21.64666667,6.253333333,9.81,10.58666667,8.38,1.763333333,3.246666667,13.01333333,3.463333333,88.38,0.74,59.11,6.26,76.54,Bean
655,black,5.3,744.0,22.0,0.2279,2.1,11.0,8.91,9.48,12.24666667,11.10666667,25.20666667,29.71333333,23.59,22.8,5.76,9.296666667,11.20666667,8.26,2.293333333,4.61,17.44666667,5.803333333,68.94,0.73,59.11,5.44,78.25,Bean
656,red,5.3,83.0,5.0,0.2279,0.7,31.0,8.91,9.48,12.24666667,11.10666667,25.20666667,29.71333333,23.59,22.8,5.76,9.296666667,11.20666667,8.26,2.293333333,4.61,17.44666667,5.803333333,68.94,0.73,59.11,5.44,78.25,Bean
657,brown,5.3,72.0,4.0,0.2279,0.8,17.0,8.506666667,9.34,12.16666667,10.92666667,25.34333333,28.87,23.33666667,22.28,6.053333333,9.353333333,10.93333333,8.29,1.736666667,5.203333333,17.81666667,5.823333333,36.06,0.77,59.11,5.41,77.29,Bean
658,red,5.4,529.0,3.0,0.1333,1.6,11.0,8.506666667,9.34,12.16666667,10.92666667,25.34333333,28.87,23.33666667,22.28,6.053333333,9.353333333,10.93333333,8.29,1.736666667,5.203333333,17.81666667,5.823333333,36.06,0.77,59.11,5.41,77.29,Bean
659,red,5.7,406.0,1.0,0.1318,1.7,12.0,7.586666667,8.136666667,11.43,10.15,26.32666667,28.97,24.37666667,22.67333333,7.513333333,11.38333333,11.81,10.08666667,0.91,2.266666667,11.76666667,2.96,88.31,0.63,59.11,6.01,77.15,Bean
660,gray,5.4,103.0,58.0,0.1333,0.7,7.0,8.506666667,9.34,12.16666667,10.92666667,25.34333333,28.87,23.33666667,22.28,6.053333333,9.353333333,10.93333333,8.29,1.736666667,5.203333333,17.81666667,5.823333333,36.06,0.77,59.11,5.41,77.29,Bean
661,brown,6.4,151.0,1.0,0.1209,1.5,6.0,8.506666667,9.34,12.16666667,10.92666667,25.34333333,28.87,23.33666667,22.28,6.053333333,9.353333333,10.93333333,8.29,1.736666667,5.203333333,17.81666667,5.823333333,36.06,0.77,59.11,5.41,77.29,Bean
662,brown,4.9,258.0,2.0,0.3092,2.1,13.0,7.586666667,8.136666667,11.43,10.15,26.32666667,28.97,24.37666667,22.67333333,7.513333333,11.38333333,11.81,10.08666667,0.91,2.266666667,11.76666667,2.96,88.31,0.63,59.11,6.01,77.15,Bean
663,black,6.2,609.0,2.0,0.1211,1.3,21.0,8.343333333,9.276666667,12.83666667,11.43333333,28.11333333,31.15666667,25.52666667,24.43,8.733333333,12.25333333,12.97666667,10.7,0.873333333,4.013333333,15.06,4.36,3.44,0.7,48.62,6.1,79.61,Bean
664,brown,4.5,324.0,2.0,0.3781,4.7,34.0,9.256666667,9.886666667,13.57,12.14666667,29.72333333,33.97333333,27.76666667,26.52,9.426666667,14.21333333,14.34666667,12.08666667,1.986666667,4.086666667,11.86666667,4.486666667,15.62,0.55,4.86,4.86,83.76,Bean
665,black,4.9,299.0,3.0,0.368,2.8,14.0,8.016666667,8.503333333,12.59333333,10.98666667,30.62333333,33.21666667,27.53333333,26.29,8.883333333,12.68666667,13.17,10.74666667,0.75,2.37,8.35,2.156666667,67.12,0.62,57.49,5.56,81.4,Bean
666,black,5.0,295.0,3.0,0.358,1.8,16.0,9.256666667,9.886666667,13.57,12.14666667,29.72333333,33.97333333,27.76666667,26.52,9.426666667,14.21333333,14.34666667,12.08666667,1.986666667,4.086666667,11.86666667,4.486666667,15.62,0.55,4.86,4.86,83.76,Bean
667,brown,4.8,254.0,1.0,0.255,2.1,11.0,9.256666667,9.886666667,13.57,12.14666667,29.72333333,33.97333333,27.76666667,26.52,9.426666667,14.21333333,14.34666667,12.08666667,1.986666667,4.086666667,11.86666667,4.486666667,15.62,0.55,4.86,4.86,83.76,Bean
668,red,4.7,516.0,4.0,0.3021,2.1,19.0,8.016666667,8.503333333,12.59333333,10.98666667,30.62333333,33.21666667,27.53333333,26.29,8.883333333,12.68666667,13.17,10.74666667,0.75,2.37,8.35,2.156666667,67.12,0.62,57.49,5.56,81.4,Bean
669,brown,5.2,844.0,5.0,0.345,2.4,22.0,9.256666667,9.886666667,13.57,12.14666667,29.72333333,33.97333333,27.76666667,26.52,9.426666667,14.21333333,14.34666667,12.08666667,1.986666667,4.086666667,11.86666667,4.486666667,15.62,0.55,4.86,4.86,83.76,Bean
670,black,5.8,448.0,2.0,0.2713,2.2,11.0,8.016666667,8.503333333,12.59333333,10.98666667,30.62333333,33.21666667,27.53333333,26.29,8.883333333,12.68666667,13.17,10.74666667,0.75,2.37,8.35,2.156666667,67.12,0.62,57.49,5.56,81.4,Bean
671,red,6.1,763.0,3.0,0.2309,1.4,15.0,8.016666667,8.503333333,12.59333333,10.98666667,30.62333333,33.21666667,27.53333333,26.29,8.883333333,12.68666667,13.17,10.74666667,0.75,2.37,8.35,2.156666667,67.12,0.62,57.49,5.56,81.4,Bean
672,red,5.3,247.0,2.0,0.2871,1.5,15.0,7.933333333,8.403333333,11.41333333,10.15,24.85,28.5,23.53333333,21.64666667,6.253333333,9.81,10.58666667,8.38,1.763333333,3.246666667,13.01333333,3.463333333,88.38,0.74,59.11,6.26,76.54,Bean
673,red,5.3,325.0,1.0,0.2241,2.0,20.0,7.933333333,8.403333333,11.41333333,10.15,24.85,28.5,23.53333333,21.64666667,6.253333333,9.81,10.58666667,8.38,1.763333333,3.246666667,13.01333333,3.463333333,88.38,0.74,59.11,6.26,76.54,Bean
674,brown,5.0,178.0,4.0,0.5816,3.5,19.0,7.933333333,8.403333333,11.41333333,10.15,24.85,28.5,23.53333333,21.64666667,6.253333333,9.81,10.58666667,8.38,1.763333333,3.246666667,13.01333333,3.463333333,88.38,0.74,59.11,6.26,76.54,Bean
675,brown,5.2,211.0,2.0,0.417,2.2,11.0,8.91,9.48,12.24666667,11.10666667,25.20666667,29.71333333,23.59,22.8,5.76,9.296666667,11.20666667,8.26,2.293333333,4.61,17.44666667,5.803333333,68.94,0.73,59.11,5.44,78.25,Bean
676,brown,6.5,687.0,25.0,0.29,2.7,12.0,7.933333333,8.403333333,11.41333333,10.15,24.85,28.5,23.53333333,21.64666667,6.253333333,9.81,10.58666667,8.38,1.763333333,3.246666667,13.01333333,3.463333333,88.38,0.74,59.11,6.26,76.54,Bean
677,red,4.9,414.0,2.0,0.2269,1.5,15.0,8.91,9.48,12.24666667,11.10666667,25.20666667,29.71333333,23.59,22.8,5.76,9.296666667,11.20666667,8.26,2.293333333,4.61,17.44666667,5.803333333,68.94,0.73,59.11,5.44,78.25,Bean
678,brown,6.6,585.0,10.0,0.1309,2.3,13.0,7.933333333,8.403333333,11.41333333,10.15,24.85,28.5,23.53333333,21.64666667,6.253333333,9.81,10.58666667,8.38,1.763333333,3.246666667,13.01333333,3.463333333,88.38,0.74,59.11,6.26,76.54,Bean
679,brown,6.2,311.221,5.189,0.23,0.893674,13.658,7.993333333,10.45666667,11.96333333,9.683333333,26.85333333,28.52666667,23.06,22.27333333,5.39,9.89,10.41666667,5.693333333,0.0,5.27,12.30333333,5.27,3.44,0.73,56.57,6.24,77.03,Bean
680,red,5.65,346.735,4.507,0.23,2.537,10.717,7.993333333,10.45666667,11.96333333,9.683333333,26.85333333,28.52666667,23.06,22.27333333,5.39,9.89,10.41666667,5.693333333,0.0,5.27,12.30333333,5.27,3.44,0.73,56.57,6.24,77.03,Bean
681,black,6.2,166.923,4.072,0.23,0.806039,13.01,7.993333333,10.45666667,11.96333333,9.683333333,26.85333333,28.52666667,23.06,22.27333333,5.39,9.89,10.41666667,5.693333333,0.0,5.27,12.30333333,5.27,3.44,0.73,56.57,6.24,77.03,Bean
682,brown,5.3,281.804,2.093,0.23,1.192,9.946,7.993333333,10.45666667,11.96333333,9.683333333,26.85333333,28.52666667,23.06,22.27333333,5.39,9.89,10.41666667,5.693333333,0.0,5.27,12.30333333,5.27,3.44,0.73,56.57,6.24,77.03,Bean
683,brown,6.15,219.353,12.66,0.23,1.447,12.253,7.65,7.773333333,10.98666667,9.726666667,9.03,25.14666667,28.24333333,23.80666667,3.413333333,6.96,9.98,5.703333333,1.17,2.243333333,7.52,2.88,81.06,0.69,53.45,6.48,75.83,Bean
684,brown,5.94,373.946,68.946,0.23,3.656,20.866,7.65,7.773333333,10.98666667,9.726666667,9.03,25.14666667,28.24333333,23.80666667,3.413333333,6.96,9.98,5.703333333,1.17,2.243333333,7.52,2.88,81.06,0.69,53.45,6.48,75.83,Bean
685,black,6.1,274.0,4.0,0.2281,1.9,6.0,7.183333333,7.65,10.47666667,9.07,22.33,25.61666667,23.65,20.61666667,2.053333333,4.816666667,8.433333333,3.98,2.073333333,2.613333333,4.836666667,3.63,75.69,0.65,0.46,46.1,74.17,Bean
686,black,6.4,473.0,14.0,0.1744,1.2,5.0,7.183333333,7.65,10.47666667,9.07,22.33,25.61666667,23.65,20.61666667,2.053333333,4.816666667,8.433333333,3.98,2.073333333,2.613333333,4.836666667,3.63,75.69,0.65,0.46,46.1,74.17,Bean
687,brown,5.9,347.0,6.0,0.2229,2.0,9.0,7.183333333,7.65,10.47666667,9.07,22.33,25.61666667,23.65,20.61666667,2.053333333,4.816666667,8.433333333,3.98,2.073333333,2.613333333,4.836666667,3.63,75.69,0.65,0.46,46.1,74.17,Bean
688,brown,6.8,196.0,7.0,0.1294,0.8,5.0,7.183333333,7.65,10.47666667,9.07,22.33,25.61666667,23.65,20.61666667,2.053333333,4.816666667,8.433333333,3.98,2.073333333,2.613333333,4.836666667,3.63,75.69,0.65,0.46,46.1,74.17,Bean
689,brown,6.6,188.0,7.0,0.1509,1.4,6.0,7.183333333,7.65,10.47666667,9.07,22.33,25.61666667,23.65,20.61666667,2.053333333,4.816666667,8.433333333,3.98,2.073333333,2.613333333,4.836666667,3.63,75.69,0.65,0.46,46.1,74.17,Bean
690,black,5.8,111.326,9.186,0.23,0.848121,11.753,7.65,7.773333333,10.98666667,9.726666667,9.03,25.14666667,28.24333333,23.80666667,3.413333333,6.96,9.98,5.703333333,1.17,2.243333333,7.52,2.88,81.06,0.69,53.45,6.48,75.83,Bean
691,other,5.7,251.0,18.0,0.2646,3.2,6.0,7.183333333,7.65,10.47666667,9.07,22.33,25.61666667,23.65,20.61666667,2.053333333,4.816666667,8.433333333,3.98,2.073333333,2.613333333,4.836666667,3.63,75.69,0.65,0.46,46.1,74.17,Bean
692,black,6.41,205.675,1.912,0.23,1.173,13.63,7.65,7.773333333,10.98666667,9.726666667,9.03,25.14666667,28.24333333,23.80666667,3.413333333,6.96,9.98,5.703333333,1.17,2.243333333,7.52,2.88,81.06,0.69,53.45,6.48,75.83,Bean
693,red,6.6,336.0,26.0,0.2342,2.5,10.0,7.183333333,7.65,10.47666667,9.07,22.33,25.61666667,23.65,20.61666667,2.053333333,4.816666667,8.433333333,3.98,2.073333333,2.613333333,4.836666667,3.63,75.69,0.65,0.46,46.1,74.17,Bean
694,black,5.77,194.98,6.135,0.23,0.706647,13.574,7.65,7.773333333,10.98666667,9.726666667,9.03,25.14666667,28.24333333,23.80666667,3.413333333,6.96,9.98,5.703333333,1.17,2.243333333,7.52,2.88,81.06,0.69,53.45,6.48,75.83,Bean
695,black,5.98,187.829,2.14,0.23,1.155,11.184,7.65,7.773333333,10.98666667,9.726666667,9.03,25.14666667,28.24333333,23.80666667,3.413333333,6.96,9.98,5.703333333,1.17,2.243333333,7.52,2.88,81.06,0.69,53.45,6.48,75.83,Bean
696,black,6.51,219.147,2.99,0.23,0.810359,12.98,7.65,7.773333333,10.98666667,9.726666667,9.03,25.14666667,28.24333333,23.80666667,3.413333333,6.96,9.98,5.703333333,1.17,2.243333333,7.52,2.88,81.06,0.69,53.45,6.48,75.83,Bean
697,brown,6.1,290.0,16.0,0.1801,3.0,9.0,7.183333333,7.65,10.47666667,9.07,22.33,25.61666667,23.65,20.61666667,2.053333333,4.816666667,8.433333333,3.98,2.073333333,2.613333333,4.836666667,3.63,75.69,0.65,0.46,46.1,74.17,Bean
698,brown,5.67,134.002,6.452,0.23,3.016,13.978,7.183333333,7.65,10.47666667,9.07,22.33,25.61666667,23.65,20.61666667,2.053333333,4.816666667,8.433333333,3.98,2.073333333,2.613333333,4.836666667,3.63,75.69,0.65,0.46,46.1,74.17,Bean
699,black,6.9,501.0,3.0,0.16,1.0,3.0,7.183333333,7.65,10.47666667,9.07,22.33,25.61666667,23.65,20.61666667,2.053333333,4.816666667,8.433333333,3.98,2.073333333,2.613333333,4.836666667,3.63,75.69,0.65,0.46,46.1,74.17,Bean
700,brown,5.93,475.684,94.142,0.3693,3.165,9.837,7.65,7.773333333,10.98666667,9.726666667,9.03,25.14666667,28.24333333,23.80666667,3.413333333,6.96,9.98,5.703333333,1.17,2.243333333,7.52,2.88,81.06,0.69,53.45,6.48,75.83,Bean
701,brown,6.0,423.0,14.0,0.1565,1.3,5.0,7.183333333,7.65,10.47666667,9.07,22.33,25.61666667,23.65,20.61666667,2.053333333,4.816666667,8.433333333,3.98,2.073333333,2.613333333,4.836666667,3.63,75.69,0.65,0.46,46.1,74.17,Bean
702,brown,5.9,476.0,19.0,0.1723,1.5,11.0,7.183333333,7.65,10.47666667,9.07,22.33,25.61666667,23.65,20.61666667,2.053333333,4.816666667,8.433333333,3.98,2.073333333,2.613333333,4.836666667,3.63,75.69,0.65,0.46,46.1,74.17,Bean
703,brown,5.9,216.0,12.0,0.144,2.0,6.0,7.183333333,7.65,10.47666667,9.07,22.33,25.61666667,23.65,20.61666667,2.053333333,4.816666667,8.433333333,3.98,2.073333333,2.613333333,4.836666667,3.63,75.69,0.65,0.46,46.1,74.17,Bean
704,brown,5.5,564.0,7.0,0.2399,2.4,13.0,7.183333333,7.65,10.47666667,9.07,22.33,25.61666667,23.65,20.61666667,2.053333333,4.816666667,8.433333333,3.98,2.073333333,2.613333333,4.836666667,3.63,75.69,0.65,0.46,46.1,74.17,Bean
705,brown,6.3,446.0,5.0,0.1499,1.6,7.0,7.183333333,7.65,10.47666667,9.07,22.33,25.61666667,23.65,20.61666667,2.053333333,4.816666667,8.433333333,3.98,2.073333333,2.613333333,4.836666667,3.63,75.69,0.65,0.46,46.1,74.17,Bean
706,black,5.97,424.501,25.081,0.23,1.526,19.46,7.65,7.773333333,10.98666667,9.726666667,9.03,25.14666667,28.24333333,23.80666667,3.413333333,6.96,9.98,5.703333333,1.17,2.243333333,7.52,2.88,81.06,0.69,53.45,6.48,75.83,Bean
707,other,6.0,483.0,14.0,0.1047,1.2,4.0,7.183333333,7.65,10.47666667,9.07,22.33,25.61666667,23.65,20.61666667,2.053333333,4.816666667,8.433333333,3.98,2.073333333,2.613333333,4.836666667,3.63,75.69,0.65,0.46,46.1,74.17,Bean
708,brown,6.2,469.0,4.0,0.1182,1.1,4.0,7.183333333,7.65,10.47666667,9.07,22.33,25.61666667,23.65,20.61666667,2.053333333,4.816666667,8.433333333,3.98,2.073333333,2.613333333,4.836666667,3.63,75.69,0.65,0.46,46.1,74.17,Bean
709,black,6.1,431.0,9.0,0.2999,2.5,10.0,7.183333333,7.65,10.47666667,9.07,22.33,25.61666667,23.65,20.61666667,2.053333333,4.816666667,8.433333333,3.98,2.073333333,2.613333333,4.836666667,3.63,75.69,0.65,0.46,46.1,74.17,Bean
710,brown,5.7,437.0,7.0,0.21,2.0,10.0,7.183333333,7.65,10.47666667,9.07,22.33,25.61666667,23.65,20.61666667,2.053333333,4.816666667,8.433333333,3.98,2.073333333,2.613333333,4.836666667,3.63,75.69,0.65,0.46,46.1,74.17,Bean
711,other,6.1,126.0,9.0,0.2637,1.9,7.0,7.183333333,7.65,10.47666667,9.07,22.33,25.61666667,23.65,20.61666667,2.053333333,4.816666667,8.433333333,3.98,2.073333333,2.613333333,4.836666667,3.63,75.69,0.65,0.46,46.1,74.17,Bean
712,other,6.0,287.0,3.0,0.2643,2.3,7.0,7.183333333,7.65,10.47666667,9.07,22.33,25.61666667,23.65,20.61666667,2.053333333,4.816666667,8.433333333,3.98,2.073333333,2.613333333,4.836666667,3.63,75.69,0.65,0.46,46.1,74.17,Bean
713,brown,6.0,271.0,4.0,0.2294,2.2,9.0,7.183333333,7.65,10.47666667,9.07,22.33,25.61666667,23.65,20.61666667,2.053333333,4.816666667,8.433333333,3.98,2.073333333,2.613333333,4.836666667,3.63,75.69,0.65,0.46,46.1,74.17,Bean
714,brown,6.25,261.122,3.087,0.23,0.889692,15.494,7.65,7.773333333,10.98666667,9.726666667,9.03,25.14666667,28.24333333,23.80666667,3.413333333,6.96,9.98,5.703333333,1.17,2.243333333,7.52,2.88,81.06,0.69,53.45,6.48,75.83,Bean
715,brown,5.93,180.913,9.667,0.2375,2.132,23.504,7.183333333,7.65,10.47666667,9.07,22.33,25.61666667,23.65,20.61666667,2.053333333,4.816666667,8.433333333,3.98,2.073333333,2.613333333,4.836666667,3.63,75.69,0.65,0.46,46.1,74.17,Bean
716,brown,5.7,409.0,16.0,0.2518,3.5,10.0,7.183333333,7.65,10.47666667,9.07,22.33,25.61666667,23.65,20.61666667,2.053333333,4.816666667,8.433333333,3.98,2.073333333,2.613333333,4.836666667,3.63,75.69,0.65,0.46,46.1,74.17,Bean
717,dark brown,5.32,224.599,70.965,0.284,5.667,11.371,7.65,7.773333333,10.98666667,9.726666667,9.03,25.14666667,28.24333333,23.80666667,3.413333333,6.96,9.98,5.703333333,1.17,2.243333333,7.52,2.88,81.06,0.69,53.45,6.48,75.83,Bean
718,dark brown,5.66,883.075,153.752,0.23,4.181,18.398,7.65,7.773333333,10.98666667,9.726666667,9.03,25.14666667,28.24333333,23.80666667,3.413333333,6.96,9.98,5.703333333,1.17,2.243333333,7.52,2.88,81.06,0.69,53.45,6.48,75.83,Bean
719,brown,5.6,262.062,6.813,0.2518,2.807,21.925,7.183333333,7.65,10.47666667,9.07,22.33,25.61666667,23.65,20.61666667,2.053333333,4.816666667,8.433333333,3.98,2.073333333,2.613333333,4.836666667,3.63,75.69,0.65,0.46,46.1,74.17,Bean
720,gray,6.31,2110.32,288.869,0.2518,9.637,42.11,7.183333333,7.65,10.47666667,9.07,22.33,25.61666667,23.65,20.61666667,2.053333333,4.816666667,8.433333333,3.98,2.073333333,2.613333333,4.836666667,3.63,75.69,0.65,0.46,46.1,74.17,Bean
721,brown,5.58,98.546,5.613,0.1679,3.264,20.26,7.183333333,7.65,10.47666667,9.07,22.33,25.61666667,23.65,20.61666667,2.053333333,4.816666667,8.433333333,3.98,2.073333333,2.613333333,4.836666667,3.63,75.69,0.65,0.46,46.1,74.17,Bean
722,brown,5.81,702.156,49.55,0.23,2.029,15.653,7.65,7.773333333,10.98666667,9.726666667,9.03,25.14666667,28.24333333,23.80666667,3.413333333,6.96,9.98,5.703333333,1.17,2.243333333,7.52,2.88,81.06,0.69,53.45,6.48,75.83,Bean
723,reddish brown,5.47,143.872,2.529,0.23,2.66,11.91,7.65,7.773333333,10.98666667,9.726666667,9.03,25.14666667,28.24333333,23.80666667,3.413333333,6.96,9.98,5.703333333,1.17,2.243333333,7.52,2.88,81.06,0.69,53.45,6.48,75.83,Bean
724,brown,5.99,284.025,7.525,0.2518,3.091,24.75,7.183333333,7.65,10.47666667,9.07,22.33,25.61666667,23.65,20.61666667,2.053333333,4.816666667,8.433333333,3.98,2.073333333,2.613333333,4.836666667,3.63,75.69,0.65,0.46,46.1,74.17,Bean
725,reddish brown,5.61,578.048,155.7,0.2375,6.534,31.675,7.183333333,7.65,10.47666667,9.07,22.33,25.61666667,23.65,20.61666667,2.053333333,4.816666667,8.433333333,3.98,2.073333333,2.613333333,4.836666667,3.63,75.69,0.65,0.46,46.1,74.17,Bean
726,brown,5.51,394.266,12.169,0.23,4.352,14.671,7.65,7.773333333,10.98666667,9.726666667,9.03,25.14666667,28.24333333,23.80666667,3.413333333,6.96,9.98,5.703333333,1.17,2.243333333,7.52,2.88,81.06,0.69,53.45,6.48,75.83,Bean
727,gray,6.01,829.078,294.664,0.23,4.709,18.292,7.65,7.773333333,10.98666667,9.726666667,9.03,25.14666667,28.24333333,23.80666667,3.413333333,6.96,9.98,5.703333333,1.17,2.243333333,7.52,2.88,81.06,0.69,53.45,6.48,75.83,Bean
728,dark brown,6.05,243.721,10.575,0.23,0.837971,10.168,7.65,7.773333333,10.98666667,9.726666667,9.03,25.14666667,28.24333333,23.80666667,3.413333333,6.96,9.98,5.703333333,1.17,2.243333333,7.52,2.88,81.06,0.69,53.45,6.48,75.83,Bean
729,dark brown,5.8,540.614,52.602,0.23,0.933595,15.365,7.65,7.773333333,10.98666667,9.726666667,9.03,25.14666667,28.24333333,23.80666667,3.413333333,6.96,9.98,5.703333333,1.17,2.243333333,7.52,2.88,81.06,0.69,53.45,6.48,75.83,Bean
730,black,5.4,321.563,42.633,0.23,2.655,19.737,7.65,7.773333333,10.98666667,9.726666667,9.03,25.14666667,28.24333333,23.80666667,3.413333333,6.96,9.98,5.703333333,1.17,2.243333333,7.52,2.88,81.06,0.69,53.45,6.48,75.83,Bean
731,black,5.71,262.028,9.634,0.2518,1.87,20.144,7.183333333,7.65,10.47666667,9.07,22.33,25.61666667,23.65,20.61666667,2.053333333,4.816666667,8.433333333,3.98,2.073333333,2.613333333,4.836666667,3.63,75.69,0.65,0.46,46.1,74.17,Bean
732,black,5.73,389.615,8.238,0.23,1.192,16.652,7.65,7.773333333,10.98666667,9.726666667,9.03,25.14666667,28.24333333,23.80666667,3.413333333,6.96,9.98,5.703333333,1.17,2.243333333,7.52,2.88,81.06,0.69,53.45,6.48,75.83,Bean
733,brown,5.88,296.172,4.443,0.23,1.349,11.854,7.65,7.773333333,10.98666667,9.726666667,9.03,25.14666667,28.24333333,23.80666667,3.413333333,6.96,9.98,5.703333333,1.17,2.243333333,7.52,2.88,81.06,0.69,53.45,6.48,75.83,Bean
734,black,6.15,334.8,32.797,0.2518,3.636,30.198,7.183333333,7.65,10.47666667,9.07,22.33,25.61666667,23.65,20.61666667,2.053333333,4.816666667,8.433333333,3.98,2.073333333,2.613333333,4.836666667,3.63,75.69,0.65,0.46,46.1,74.17,Bean
735,black,6.05,221.69,4.613,0.23,1.164,18.058,7.65,7.773333333,10.98666667,9.726666667,9.03,25.14666667,28.24333333,23.80666667,3.413333333,6.96,9.98,5.703333333,1.17,2.243333333,7.52,2.88,81.06,0.69,53.45,6.48,75.83,Bean
736,brown,6.07,424.132,34.567,0.1679,1.752,16.3,7.183333333,7.65,10.47666667,9.07,22.33,25.61666667,23.65,20.61666667,2.053333333,4.816666667,8.433333333,3.98,2.073333333,2.613333333,4.836666667,3.63,75.69,0.65,0.46,46.1,74.17,Bean
737,black,5.98,359.508,3.91,0.23,1.348,18.906,7.65,7.773333333,10.98666667,9.726666667,9.03,25.14666667,28.24333333,23.80666667,3.413333333,6.96,9.98,5.703333333,1.17,2.243333333,7.52,2.88,81.06,0.69,53.45,6.48,75.83,Bean
738,black,5.8,280.011,2.524,0.23,0.785521,12.254,7.65,7.773333333,10.98666667,9.726666667,9.03,25.14666667,28.24333333,23.80666667,3.413333333,6.96,9.98,5.703333333,1.17,2.243333333,7.52,2.88,81.06,0.69,53.45,6.48,75.83,Bean
739,brown,5.58,414.292,45.665,0.23,3.065,17.863,7.65,7.773333333,10.98666667,9.726666667,9.03,25.14666667,28.24333333,23.80666667,3.413333333,6.96,9.98,5.703333333,1.17,2.243333333,7.52,2.88,81.06,0.69,53.45,6.48,75.83,Bean
740,dark brown,5.89,193.824,7.585,0.2518,2.431,18.694,7.183333333,7.65,10.47666667,9.07,22.33,25.61666667,23.65,20.61666667,2.053333333,4.816666667,8.433333333,3.98,2.073333333,2.613333333,4.836666667,3.63,75.69,0.65,0.46,46.1,74.17,Bean
741,black,6.54,537.8,48.005,0.23,1.145,12.226,7.65,7.773333333,10.98666667,9.726666667,9.03,25.14666667,28.24333333,23.80666667,3.413333333,6.96,9.98,5.703333333,1.17,2.243333333,7.52,2.88,81.06,0.69,53.45,6.48,75.83,Bean
742,brown,5.95,417.531,6.997,0.23,1.86,21.467,7.65,7.773333333,10.98666667,9.726666667,9.03,25.14666667,28.24333333,23.80666667,3.413333333,6.96,9.98,5.703333333,1.17,2.243333333,7.52,2.88,81.06,0.69,53.45,6.48,75.83,Bean
743,brown,5.8,83.092,5.196,0.1679,1.25,9.323,7.183333333,7.65,10.47666667,9.07,22.33,25.61666667,23.65,20.61666667,2.053333333,4.816666667,8.433333333,3.98,2.073333333,2.613333333,4.836666667,3.63,75.69,0.65,0.46,46.1,74.17,Bean
744,black,6.3,400.412,15.226,0.23,1.338,18.962,7.65,7.773333333,10.98666667,9.726666667,9.03,25.14666667,28.24333333,23.80666667,3.413333333,6.96,9.98,5.703333333,1.17,2.243333333,7.52,2.88,81.06,0.69,53.45,6.48,75.83,Bean
745,brown,6.55,328.128,3.309,0.23,0.50014,16.982,7.65,7.773333333,10.98666667,9.726666667,9.03,25.14666667,28.24333333,23.80666667,3.413333333,6.96,9.98,5.703333333,1.17,2.243333333,7.52,2.88,81.06,0.69,53.45,6.48,75.83,Bean
746,brown,6.0,411.428,7.153,0.23,1.636,22.523,7.65,7.773333333,10.98666667,9.726666667,9.03,25.14666667,28.24333333,23.80666667,3.413333333,6.96,9.98,5.703333333,1.17,2.243333333,7.52,2.88,81.06,0.69,53.45,6.48,75.83,Bean
747,dark brown,6.22,358.878,4.004,0.23,0.766643,16.194,7.65,7.773333333,10.98666667,9.726666667,9.03,25.14666667,28.24333333,23.80666667,3.413333333,6.96,9.98,5.703333333,1.17,2.243333333,7.52,2.88,81.06,0.69,53.45,6.48,75.83,Bean
748,black,6.3,406.779,2.93,0.23,0.561428,16.024,7.65,7.773333333,10.98666667,9.726666667,9.03,25.14666667,28.24333333,23.80666667,3.413333333,6.96,9.98,5.703333333,1.17,2.243333333,7.52,2.88,81.06,0.69,53.45,6.48,75.83,Bean
749,black,6.87,332.582,6.076,0.23,0.821895,14.614,7.65,7.773333333,10.98666667,9.726666667,9.03,25.14666667,28.24333333,23.80666667,3.413333333,6.96,9.98,5.703333333,1.17,2.243333333,7.52,2.88,81.06,0.69,53.45,6.48,75.83,Bean
750,black,5.78,449.746,97.065,0.23,3.313,16.773,7.65,7.773333333,10.98666667,9.726666667,9.03,25.14666667,28.24333333,23.80666667,3.413333333,6.96,9.98,5.703333333,1.17,2.243333333,7.52,2.88,81.06,0.69,53.45,6.48,75.83,Bean
751,brown,5.87,352.872,18.659,0.23,1.705,11.654,7.65,7.773333333,10.98666667,9.726666667,9.03,25.14666667,28.24333333,23.80666667,3.413333333,6.96,9.98,5.703333333,1.17,2.243333333,7.52,2.88,81.06,0.69,53.45,6.48,75.83,Bean
752,brown,5.03,416.894,25.829,0.23,1.816,14.924,7.65,7.773333333,10.98666667,9.726666667,9.03,25.14666667,28.24333333,23.80666667,3.413333333,6.96,9.98,5.703333333,1.17,2.243333333,7.52,2.88,81.06,0.69,53.45,6.48,75.83,Bean
753,brown,6.65,376.011,3.05,0.23,0.816593,15.0,7.65,7.773333333,10.98666667,9.726666667,9.03,25.14666667,28.24333333,23.80666667,3.413333333,6.96,9.98,5.703333333,1.17,2.243333333,7.52,2.88,81.06,0.69,53.45,6.48,75.83,Bean
754,brown,5.7,480.908,52.753,0.23,2.642,13.989,7.183333333,7.65,10.47666667,9.07,22.33,25.61666667,23.65,20.61666667,2.053333333,4.816666667,8.433333333,3.98,2.073333333,2.613333333,4.836666667,3.63,75.69,0.65,0.46,46.1,74.17,Bean
755,black,5.87,275.19,4.506,0.23,1.76,17.686,7.65,7.773333333,10.98666667,9.726666667,9.03,25.14666667,28.24333333,23.80666667,3.413333333,6.96,9.98,5.703333333,1.17,2.243333333,7.52,2.88,81.06,0.69,53.45,6.48,75.83,Bean
756,brown,6.3,326.0,16.0,0.0749,1.4,10.0,8.91,9.48,12.24666667,11.10666667,25.20666667,29.71333333,23.59,22.8,5.76,9.296666667,11.20666667,8.26,2.293333333,4.61,17.44666667,5.803333333,68.94,0.73,59.11,5.44,78.25,Dagussa
757,brown,5.8,265.0,1.0,0.250293402,1.4,7.0,8.506666667,9.34,12.16666667,10.92666667,25.34333333,28.87,23.33666667,22.28,6.053333333,9.353333333,10.93333333,8.29,1.736666667,5.203333333,17.81666667,5.823333333,36.06,0.77,59.11,5.41,77.29,Dagussa
758,red,5.35,248.0,2.0,0.189187439,1.6,13.7,9.723333333,10.70333333,13.77333333,12.65666667,28.04,32.58,25.64333333,25.47333333,8.783333333,12.89,14.08666667,11.01,2.78,5.403333333,19.36333333,6.98,343.44,0.73,59.11,5.19,82.6,Dagussa
759,brown,5.88,151.0,2.0,0.125125564,1.1,6.3,9.723333333,10.70333333,13.77333333,12.65666667,28.04,32.58,25.64333333,25.47333333,8.783333333,12.89,14.08666667,11.01,2.78,5.403333333,19.36333333,6.98,343.44,0.73,59.11,5.19,82.6,Dagussa
760,red,5.5,190.0,2.0,0.1836,1.7,12.0,9.723333333,10.70333333,13.77333333,12.65666667,28.04,32.58,25.64333333,25.47333333,8.783333333,12.89,14.08666667,11.01,2.78,5.403333333,19.36333333,6.98,343.44,0.73,59.11,5.19,82.6,Dagussa
761,red,5.29,294.0,1.6,0.2028973,2.1,13.7,9.723333333,10.70333333,13.77333333,12.65666667,28.04,32.58,25.64333333,25.47333333,8.783333333,12.89,14.08666667,11.01,2.78,5.403333333,19.36333333,6.98,343.44,0.73,59.11,5.19,82.6,Dagussa
762,red,5.63,112.0,1.5,0.198480364,2.0,15.0,8.566666667,9.663333333,12.73666667,11.78,25.88333333,30.05666667,23.65,22.84666667,6.626666667,10.35,11.17333333,9.1,1.343333333,5.66,19.92,7.42,14.25,0.8,59.11,6.06,78.58,Dagussa
763,red,5.18,194.0,1.5,0.20156988,1.5,8.3,8.566666667,9.663333333,12.73666667,11.78,25.88333333,30.05666667,23.65,22.84666667,6.626666667,10.35,11.17333333,9.1,1.343333333,5.66,19.92,7.42,14.25,0.8,59.11,6.06,78.58,Dagussa
764,red,5.85,259.0,2.4,0.275904325,2.6,12.1,8.566666667,9.663333333,12.73666667,11.78,25.88333333,30.05666667,23.65,22.84666667,6.626666667,10.35,11.17333333,9.1,1.343333333,5.66,19.92,7.42,14.25,0.8,59.11,6.06,78.58,Dagussa
765,red,5.56,134.0,1.8,0.144706333,0.8,15.0,8.566666667,9.663333333,12.73666667,11.78,25.88333333,30.05666667,23.65,22.84666667,6.626666667,10.35,11.17333333,9.1,1.343333333,5.66,19.92,7.42,14.25,0.8,59.11,6.06,78.58,Dagussa
766,red,5.3,87.0,1.0,0.2017,0.5,16.0,8.566666667,9.663333333,12.73666667,11.78,25.88333333,30.05666667,23.65,22.84666667,6.626666667,10.35,11.17333333,9.1,1.343333333,5.66,19.92,7.42,14.25,0.8,59.11,6.06,78.58,Dagussa
767,red,5.3,97.0,2.0,0.2017,1.0,15.0,8.566666667,9.663333333,12.73666667,11.78,25.88333333,30.05666667,23.65,22.84666667,6.626666667,10.35,11.17333333,9.1,1.343333333,5.66,19.92,7.42,14.25,0.8,59.11,6.06,78.58,Dagussa
768,other,5.3,282.0,2.0,0.2017,1.4,10.0,8.566666667,9.663333333,12.73666667,11.78,25.88333333,30.05666667,23.65,22.84666667,6.626666667,10.35,11.17333333,9.1,1.343333333,5.66,19.92,7.42,14.25,0.8,59.11,6.06,78.58,Dagussa
769,other,5.2,103.0,2.0,0.2158,0.5,20.0,8.566666667,9.663333333,12.73666667,11.78,25.88333333,30.05666667,23.65,22.84666667,6.626666667,10.35,11.17333333,9.1,1.343333333,5.66,19.92,7.42,14.25,0.8,59.11,6.06,78.58,Dagussa
770,red,5.3,91.0,1.0,0.2017,0.5,10.0,8.566666667,9.663333333,12.73666667,11.78,25.88333333,30.05666667,23.65,22.84666667,6.626666667,10.35,11.17333333,9.1,1.343333333,5.66,19.92,7.42,14.25,0.8,59.11,6.06,78.58,Dagussa
771,other,5.3,147.0,1.0,0.2017,0.5,14.0,8.506666667,9.34,12.16666667,10.92666667,25.34333333,28.87,23.33666667,22.28,6.053333333,9.353333333,10.93333333,8.29,1.736666667,5.203333333,17.81666667,5.823333333,36.06,0.77,59.11,5.41,77.29,Dagussa
772,brown,5.3,243.0,2.0,0.2017,0.9,18.0,8.506666667,9.34,12.16666667,10.92666667,25.34333333,28.87,23.33666667,22.28,6.053333333,9.353333333,10.93333333,8.29,1.736666667,5.203333333,17.81666667,5.823333333,36.06,0.77,59.11,5.41,77.29,Dagussa
773,red,5.3,319.0,8.0,0.2017,1.7,15.0,8.506666667,9.34,12.16666667,10.92666667,25.34333333,28.87,23.33666667,22.28,6.053333333,9.353333333,10.93333333,8.29,1.736666667,5.203333333,17.81666667,5.823333333,36.06,0.77,59.11,5.41,77.29,Dagussa
774,other,5.2,152.0,1.0,0.2158,0.8,19.0,8.506666667,9.34,12.16666667,10.92666667,25.34333333,28.87,23.33666667,22.28,6.053333333,9.353333333,10.93333333,8.29,1.736666667,5.203333333,17.81666667,5.823333333,36.06,0.77,59.11,5.41,77.29,Dagussa
775,red,5.3,259.0,2.0,0.2017,0.6,18.0,8.506666667,9.34,12.16666667,10.92666667,25.34333333,28.87,23.33666667,22.28,6.053333333,9.353333333,10.93333333,8.29,1.736666667,5.203333333,17.81666667,5.823333333,36.06,0.77,59.11,5.41,77.29,Dagussa
776,other,5.3,181.0,2.0,0.2017,1.3,17.0,8.566666667,9.663333333,12.73666667,11.78,25.88333333,30.05666667,23.65,22.84666667,6.626666667,10.35,11.17333333,9.1,1.343333333,5.66,19.92,7.42,14.25,0.8,59.11,6.06,78.58,Dagussa
777,red,5.3,622.0,15.0,0.2017,3.3,10.0,8.343333333,9.276666667,12.83666667,11.43333333,28.11333333,31.15666667,25.52666667,24.43,8.733333333,12.25333333,12.97666667,10.7,0.873333333,4.013333333,15.06,4.36,3.44,0.7,48.62,6.1,79.61,Dagussa
778,other,5.2,436.0,3.0,0.2158,0.9,14.0,8.383333333,9.543333333,13.49,12.63666667,29.17333333,33.1,26.3,25.15333333,8.533333333,13.18333333,13.02666667,11.33666667,0.413333333,4.41,16.62,5.43,0.06,0.7,48.62,6.21,81.38,Dagussa
779,red,4.8,122.0,1.0,0.2201,1.4,11.0,8.383333333,9.543333333,13.49,12.63666667,29.17333333,33.1,26.3,25.15333333,8.533333333,13.18333333,13.02666667,11.33666667,0.413333333,4.41,16.62,5.43,0.06,0.7,48.62,6.21,81.38,Dagussa
780,black,5.5,192.0,2.0,0.1637,1.8,11.0,8.343333333,9.276666667,12.83666667,11.43333333,28.11333333,31.15666667,25.52666667,24.43,8.733333333,12.25333333,12.97666667,10.7,0.873333333,4.013333333,15.06,4.36,3.44,0.7,48.62,6.1,79.61,Dagussa
781,red,4.9,233.0,3.0,0.2174,1.4,14.0,8.383333333,9.543333333,13.49,12.63666667,29.17333333,33.1,26.3,25.15333333,8.533333333,13.18333333,13.02666667,11.33666667,0.413333333,4.41,16.62,5.43,0.06,0.7,48.62,6.21,81.38,Dagussa
782,red,5.6,62.0,3.0,0.2175,0.6,20.0,8.383333333,9.543333333,13.49,12.63666667,29.17333333,33.1,26.3,25.15333333,8.533333333,13.18333333,13.02666667,11.33666667,0.413333333,4.41,16.62,5.43,0.06,0.7,48.62,6.21,81.38,Dagussa
783,red,5.3,122.0,2.0,0.2085,1.2,16.0,8.383333333,9.543333333,13.49,12.63666667,29.17333333,33.1,26.3,25.15333333,8.533333333,13.18333333,13.02666667,11.33666667,0.413333333,4.41,16.62,5.43,0.06,0.7,48.62,6.21,81.38,Dagussa
784,red,5.6,143.0,3.0,0.1116,1.3,15.0,8.343333333,9.276666667,12.83666667,11.43333333,28.11333333,31.15666667,25.52666667,24.43,8.733333333,12.25333333,12.97666667,10.7,0.873333333,4.013333333,15.06,4.36,3.44,0.7,48.62,6.1,79.61,Dagussa
785,red,5.3,341.0,4.0,0.2193,1.6,14.0,8.383333333,9.543333333,13.49,12.63666667,29.17333333,33.1,26.3,25.15333333,8.533333333,13.18333333,13.02666667,11.33666667,0.413333333,4.41,16.62,5.43,0.06,0.7,48.62,6.21,81.38,Dagussa
786,red,5.0,285.0,3.0,0.2099,1.4,11.0,8.343333333,9.276666667,12.83666667,11.43333333,28.11333333,31.15666667,25.52666667,24.43,8.733333333,12.25333333,12.97666667,10.7,0.873333333,4.013333333,15.06,4.36,3.44,0.7,48.62,6.1,79.61,Dagussa
787,red,5.3,395.0,2.0,0.2232,1.8,14.0,8.383333333,9.543333333,13.49,12.63666667,29.17333333,33.1,26.3,25.15333333,8.533333333,13.18333333,13.02666667,11.33666667,0.413333333,4.41,16.62,5.43,0.06,0.7,48.62,6.21,81.38,Dagussa
788,red,4.7,386.0,2.0,0.1844,1.4,15.0,8.343333333,9.276666667,12.83666667,11.43333333,28.11333333,31.15666667,25.52666667,24.43,8.733333333,12.25333333,12.97666667,10.7,0.873333333,4.013333333,15.06,4.36,3.44,0.7,48.62,6.1,79.61,Dagussa
789,red,5.3,275.0,3.0,0.1986,1.3,15.0,8.343333333,9.276666667,12.83666667,11.43333333,28.11333333,31.15666667,25.52666667,24.43,8.733333333,12.25333333,12.97666667,10.7,0.873333333,4.013333333,15.06,4.36,3.44,0.7,48.62,6.1,79.61,Dagussa
790,red,5.4,457.0,2.0,0.2179,1.6,14.0,8.383333333,9.543333333,13.49,12.63666667,29.17333333,33.1,26.3,25.15333333,8.533333333,13.18333333,13.02666667,11.33666667,0.413333333,4.41,16.62,5.43,0.06,0.7,48.62,6.21,81.38,Dagussa
791,red,5.1,255.0,4.0,0.2344,4.3,14.0,8.383333333,9.543333333,13.49,12.63666667,29.17333333,33.1,26.3,25.15333333,8.533333333,13.18333333,13.02666667,11.33666667,0.413333333,4.41,16.62,5.43,0.06,0.7,48.62,6.21,81.38,Dagussa
792,red,5.3,351.0,3.0,0.192,1.7,15.0,8.383333333,9.543333333,13.49,12.63666667,29.17333333,33.1,26.3,25.15333333,8.533333333,13.18333333,13.02666667,11.33666667,0.413333333,4.41,16.62,5.43,0.06,0.7,48.62,6.21,81.38,Dagussa
793,red,5.1,297.0,3.0,0.2344,1.5,13.0,8.343333333,9.276666667,12.83666667,11.43333333,28.11333333,31.15666667,25.52666667,24.43,8.733333333,12.25333333,12.97666667,10.7,0.873333333,4.013333333,15.06,4.36,3.44,0.7,48.62,6.1,79.61,Dagussa
794,red,5.4,246.0,2.0,0.2072,1.7,15.0,8.383333333,9.543333333,13.49,12.63666667,29.17333333,33.1,26.3,25.15333333,8.533333333,13.18333333,13.02666667,11.33666667,0.413333333,4.41,16.62,5.43,0.06,0.7,48.62,6.21,81.38,Dagussa
795,red,5.1,368.0,2.0,0.2344,1.5,16.0,8.343333333,9.276666667,12.83666667,11.43333333,28.11333333,31.15666667,25.52666667,24.43,8.733333333,12.25333333,12.97666667,10.7,0.873333333,4.013333333,15.06,4.36,3.44,0.7,48.62,6.1,79.61,Dagussa
796,red,5.1,375.0,2.0,0.2344,1.5,17.0,8.343333333,9.276666667,12.83666667,11.43333333,28.11333333,31.15666667,25.52666667,24.43,8.733333333,12.25333333,12.97666667,10.7,0.873333333,4.013333333,15.06,4.36,3.44,0.7,48.62,6.1,79.61,Dagussa
797,red,5.1,333.0,2.0,0.2344,1.2,20.0,8.343333333,9.276666667,12.83666667,11.43333333,28.11333333,31.15666667,25.52666667,24.43,8.733333333,12.25333333,12.97666667,10.7,0.873333333,4.013333333,15.06,4.36,3.44,0.7,48.62,6.1,79.61,Dagussa
798,red,5.1,91.0,2.0,0.1262,1.0,27.0,8.383333333,9.543333333,13.49,12.63666667,29.17333333,33.1,26.3,25.15333333,8.533333333,13.18333333,13.02666667,11.33666667,0.413333333,4.41,16.62,5.43,0.06,0.7,48.62,6.21,81.38,Dagussa
799,red,5.1,338.0,2.0,0.236,1.4,12.0,8.383333333,9.543333333,13.49,12.63666667,29.17333333,33.1,26.3,25.15333333,8.533333333,13.18333333,13.02666667,11.33666667,0.413333333,4.41,16.62,5.43,0.06,0.7,48.62,6.21,81.38,Dagussa
800,red,4.8,260.0,2.0,0.224,1.0,20.0,8.383333333,9.543333333,13.49,12.63666667,29.17333333,33.1,26.3,25.15333333,8.533333333,13.18333333,13.02666667,11.33666667,0.413333333,4.41,16.62,5.43,0.06,0.7,48.62,6.21,81.38,Dagussa
801,red,4.9,217.0,2.0,0.228,0.8,14.0,8.383333333,9.543333333,13.49,12.63666667,29.17333333,33.1,26.3,25.15333333,8.533333333,13.18333333,13.02666667,11.33666667,0.413333333,4.41,16.62,5.43,0.06,0.7,48.62,6.21,81.38,Dagussa
802,red,5.1,287.0,2.0,0.1645,0.7,17.0,8.383333333,9.543333333,13.49,12.63666667,29.17333333,33.1,26.3,25.15333333,8.533333333,13.18333333,13.02666667,11.33666667,0.413333333,4.41,16.62,5.43,0.06,0.7,48.62,6.21,81.38,Dagussa
803,red,5.0,158.0,2.0,0.199,1.1,13.0,8.383333333,9.543333333,13.49,12.63666667,29.17333333,33.1,26.3,25.15333333,8.533333333,13.18333333,13.02666667,11.33666667,0.413333333,4.41,16.62,5.43,0.06,0.7,48.62,6.21,81.38,Dagussa
804,other,5.1,242.0,3.0,0.2245,1.7,12.0,8.383333333,9.543333333,13.49,12.63666667,29.17333333,33.1,26.3,25.15333333,8.533333333,13.18333333,13.02666667,11.33666667,0.413333333,4.41,16.62,5.43,0.06,0.7,48.62,6.21,81.38,Dagussa
805,red,5.39,247.0,2.0,0.21,1.2,12.0,8.343333333,9.276666667,12.83666667,11.43333333,28.11333333,31.15666667,25.52666667,24.43,8.733333333,12.25333333,12.97666667,10.7,0.873333333,4.013333333,15.06,4.36,3.44,0.7,48.62,6.1,79.61,Dagussa
806,red,5.39,291.0,2.0,0.21,1.0,12.0,8.343333333,9.276666667,12.83666667,11.43333333,28.11333333,31.15666667,25.52666667,24.43,8.733333333,12.25333333,12.97666667,10.7,0.873333333,4.013333333,15.06,4.36,3.44,0.7,48.62,6.1,79.61,Dagussa
807,red,5.39,247.0,3.0,0.21,1.1,13.0,8.343333333,9.276666667,12.83666667,11.43333333,28.11333333,31.15666667,25.52666667,24.43,8.733333333,12.25333333,12.97666667,10.7,0.873333333,4.013333333,15.06,4.36,3.44,0.7,48.62,6.1,79.61,Dagussa
808,red,5.39,384.0,3.0,0.21,1.3,15.0,8.343333333,9.276666667,12.83666667,11.43333333,28.11333333,31.15666667,25.52666667,24.43,8.733333333,12.25333333,12.97666667,10.7,0.873333333,4.013333333,15.06,4.36,3.44,0.7,48.62,6.1,79.61,Dagussa
809,red,4.9,222.0,3.0,0.1761,1.0,19.0,8.383333333,9.543333333,13.49,12.63666667,29.17333333,33.1,26.3,25.15333333,8.533333333,13.18333333,13.02666667,11.33666667,0.413333333,4.41,16.62,5.43,0.06,0.7,48.62,6.21,81.38,Dagussa
810,red,5.0,414.0,3.0,0.1731,1.7,16.0,8.383333333,9.543333333,13.49,12.63666667,29.17333333,33.1,26.3,25.15333333,8.533333333,13.18333333,13.02666667,11.33666667,0.413333333,4.41,16.62,5.43,0.06,0.7,48.62,6.21,81.38,Dagussa
811,red,4.7,133.0,3.0,0.1706,2.2,18.0,8.383333333,9.543333333,13.49,12.63666667,29.17333333,33.1,26.3,25.15333333,8.533333333,13.18333333,13.02666667,11.33666667,0.413333333,4.41,16.62,5.43,0.06,0.7,48.62,6.21,81.38,Dagussa
812,red,4.7,245.0,4.0,0.1678,1.1,20.0,8.383333333,9.543333333,13.49,12.63666667,29.17333333,33.1,26.3,25.15333333,8.533333333,13.18333333,13.02666667,11.33666667,0.413333333,4.41,16.62,5.43,0.06,0.7,48.62,6.21,81.38,Dagussa
813,red,4.9,166.0,3.0,0.1635,1.1,16.0,8.383333333,9.543333333,13.49,12.63666667,29.17333333,33.1,26.3,25.15333333,8.533333333,13.18333333,13.02666667,11.33666667,0.413333333,4.41,16.62,5.43,0.06,0.7,48.62,6.21,81.38,Dagussa
814,red,5.5,399.0,2.0,0.1667,2.0,9.0,8.343333333,9.276666667,12.83666667,11.43333333,28.11333333,31.15666667,25.52666667,24.43,8.733333333,12.25333333,12.97666667,10.7,0.873333333,4.013333333,15.06,4.36,3.44,0.7,48.62,6.1,79.61,Dagussa
815,brown,5.1,378.0,2.0,0.128,1.6,12.0,8.383333333,9.543333333,13.49,12.63666667,29.17333333,33.1,26.3,25.15333333,8.533333333,13.18333333,13.02666667,11.33666667,0.413333333,4.41,16.62,5.43,0.06,0.7,48.62,6.21,81.38,Dagussa
816,red,5.0,228.0,3.0,0.138,1.2,19.0,8.383333333,9.543333333,13.49,12.63666667,29.17333333,33.1,26.3,25.15333333,8.533333333,13.18333333,13.02666667,11.33666667,0.413333333,4.41,16.62,5.43,0.06,0.7,48.62,6.21,81.38,Dagussa
817,red,5.2,254.0,3.0,0.1492,1.6,12.0,8.383333333,9.543333333,13.49,12.63666667,29.17333333,33.1,26.3,25.15333333,8.533333333,13.18333333,13.02666667,11.33666667,0.413333333,4.41,16.62,5.43,0.06,0.7,48.62,6.21,81.38,Dagussa
818,red,5.0,219.0,4.0,0.1591,0.8,18.0,8.383333333,9.543333333,13.49,12.63666667,29.17333333,33.1,26.3,25.15333333,8.533333333,13.18333333,13.02666667,11.33666667,0.413333333,4.41,16.62,5.43,0.06,0.7,48.62,6.21,81.38,Dagussa
819,red,5.2,230.0,2.0,0.1552,1.1,15.0,8.343333333,9.276666667,12.83666667,11.43333333,28.11333333,31.15666667,25.52666667,24.43,8.733333333,12.25333333,12.97666667,10.7,0.873333333,4.013333333,15.06,4.36,3.44,0.7,48.62,6.1,79.61,Dagussa
820,red,4.9,128.0,5.0,0.1614,0.7,18.0,8.383333333,9.543333333,13.49,12.63666667,29.17333333,33.1,26.3,25.15333333,8.533333333,13.18333333,13.02666667,11.33666667,0.413333333,4.41,16.62,5.43,0.06,0.7,48.62,6.21,81.38,Dagussa
821,red,5.3,250.0,2.0,0.1531,1.2,13.0,8.343333333,9.276666667,12.83666667,11.43333333,28.11333333,31.15666667,25.52666667,24.43,8.733333333,12.25333333,12.97666667,10.7,0.873333333,4.013333333,15.06,4.36,3.44,0.7,48.62,6.1,79.61,Dagussa
822,red,5.1,277.0,3.0,0.184,2.8,15.0,8.383333333,9.543333333,13.49,12.63666667,29.17333333,33.1,26.3,25.15333333,8.533333333,13.18333333,13.02666667,11.33666667,0.413333333,4.41,16.62,5.43,0.06,0.7,48.62,6.21,81.38,Dagussa
823,brown,5.3,238.0,4.0,0.125,1.6,15.0,8.383333333,9.543333333,13.49,12.63666667,29.17333333,33.1,26.3,25.15333333,8.533333333,13.18333333,13.02666667,11.33666667,0.413333333,4.41,16.62,5.43,0.06,0.7,48.62,6.21,81.38,Dagussa
824,brown,4.9,183.0,3.0,0.1411,1.3,16.0,8.383333333,9.543333333,13.49,12.63666667,29.17333333,33.1,26.3,25.15333333,8.533333333,13.18333333,13.02666667,11.33666667,0.413333333,4.41,16.62,5.43,0.06,0.7,48.62,6.21,81.38,Dagussa
825,red,5.5,232.0,2.0,0.1765,1.4,12.0,8.383333333,9.543333333,13.49,12.63666667,29.17333333,33.1,26.3,25.15333333,8.533333333,13.18333333,13.02666667,11.33666667,0.413333333,4.41,16.62,5.43,0.06,0.7,48.62,6.21,81.38,Dagussa
826,brown,5.4,412.0,4.0,0.1694,2.7,22.0,8.383333333,9.543333333,13.49,12.63666667,29.17333333,33.1,26.3,25.15333333,8.533333333,13.18333333,13.02666667,11.33666667,0.413333333,4.41,16.62,5.43,0.06,0.7,48.62,6.21,81.38,Dagussa
827,brown,6.1,832.0,85.0,0.275,5.6,7.0,9.256666667,9.886666667,13.57,12.14666667,29.72333333,33.97333333,27.76666667,26.52,9.426666667,14.21333333,14.34666667,12.08666667,1.986666667,4.086666667,11.86666667,4.486666667,15.62,0.55,4.86,4.86,83.76,Fallow
828,brown,6.3,301.0,2.0,0.1115,1.2,6.0,8.016666667,8.503333333,12.59333333,10.98666667,30.62333333,33.21666667,27.53333333,26.29,8.883333333,12.68666667,13.17,10.74666667,0.75,2.37,8.35,2.156666667,67.12,0.62,57.49,5.56,81.4,Fallow
829,red,5.4,301.0,2.0,0.229,1.4,10.0,8.016666667,8.503333333,12.59333333,10.98666667,30.62333333,33.21666667,27.53333333,26.29,8.883333333,12.68666667,13.17,10.74666667,0.75,2.37,8.35,2.156666667,67.12,0.62,57.49,5.56,81.4,Fallow
830,dark gray,6.76,315.0,5.19,0.1,1.06,7.28,7.933333333,8.403333333,11.41333333,10.15,24.85,28.5,23.53333333,21.64666667,6.253333333,9.81,10.58666667,8.38,1.763333333,3.246666667,13.01333333,3.463333333,88.38,0.74,59.11,6.26,76.54,Fallow
831,red,5.3,76.0,1.0,0.2353,0.9,14.0,8.91,9.48,12.24666667,11.10666667,25.20666667,29.71333333,23.59,22.8,5.76,9.296666667,11.20666667,8.26,2.293333333,4.61,17.44666667,5.803333333,68.94,0.73,59.11,5.44,78.25,Fallow
832,brown,7.3,354.0,6.0,0.0983,1.3,7.0,7.933333333,8.403333333,11.41333333,10.15,24.85,28.5,23.53333333,21.64666667,6.253333333,9.81,10.58666667,8.38,1.763333333,3.246666667,13.01333333,3.463333333,88.38,0.74,59.11,6.26,76.54,Fallow
833,black,5.8,348.0,4.0,0.1539,1.3,11.0,7.933333333,8.403333333,11.41333333,10.15,24.85,28.5,23.53333333,21.64666667,6.253333333,9.81,10.58666667,8.38,1.763333333,3.246666667,13.01333333,3.463333333,88.38,0.74,59.11,6.26,76.54,Fallow
834,brown,7.1,238.0,7.0,0.0445,1.1,7.0,7.933333333,8.403333333,11.41333333,10.15,24.85,28.5,23.53333333,21.64666667,6.253333333,9.81,10.58666667,8.38,1.763333333,3.246666667,13.01333333,3.463333333,88.38,0.74,59.11,6.26,76.54,Fallow
835,brown,5.0,89.0,3.0,0.3218,1.1,11.0,7.933333333,8.403333333,11.41333333,10.15,24.85,28.5,23.53333333,21.64666667,6.253333333,9.81,10.58666667,8.38,1.763333333,3.246666667,13.01333333,3.463333333,88.38,0.74,59.11,6.26,76.54,Fallow
836,brown,7.0,185.0,1.0,0.252362008,0.7,7.0,8.91,9.48,12.24666667,11.10666667,25.20666667,29.71333333,23.59,22.8,5.76,9.296666667,11.20666667,8.26,2.293333333,4.61,17.44666667,5.803333333,68.94,0.73,59.11,5.44,78.25,Fallow
837,brown,5.7,167.0,1.0,0.1235,1.2,4.0,8.91,9.48,12.24666667,11.10666667,25.20666667,29.71333333,23.59,22.8,5.76,9.296666667,11.20666667,8.26,2.293333333,4.61,17.44666667,5.803333333,68.94,0.73,59.11,5.44,78.25,Fallow
838,black,6.0,378.0,11.0,0.4477,2.5,6.0,8.91,9.48,12.24666667,11.10666667,25.20666667,29.71333333,23.59,22.8,5.76,9.296666667,11.20666667,8.26,2.293333333,4.61,17.44666667,5.803333333,68.94,0.73,59.11,5.44,78.25,Fallow
839,brown,6.2,350.0,9.0,0.260151402,1.7,8.0,8.91,9.48,12.24666667,11.10666667,25.20666667,29.71333333,23.59,22.8,5.76,9.296666667,11.20666667,8.26,2.293333333,4.61,17.44666667,5.803333333,68.94,0.73,59.11,5.44,78.25,Fallow
840,black,6.1,197.0,6.0,0.1177,2.8,22.0,8.506666667,9.34,12.16666667,10.92666667,25.34333333,28.87,23.33666667,22.28,6.053333333,9.353333333,10.93333333,8.29,1.736666667,5.203333333,17.81666667,5.823333333,36.06,0.77,59.11,5.41,77.29,Fallow
841,brown,5.3,422.0,46.0,0.2279,2.7,12.0,8.506666667,9.34,12.16666667,10.92666667,25.34333333,28.87,23.33666667,22.28,6.053333333,9.353333333,10.93333333,8.29,1.736666667,5.203333333,17.81666667,5.823333333,36.06,0.77,59.11,5.41,77.29,Fallow
842,gray,6.9,257.0,10.0,0.134622792,1.6,7.0,7.586666667,8.136666667,11.43,10.15,26.32666667,28.97,24.37666667,22.67333333,7.513333333,11.38333333,11.81,10.08666667,0.91,2.266666667,11.76666667,2.96,88.31,0.63,59.11,6.01,77.15,Fallow
843,red,5.4,507.0,5.0,0.1333,1.7,10.0,8.506666667,9.34,12.16666667,10.92666667,25.34333333,28.87,23.33666667,22.28,6.053333333,9.353333333,10.93333333,8.29,1.736666667,5.203333333,17.81666667,5.823333333,36.06,0.77,59.11,5.41,77.29,Fallow
844,black,5.8,79.0,4.0,0.250293402,0.6,11.0,8.506666667,9.34,12.16666667,10.92666667,25.34333333,28.87,23.33666667,22.28,6.053333333,9.353333333,10.93333333,8.29,1.736666667,5.203333333,17.81666667,5.823333333,36.06,0.77,59.11,5.41,77.29,Fallow
845,brown,5.85,235.12,7.25,0.2289,1.59,3.47,8.506666667,9.34,12.16666667,10.92666667,25.34333333,28.87,23.33666667,22.28,6.053333333,9.353333333,10.93333333,8.29,1.736666667,5.203333333,17.81666667,5.823333333,36.06,0.77,59.11,5.41,77.29,Fallow
846,brown,6.0,117.0,19.0,0.0969,1.1,5.0,8.506666667,9.34,12.16666667,10.92666667,25.34333333,28.87,23.33666667,22.28,6.053333333,9.353333333,10.93333333,8.29,1.736666667,5.203333333,17.81666667,5.823333333,36.06,0.77,59.11,5.41,77.29,Fallow
847,brown,5.41,82.0,2.0,0.2289,1.0,9.0,8.566666667,9.663333333,12.73666667,11.78,25.88333333,30.05666667,23.65,22.84666667,6.626666667,10.35,11.17333333,9.1,1.343333333,5.66,19.92,7.42,14.25,0.8,59.11,6.06,78.58,Fallow
848,red,6.4,117.0,1.0,0.1209,0.9,7.0,8.506666667,9.34,12.16666667,10.92666667,25.34333333,28.87,23.33666667,22.28,6.053333333,9.353333333,10.93333333,8.29,1.736666667,5.203333333,17.81666667,5.823333333,36.06,0.77,59.11,5.41,77.29,Fallow
849,black,5.5,114.0,1.0,0.2289,0.5,8.0,8.506666667,9.34,12.16666667,10.92666667,25.34333333,28.87,23.33666667,22.28,6.053333333,9.353333333,10.93333333,8.29,1.736666667,5.203333333,17.81666667,5.823333333,36.06,0.77,59.11,5.41,77.29,Fallow
850,brown,5.1,158.0,17.0,0.3044,0.7,7.0,8.506666667,9.34,12.16666667,10.92666667,25.34333333,28.87,23.33666667,22.28,6.053333333,9.353333333,10.93333333,8.29,1.736666667,5.203333333,17.81666667,5.823333333,36.06,0.77,59.11,5.41,77.29,Fallow
851,brown,5.3,50.0,7.0,0.1156,1.0,11.0,8.506666667,9.34,12.16666667,10.92666667,25.34333333,28.87,23.33666667,22.28,6.053333333,9.353333333,10.93333333,8.29,1.736666667,5.203333333,17.81666667,5.823333333,36.06,0.77,59.11,5.41,77.29,Fallow
852,black,5.2,125.0,6.0,0.5309,0.7,14.0,8.506666667,9.34,12.16666667,10.92666667,25.34333333,28.87,23.33666667,22.28,6.053333333,9.353333333,10.93333333,8.29,1.736666667,5.203333333,17.81666667,5.823333333,36.06,0.77,59.11,5.41,77.29,Fallow
853,black,6.7,321.0,13.0,0.11,1.4,5.0,9.256666667,9.886666667,13.57,12.14666667,29.72333333,33.97333333,27.76666667,26.52,9.426666667,14.21333333,14.34666667,12.08666667,1.986666667,4.086666667,11.86666667,4.486666667,15.62,0.55,4.86,4.86,83.76,Maize
854,black,7.4,1643.0,240.0,0.3594,6.7,14.0,9.256666667,9.886666667,13.57,12.14666667,29.72333333,33.97333333,27.76666667,26.52,9.426666667,14.21333333,14.34666667,12.08666667,1.986666667,4.086666667,11.86666667,4.486666667,15.62,0.55,4.86,4.86,83.76,Maize
855,brown,7.0,1644.0,230.0,0.251,11.1,11.0,8.016666667,8.503333333,12.59333333,10.98666667,30.62333333,33.21666667,27.53333333,26.29,8.883333333,12.68666667,13.17,10.74666667,0.75,2.37,8.35,2.156666667,67.12,0.62,57.49,5.56,81.4,Maize
856,brown,6.0,462.0,2.0,0.122,1.3,8.0,9.256666667,9.886666667,13.57,12.14666667,29.72333333,33.97333333,27.76666667,26.52,9.426666667,14.21333333,14.34666667,12.08666667,1.986666667,4.086666667,11.86666667,4.486666667,15.62,0.55,4.86,4.86,83.76,Maize
857,red,4.9,301.0,4.0,0.247,1.4,20.0,8.016666667,8.503333333,12.59333333,10.98666667,30.62333333,33.21666667,27.53333333,26.29,8.883333333,12.68666667,13.17,10.74666667,0.75,2.37,8.35,2.156666667,67.12,0.62,57.49,5.56,81.4,Maize
858,brown,8.14,153.0,7.17,0.2,1.01,17.3,8.016666667,8.503333333,12.59333333,10.98666667,30.62333333,33.21666667,27.53333333,26.29,8.883333333,12.68666667,13.17,10.74666667,0.75,2.37,8.35,2.156666667,67.12,0.62,57.49,5.56,81.4,Maize
859,black,7.0,1464.0,224.0,0.2686,6.8,11.0,8.016666667,8.503333333,12.59333333,10.98666667,30.62333333,33.21666667,27.53333333,26.29,8.883333333,12.68666667,13.17,10.74666667,0.75,2.37,8.35,2.156666667,67.12,0.62,57.49,5.56,81.4,Maize
860,brown,5.9,315.0,3.0,0.217,2.3,13.0,9.256666667,9.886666667,13.57,12.14666667,29.72333333,33.97333333,27.76666667,26.52,9.426666667,14.21333333,14.34666667,12.08666667,1.986666667,4.086666667,11.86666667,4.486666667,15.62,0.55,4.86,4.86,83.76,Maize
861,black,6.5,1023.0,116.0,0.2435,21.8,15.0,8.016666667,8.503333333,12.59333333,10.98666667,30.62333333,33.21666667,27.53333333,26.29,8.883333333,12.68666667,13.17,10.74666667,0.75,2.37,8.35,2.156666667,67.12,0.62,57.49,5.56,81.4,Maize
862,brown,5.2,515.0,4.0,0.203,1.3,19.0,8.016666667,8.503333333,12.59333333,10.98666667,30.62333333,33.21666667,27.53333333,26.29,8.883333333,12.68666667,13.17,10.74666667,0.75,2.37,8.35,2.156666667,67.12,0.62,57.49,5.56,81.4,Maize
863,red,5.76,245.0,0.99,0.09,1.03,14.3,9.256666667,9.886666667,13.57,12.14666667,29.72333333,33.97333333,27.76666667,26.52,9.426666667,14.21333333,14.34666667,12.08666667,1.986666667,4.086666667,11.86666667,4.486666667,15.62,0.55,4.86,4.86,83.76,Maize
864,black,6.2,1294.0,48.0,0.2387,4.2,14.0,8.016666667,8.503333333,12.59333333,10.98666667,30.62333333,33.21666667,27.53333333,26.29,8.883333333,12.68666667,13.17,10.74666667,0.75,2.37,8.35,2.156666667,67.12,0.62,57.49,5.56,81.4,Maize
865,brown,5.6,495.0,17.0,0.1985,2.5,7.0,8.016666667,8.503333333,12.59333333,10.98666667,30.62333333,33.21666667,27.53333333,26.29,8.883333333,12.68666667,13.17,10.74666667,0.75,2.37,8.35,2.156666667,67.12,0.62,57.49,5.56,81.4,Maize
866,red,4.86,307.0,10.7,0.19,1.21,17.5,8.91,9.48,12.24666667,11.10666667,25.20666667,29.71333333,23.59,22.8,5.76,9.296666667,11.20666667,8.26,2.293333333,4.61,17.44666667,5.803333333,68.94,0.73,59.11,5.44,78.25,Maize
867,black,6.1,245.0,3.0,0.122,2.0,8.0,8.91,9.48,12.24666667,11.10666667,25.20666667,29.71333333,23.59,22.8,5.76,9.296666667,11.20666667,8.26,2.293333333,4.61,17.44666667,5.803333333,68.94,0.73,59.11,5.44,78.25,Maize
868,black,5.7,532.0,3.0,0.2068,2.3,13.0,8.91,9.48,12.24666667,11.10666667,25.20666667,29.71333333,23.59,22.8,5.76,9.296666667,11.20666667,8.26,2.293333333,4.61,17.44666667,5.803333333,68.94,0.73,59.11,5.44,78.25,Maize
869,reddish brown,5.19,291.0,3.24,0.26,3.03,14.7,8.91,9.48,12.24666667,11.10666667,25.20666667,29.71333333,23.59,22.8,5.76,9.296666667,11.20666667,8.26,2.293333333,4.61,17.44666667,5.803333333,68.94,0.73,59.11,5.44,78.25,Maize
870,red,5.3,395.0,3.0,0.1524,1.0,16.0,7.933333333,8.403333333,11.41333333,10.15,24.85,28.5,23.53333333,21.64666667,6.253333333,9.81,10.58666667,8.38,1.763333333,3.246666667,13.01333333,3.463333333,88.38,0.74,59.11,6.26,76.54,Maize
871,red,5.11,389.0,2.04,0.21,1.9,13.7,8.91,9.48,12.24666667,11.10666667,25.20666667,29.71333333,23.59,22.8,5.76,9.296666667,11.20666667,8.26,2.293333333,4.61,17.44666667,5.803333333,68.94,0.73,59.11,5.44,78.25,Maize
872,reddish brown,5.14,257.0,1.93,0.23,1.55,11.9,8.91,9.48,12.24666667,11.10666667,25.20666667,29.71333333,23.59,22.8,5.76,9.296666667,11.20666667,8.26,2.293333333,4.61,17.44666667,5.803333333,68.94,0.73,59.11,5.44,78.25,Maize
873,red,5.4,253.0,1.0,0.1455,0.6,24.0,7.933333333,8.403333333,11.41333333,10.15,24.85,28.5,23.53333333,21.64666667,6.253333333,9.81,10.58666667,8.38,1.763333333,3.246666667,13.01333333,3.463333333,88.38,0.74,59.11,6.26,76.54,Maize
874,red,4.82,515.0,3.06,0.25,2.04,29.4,8.91,9.48,12.24666667,11.10666667,25.20666667,29.71333333,23.59,22.8,5.76,9.296666667,11.20666667,8.26,2.293333333,4.61,17.44666667,5.803333333,68.94,0.73,59.11,5.44,78.25,Maize
875,red,5.04,149.0,13.9,0.26,1.57,15.0,8.91,9.48,12.24666667,11.10666667,25.20666667,29.71333333,23.59,22.8,5.76,9.296666667,11.20666667,8.26,2.293333333,4.61,17.44666667,5.803333333,68.94,0.73,59.11,5.44,78.25,Maize
876,red,4.96,370.0,2.93,0.23,1.35,19.6,8.91,9.48,12.24666667,11.10666667,25.20666667,29.71333333,23.59,22.8,5.76,9.296666667,11.20666667,8.26,2.293333333,4.61,17.44666667,5.803333333,68.94,0.73,59.11,5.44,78.25,Maize
877,brown,5.8,772.0,22.0,0.207,2.3,9.0,7.933333333,8.403333333,11.41333333,10.15,24.85,28.5,23.53333333,21.64666667,6.253333333,9.81,10.58666667,8.38,1.763333333,3.246666667,13.01333333,3.463333333,88.38,0.74,59.11,6.26,76.54,Maize
878,reddish brown,5.13,258.0,2.09,0.25,1.62,14.9,8.91,9.48,12.24666667,11.10666667,25.20666667,29.71333333,23.59,22.8,5.76,9.296666667,11.20666667,8.26,2.293333333,4.61,17.44666667,5.803333333,68.94,0.73,59.11,5.44,78.25,Maize
879,red,5.01,350.0,2.71,0.2,1.57,23.8,8.91,9.48,12.24666667,11.10666667,25.20666667,29.71333333,23.59,22.8,5.76,9.296666667,11.20666667,8.26,2.293333333,4.61,17.44666667,5.803333333,68.94,0.73,59.11,5.44,78.25,Maize
880,red,4.9,411.0,17.0,0.2809,4.4,13.0,7.933333333,8.403333333,11.41333333,10.15,24.85,28.5,23.53333333,21.64666667,6.253333333,9.81,10.58666667,8.38,1.763333333,3.246666667,13.01333333,3.463333333,88.38,0.74,59.11,6.26,76.54,Maize
881,red,5.01,97.0,2.25,0.21,0.93,17.4,8.91,9.48,12.24666667,11.10666667,25.20666667,29.71333333,23.59,22.8,5.76,9.296666667,11.20666667,8.26,2.293333333,4.61,17.44666667,5.803333333,68.94,0.73,59.11,5.44,78.25,Maize
882,brown,7.25,192.0,21.8,0.176938188,1.0,6.6,8.91,9.48,12.24666667,11.10666667,25.20666667,29.71333333,23.59,22.8,5.76,9.296666667,11.20666667,8.26,2.293333333,4.61,17.44666667,5.803333333,68.94,0.73,59.11,5.44,78.25,Maize
883,brown,6.25,129.0,26.4,0.304697117,1.3,8.3,8.91,9.48,12.24666667,11.10666667,25.20666667,29.71333333,23.59,22.8,5.76,9.296666667,11.20666667,8.26,2.293333333,4.61,17.44666667,5.803333333,68.94,0.73,59.11,5.44,78.25,Maize
884,reddish brown,5.02,737.0,1.58,0.2,2.29,19.0,8.91,9.48,12.24666667,11.10666667,25.20666667,29.71333333,23.59,22.8,5.76,9.296666667,11.20666667,8.26,2.293333333,4.61,17.44666667,5.803333333,68.94,0.73,59.11,5.44,78.25,Maize
885,brown,6.65,70.0,6.3,0.170013338,1.0,5.4,8.91,9.48,12.24666667,11.10666667,25.20666667,29.71333333,23.59,22.8,5.76,9.296666667,11.20666667,8.26,2.293333333,4.61,17.44666667,5.803333333,68.94,0.73,59.11,5.44,78.25,Maize
886,red,5.1,565.0,5.0,0.2242,2.7,11.0,8.91,9.48,12.24666667,11.10666667,25.20666667,29.71333333,23.59,22.8,5.76,9.296666667,11.20666667,8.26,2.293333333,4.61,17.44666667,5.803333333,68.94,0.73,59.11,5.44,78.25,Maize
887,other,6.25,79.0,19.2,0.143328461,1.2,8.8,8.91,9.48,12.24666667,11.10666667,25.20666667,29.71333333,23.59,22.8,5.76,9.296666667,11.20666667,8.26,2.293333333,4.61,17.44666667,5.803333333,68.94,0.73,59.11,5.44,78.25,Maize
888,red,5.1,202.0,3.0,0.19890058,1.3,24.0,8.91,9.48,12.24666667,11.10666667,25.20666667,29.71333333,23.59,22.8,5.76,9.296666667,11.20666667,8.26,2.293333333,4.61,17.44666667,5.803333333,68.94,0.73,59.11,5.44,78.25,Maize
889,brown,6.46,190.0,136.7,0.191791347,2.4,11.9,8.91,9.48,12.24666667,11.10666667,25.20666667,29.71333333,23.59,22.8,5.76,9.296666667,11.20666667,8.26,2.293333333,4.61,17.44666667,5.803333333,68.94,0.73,59.11,5.44,78.25,Maize
890,brown,5.87,95.0,7.5,0.098593947,0.9,6.4,8.91,9.48,12.24666667,11.10666667,25.20666667,29.71333333,23.59,22.8,5.76,9.296666667,11.20666667,8.26,2.293333333,4.61,17.44666667,5.803333333,68.94,0.73,59.11,5.44,78.25,Maize
891,brown,6.1,138.0,41.1,0.294666827,1.4,11.3,8.91,9.48,12.24666667,11.10666667,25.20666667,29.71333333,23.59,22.8,5.76,9.296666667,11.20666667,8.26,2.293333333,4.61,17.44666667,5.803333333,68.94,0.73,59.11,5.44,78.25,Maize
892,red,5.1,161.17,5.09,0.19890058,1.18,24.07,8.91,9.48,12.24666667,11.10666667,25.20666667,29.71333333,23.59,22.8,5.76,9.296666667,11.20666667,8.26,2.293333333,4.61,17.44666667,5.803333333,68.94,0.73,59.11,5.44,78.25,Maize
893,brown,4.62,163.0,2.07,0.19,0.83,26.5,8.91,9.48,12.24666667,11.10666667,25.20666667,29.71333333,23.59,22.8,5.76,9.296666667,11.20666667,8.26,2.293333333,4.61,17.44666667,5.803333333,68.94,0.73,59.11,5.44,78.25,Maize
894,black,5.7,298.0,3.0,0.2048,1.5,6.0,7.933333333,8.403333333,11.41333333,10.15,24.85,28.5,23.53333333,21.64666667,6.253333333,9.81,10.58666667,8.38,1.763333333,3.246666667,13.01333333,3.463333333,88.38,0.74,59.11,6.26,76.54,Maize
895,red,5.0,179.0,3.0,0.2094,1.0,22.0,8.91,9.48,12.24666667,11.10666667,25.20666667,29.71333333,23.59,22.8,5.76,9.296666667,11.20666667,8.26,2.293333333,4.61,17.44666667,5.803333333,68.94,0.73,59.11,5.44,78.25,Maize
896,brown,4.7,327.0,1.0,0.2021,1.5,20.0,8.91,9.48,12.24666667,11.10666667,25.20666667,29.71333333,23.59,22.8,5.76,9.296666667,11.20666667,8.26,2.293333333,4.61,17.44666667,5.803333333,68.94,0.73,59.11,5.44,78.25,Maize
897,brown,6.32,123.0,19.2,0.05,0.8,8.0,8.91,9.48,12.24666667,11.10666667,25.20666667,29.71333333,23.59,22.8,5.76,9.296666667,11.20666667,8.26,2.293333333,4.61,17.44666667,5.803333333,68.94,0.73,59.11,5.44,78.25,Maize
898,brown,5.2,296.0,5.0,0.183923547,1.2,24.0,8.91,9.48,12.24666667,11.10666667,25.20666667,29.71333333,23.59,22.8,5.76,9.296666667,11.20666667,8.26,2.293333333,4.61,17.44666667,5.803333333,68.94,0.73,59.11,5.44,78.25,Maize
899,brown,6.65,61.0,7.4,0.22025364,1.0,8.2,8.91,9.48,12.24666667,11.10666667,25.20666667,29.71333333,23.59,22.8,5.76,9.296666667,11.20666667,8.26,2.293333333,4.61,17.44666667,5.803333333,68.94,0.73,59.11,5.44,78.25,Maize
900,red,6.1,384.0,2.0,0.1273,1.5,19.0,8.91,9.48,12.24666667,11.10666667,25.20666667,29.71333333,23.59,22.8,5.76,9.296666667,11.20666667,8.26,2.293333333,4.61,17.44666667,5.803333333,68.94,0.73,59.11,5.44,78.25,Maize
901,very dark brown,7.82,266.0,0.6,0.13,0.94,8.74,7.933333333,8.403333333,11.41333333,10.15,24.85,28.5,23.53333333,21.64666667,6.253333333,9.81,10.58666667,8.38,1.763333333,3.246666667,13.01333333,3.463333333,88.38,0.74,59.11,6.26,76.54,Maize
902,very dark brown,6.33,424.0,3.65,0.2,1.15,7.85,7.933333333,8.403333333,11.41333333,10.15,24.85,28.5,23.53333333,21.64666667,6.253333333,9.81,10.58666667,8.38,1.763333333,3.246666667,13.01333333,3.463333333,88.38,0.74,59.11,6.26,76.54,Maize
903,red,5.8,259.0,2.0,0.137,0.8,20.0,8.91,9.48,12.24666667,11.10666667,25.20666667,29.71333333,23.59,22.8,5.76,9.296666667,11.20666667,8.26,2.293333333,4.61,17.44666667,5.803333333,68.94,0.73,59.11,5.44,78.25,Maize
904,black,6.0,380.0,3.0,0.179883668,0.9,14.0,8.91,9.48,12.24666667,11.10666667,25.20666667,29.71333333,23.59,22.8,5.76,9.296666667,11.20666667,8.26,2.293333333,4.61,17.44666667,5.803333333,68.94,0.73,59.11,5.44,78.25,Maize
905,pearl brown,5.41,370.0,8.51,0.21,2.07,9.84,7.933333333,8.403333333,11.41333333,10.15,24.85,28.5,23.53333333,21.64666667,6.253333333,9.81,10.58666667,8.38,1.763333333,3.246666667,13.01333333,3.463333333,88.38,0.74,59.11,6.26,76.54,Maize
906,red,4.8,137.0,2.0,0.2549,1.2,15.0,8.91,9.48,12.24666667,11.10666667,25.20666667,29.71333333,23.59,22.8,5.76,9.296666667,11.20666667,8.26,2.293333333,4.61,17.44666667,5.803333333,68.94,0.73,59.11,5.44,78.25,Maize
907,red,5.3,514.0,5.0,0.2451,3.1,12.0,8.566666667,9.663333333,12.73666667,11.78,25.88333333,30.05666667,23.65,22.84666667,6.626666667,10.35,11.17333333,9.1,1.343333333,5.66,19.92,7.42,14.25,0.8,59.11,6.06,78.58,Maize
908,gray,5.7,359.0,23.0,0.164829547,0.7,26.0,8.91,9.48,12.24666667,11.10666667,25.20666667,29.71333333,23.59,22.8,5.76,9.296666667,11.20666667,8.26,2.293333333,4.61,17.44666667,5.803333333,68.94,0.73,59.11,5.44,78.25,Maize
909,red,5.5,619.0,4.0,0.247345527,1.9,24.0,8.91,9.48,12.24666667,11.10666667,25.20666667,29.71333333,23.59,22.8,5.76,9.296666667,11.20666667,8.26,2.293333333,4.61,17.44666667,5.803333333,68.94,0.73,59.11,5.44,78.25,Maize
910,black,6.94,189.0,1.5,0.144175153,0.8,0.05,8.91,9.48,12.24666667,11.10666667,25.20666667,29.71333333,23.59,22.8,5.76,9.296666667,11.20666667,8.26,2.293333333,4.61,17.44666667,5.803333333,68.94,0.73,59.11,5.44,78.25,Maize
911,red,5.25,214.0,7.6,0.204697726,1.1,12.9,9.723333333,10.70333333,13.77333333,12.65666667,28.04,32.58,25.64333333,25.47333333,8.783333333,12.89,14.08666667,11.01,2.78,5.403333333,19.36333333,6.98,343.44,0.73,59.11,5.19,82.6,Maize
912,black,7.0,431.0,8.0,0.104,1.4,9.0,9.723333333,10.70333333,13.77333333,12.65666667,28.04,32.58,25.64333333,25.47333333,8.783333333,12.89,14.08666667,11.01,2.78,5.403333333,19.36333333,6.98,343.44,0.73,59.11,5.19,82.6,Maize
913,black,7.16,223.0,5.4,0.190013995,2.1,0.05,9.723333333,10.70333333,13.77333333,12.65666667,28.04,32.58,25.64333333,25.47333333,8.783333333,12.89,14.08666667,11.01,2.78,5.403333333,19.36333333,6.98,343.44,0.73,59.11,5.19,82.6,Maize
914,black,7.64,329.0,12.4,0.159225412,1.3,0.05,9.723333333,10.70333333,13.77333333,12.65666667,28.04,32.58,25.64333333,25.47333333,8.783333333,12.89,14.08666667,11.01,2.78,5.403333333,19.36333333,6.98,343.44,0.73,59.11,5.19,82.6,Maize
915,red,5.55,555.0,6.5,0.196423695,2.7,10.3,9.723333333,10.70333333,13.77333333,12.65666667,28.04,32.58,25.64333333,25.47333333,8.783333333,12.89,14.08666667,11.01,2.78,5.403333333,19.36333333,6.98,343.44,0.73,59.11,5.19,82.6,Maize
916,red,5.7,797.0,13.0,0.211608102,3.6,14.7,9.723333333,10.70333333,13.77333333,12.65666667,28.04,32.58,25.64333333,25.47333333,8.783333333,12.89,14.08666667,11.01,2.78,5.403333333,19.36333333,6.98,343.44,0.73,59.11,5.19,82.6,Maize
917,red,5.45,486.0,2.4,0.186215179,1.5,7.3,9.723333333,10.70333333,13.77333333,12.65666667,28.04,32.58,25.64333333,25.47333333,8.783333333,12.89,14.08666667,11.01,2.78,5.403333333,19.36333333,6.98,343.44,0.73,59.11,5.19,82.6,Maize
918,red,5.4,158.0,2.0,0.1752,1.8,10.0,8.91,9.48,12.24666667,11.10666667,25.20666667,29.71333333,23.59,22.8,5.76,9.296666667,11.20666667,8.26,2.293333333,4.61,17.44666667,5.803333333,68.94,0.73,59.11,5.44,78.25,Maize
919,red,5.31,410.0,3.8,0.182873802,1.4,7.4,9.723333333,10.70333333,13.77333333,12.65666667,28.04,32.58,25.64333333,25.47333333,8.783333333,12.89,14.08666667,11.01,2.78,5.403333333,19.36333333,6.98,343.44,0.73,59.11,5.19,82.6,Maize
920,other,5.3,614.0,4.0,0.287016226,2.2,23.0,8.91,9.48,12.24666667,11.10666667,25.20666667,29.71333333,23.59,22.8,5.76,9.296666667,11.20666667,8.26,2.293333333,4.61,17.44666667,5.803333333,68.94,0.73,59.11,5.44,78.25,Maize
921,red,5.95,516.0,51.4,0.240991169,3.9,4.0,9.723333333,10.70333333,13.77333333,12.65666667,28.04,32.58,25.64333333,25.47333333,8.783333333,12.89,14.08666667,11.01,2.78,5.403333333,19.36333333,6.98,343.44,0.73,59.11,5.19,82.6,Maize
922,black,6.65,263.0,4.1,0.145299107,1.2,0.05,9.723333333,10.70333333,13.77333333,12.65666667,28.04,32.58,25.64333333,25.47333333,8.783333333,12.89,14.08666667,11.01,2.78,5.403333333,19.36333333,6.98,343.44,0.73,59.11,5.19,82.6,Maize
923,black,6.9,594.0,6.0,0.0895,1.6,11.0,9.723333333,10.70333333,13.77333333,12.65666667,28.04,32.58,25.64333333,25.47333333,8.783333333,12.89,14.08666667,11.01,2.78,5.403333333,19.36333333,6.98,343.44,0.73,59.11,5.19,82.6,Maize
924,red,5.65,148.0,1.7,0.20350871,1.6,4.6,9.723333333,10.70333333,13.77333333,12.65666667,28.04,32.58,25.64333333,25.47333333,8.783333333,12.89,14.08666667,11.01,2.78,5.403333333,19.36333333,6.98,343.44,0.73,59.11,5.19,82.6,Maize
925,red,5.53,105.0,2.7,0.186725216,0.9,9.9,9.723333333,10.70333333,13.77333333,12.65666667,28.04,32.58,25.64333333,25.47333333,8.783333333,12.89,14.08666667,11.01,2.78,5.403333333,19.36333333,6.98,343.44,0.73,59.11,5.19,82.6,Maize
926,black,6.0,186.4,6.84,0.118456249,1.15,5.71,8.91,9.48,12.24666667,11.10666667,25.20666667,29.71333333,23.59,22.8,5.76,9.296666667,11.20666667,8.26,2.293333333,4.61,17.44666667,5.803333333,68.94,0.73,59.11,5.44,78.25,Maize
927,other,5.3,326.36,3.94,0.287016226,2.72,13.64,8.91,9.48,12.24666667,11.10666667,25.20666667,29.71333333,23.59,22.8,5.76,9.296666667,11.20666667,8.26,2.293333333,4.61,17.44666667,5.803333333,68.94,0.73,59.11,5.44,78.25,Maize
928,other,5.7,696.0,1.0,0.1638,1.3,18.0,8.91,9.48,12.24666667,11.10666667,25.20666667,29.71333333,23.59,22.8,5.76,9.296666667,11.20666667,8.26,2.293333333,4.61,17.44666667,5.803333333,68.94,0.73,59.11,5.44,78.25,Maize
929,brown,5.5,514.0,4.0,0.2325,1.4,9.0,8.91,9.48,12.24666667,11.10666667,25.20666667,29.71333333,23.59,22.8,5.76,9.296666667,11.20666667,8.26,2.293333333,4.61,17.44666667,5.803333333,68.94,0.73,59.11,5.44,78.25,Maize
930,brown,6.22,92.0,10.1,0.1,1.44,7.24,9.723333333,10.70333333,13.77333333,12.65666667,28.04,32.58,25.64333333,25.47333333,8.783333333,12.89,14.08666667,11.01,2.78,5.403333333,19.36333333,6.98,343.44,0.73,59.11,5.19,82.6,Maize
931,black,6.96,491.0,27.0,0.12,1.57,9.83,7.933333333,8.403333333,11.41333333,10.15,24.85,28.5,23.53333333,21.64666667,6.253333333,9.81,10.58666667,8.38,1.763333333,3.246666667,13.01333333,3.463333333,88.38,0.74,59.11,6.26,76.54,Maize
932,black,7.12,448.0,66.7,0.1,2.74,12.3,9.723333333,10.70333333,13.77333333,12.65666667,28.04,32.58,25.64333333,25.47333333,8.783333333,12.89,14.08666667,11.01,2.78,5.403333333,19.36333333,6.98,343.44,0.73,59.11,5.19,82.6,Maize
933,red,5.4,169.0,4.0,0.12223,1.0,12.0,8.91,9.48,12.24666667,11.10666667,25.20666667,29.71333333,23.59,22.8,5.76,9.296666667,11.20666667,8.26,2.293333333,4.61,17.44666667,5.803333333,68.94,0.73,59.11,5.44,78.25,Maize
934,red,5.6,200.0,1.0,0.1211,2.2,15.0,8.91,9.48,12.24666667,11.10666667,25.20666667,29.71333333,23.59,22.8,5.76,9.296666667,11.20666667,8.26,2.293333333,4.61,17.44666667,5.803333333,68.94,0.73,59.11,5.44,78.25,Maize
935,red,5.93,502.0,3.54,0.27,2.18,13.7,9.723333333,10.70333333,13.77333333,12.65666667,28.04,32.58,25.64333333,25.47333333,8.783333333,12.89,14.08666667,11.01,2.78,5.403333333,19.36333333,6.98,343.44,0.73,59.11,5.19,82.6,Maize
936,black,6.5,408.0,4.0,0.1274,1.5,10.0,9.723333333,10.70333333,13.77333333,12.65666667,28.04,32.58,25.64333333,25.47333333,8.783333333,12.89,14.08666667,11.01,2.78,5.403333333,19.36333333,6.98,343.44,0.73,59.11,5.19,82.6,Maize
937,brown,5.7,922.0,4.0,0.1638,5.7,14.0,8.91,9.48,12.24666667,11.10666667,25.20666667,29.71333333,23.59,22.8,5.76,9.296666667,11.20666667,8.26,2.293333333,4.61,17.44666667,5.803333333,68.94,0.73,59.11,5.44,78.25,Maize
938,brown,5.0,222.15,4.98,0.229282801,1.4,25.17,8.91,9.48,12.24666667,11.10666667,25.20666667,29.71333333,23.59,22.8,5.76,9.296666667,11.20666667,8.26,2.293333333,4.61,17.44666667,5.803333333,68.94,0.73,59.11,5.44,78.25,Maize
939,brown,6.77,372.0,1.77,0.13,1.32,11.9,9.723333333,10.70333333,13.77333333,12.65666667,28.04,32.58,25.64333333,25.47333333,8.783333333,12.89,14.08666667,11.01,2.78,5.403333333,19.36333333,6.98,343.44,0.73,59.11,5.19,82.6,Maize
940,black,6.78,304.0,1.6,0.169855492,0.8,0.05,9.723333333,10.70333333,13.77333333,12.65666667,28.04,32.58,25.64333333,25.47333333,8.783333333,12.89,14.08666667,11.01,2.78,5.403333333,19.36333333,6.98,343.44,0.73,59.11,5.19,82.6,Maize
941,black,6.3,410.0,3.0,0.1357,1.3,7.0,9.723333333,10.70333333,13.77333333,12.65666667,28.04,32.58,25.64333333,25.47333333,8.783333333,12.89,14.08666667,11.01,2.78,5.403333333,19.36333333,6.98,343.44,0.73,59.11,5.19,82.6,Maize
942,brown,6.0,208.0,4.0,0.1134,1.6,4.0,7.933333333,8.403333333,11.41333333,10.15,24.85,28.5,23.53333333,21.64666667,6.253333333,9.81,10.58666667,8.38,1.763333333,3.246666667,13.01333333,3.463333333,88.38,0.74,59.11,6.26,76.54,Maize
943,black,6.4,349.0,3.0,0.1236,1.3,7.0,9.723333333,10.70333333,13.77333333,12.65666667,28.04,32.58,25.64333333,25.47333333,8.783333333,12.89,14.08666667,11.01,2.78,5.403333333,19.36333333,6.98,343.44,0.73,59.11,5.19,82.6,Maize
944,red,5.7,186.0,4.96,0.28,2.25,14.9,9.723333333,10.70333333,13.77333333,12.65666667,28.04,32.58,25.64333333,25.47333333,8.783333333,12.89,14.08666667,11.01,2.78,5.403333333,19.36333333,6.98,343.44,0.73,59.11,5.19,82.6,Maize
945,red,6.27,269.0,2.66,0.16,2.85,11.5,9.723333333,10.70333333,13.77333333,12.65666667,28.04,32.58,25.64333333,25.47333333,8.783333333,12.89,14.08666667,11.01,2.78,5.403333333,19.36333333,6.98,343.44,0.73,59.11,5.19,82.6,Maize
946,black,5.8,365.0,4.0,0.009379812,1.1,11.0,8.91,9.48,12.24666667,11.10666667,25.20666667,29.71333333,23.59,22.8,5.76,9.296666667,11.20666667,8.26,2.293333333,4.61,17.44666667,5.803333333,68.94,0.73,59.11,5.44,78.25,Maize
947,red,5.8,493.0,3.0,0.009379812,1.2,19.0,8.91,9.48,12.24666667,11.10666667,25.20666667,29.71333333,23.59,22.8,5.76,9.296666667,11.20666667,8.26,2.293333333,4.61,17.44666667,5.803333333,68.94,0.73,59.11,5.44,78.25,Maize
948,black,6.7,631.0,4.0,0.1515,2.1,9.0,7.933333333,8.403333333,11.41333333,10.15,24.85,28.5,23.53333333,21.64666667,6.253333333,9.81,10.58666667,8.38,1.763333333,3.246666667,13.01333333,3.463333333,88.38,0.74,59.11,6.26,76.54,Maize
949,red,5.7,166.0,2.0,0.1638,0.7,23.0,8.91,9.48,12.24666667,11.10666667,25.20666667,29.71333333,23.59,22.8,5.76,9.296666667,11.20666667,8.26,2.293333333,4.61,17.44666667,5.803333333,68.94,0.73,59.11,5.44,78.25,Maize
950,brown,5.7,733.0,3.0,0.252834987,2.6,16.0,8.91,9.48,12.24666667,11.10666667,25.20666667,29.71333333,23.59,22.8,5.76,9.296666667,11.20666667,8.26,2.293333333,4.61,17.44666667,5.803333333,68.94,0.73,59.11,5.44,78.25,Maize
951,red,5.4,812.0,101.0,0.153057985,7.8,9.0,8.91,9.48,12.24666667,11.10666667,25.20666667,29.71333333,23.59,22.8,5.76,9.296666667,11.20666667,8.26,2.293333333,4.61,17.44666667,5.803333333,68.94,0.73,59.11,5.44,78.25,Maize
952,red,5.4,469.99,2.41,0.153057985,1.22,16.86,8.91,9.48,12.24666667,11.10666667,25.20666667,29.71333333,23.59,22.8,5.76,9.296666667,11.20666667,8.26,2.293333333,4.61,17.44666667,5.803333333,68.94,0.73,59.11,5.44,78.25,Maize
953,brown,5.5,240.0,2.0,0.1681,1.8,9.0,8.91,9.48,12.24666667,11.10666667,25.20666667,29.71333333,23.59,22.8,5.76,9.296666667,11.20666667,8.26,2.293333333,4.61,17.44666667,5.803333333,68.94,0.73,59.11,5.44,78.25,Maize
954,red,5.88,274.0,3.14,0.28,2.16,14.1,9.723333333,10.70333333,13.77333333,12.65666667,28.04,32.58,25.64333333,25.47333333,8.783333333,12.89,14.08666667,11.01,2.78,5.403333333,19.36333333,6.98,343.44,0.73,59.11,5.19,82.6,Maize
955,black,6.6,545.0,6.0,0.1265,1.4,9.0,9.723333333,10.70333333,13.77333333,12.65666667,28.04,32.58,25.64333333,25.47333333,8.783333333,12.89,14.08666667,11.01,2.78,5.403333333,19.36333333,6.98,343.44,0.73,59.11,5.19,82.6,Maize
956,black,5.8,352.0,3.0,0.009379812,0.9,10.0,8.91,9.48,12.24666667,11.10666667,25.20666667,29.71333333,23.59,22.8,5.76,9.296666667,11.20666667,8.26,2.293333333,4.61,17.44666667,5.803333333,68.94,0.73,59.11,5.44,78.25,Maize
957,brown,7.0,521.0,2.0,0.252362008,1.5,17.0,8.91,9.48,12.24666667,11.10666667,25.20666667,29.71333333,23.59,22.8,5.76,9.296666667,11.20666667,8.26,2.293333333,4.61,17.44666667,5.803333333,68.94,0.73,59.11,5.44,78.25,Maize
958,red,5.7,142.0,2.0,0.252834987,0.9,23.0,8.91,9.48,12.24666667,11.10666667,25.20666667,29.71333333,23.59,22.8,5.76,9.296666667,11.20666667,8.26,2.293333333,4.61,17.44666667,5.803333333,68.94,0.73,59.11,5.44,78.25,Maize
959,red,5.6,124.0,1.0,0.235689774,0.5,22.0,8.91,9.48,12.24666667,11.10666667,25.20666667,29.71333333,23.59,22.8,5.76,9.296666667,11.20666667,8.26,2.293333333,4.61,17.44666667,5.803333333,68.94,0.73,59.11,5.44,78.25,Maize
960,red,5.4,230.0,4.52,0.26,1.34,12.8,9.723333333,10.70333333,13.77333333,12.65666667,28.04,32.58,25.64333333,25.47333333,8.783333333,12.89,14.08666667,11.01,2.78,5.403333333,19.36333333,6.98,343.44,0.73,59.11,5.19,82.6,Maize
961,brown,7.2,530.0,3.0,0.2353,4.4,7.0,9.723333333,10.70333333,13.77333333,12.65666667,28.04,32.58,25.64333333,25.47333333,8.783333333,12.89,14.08666667,11.01,2.78,5.403333333,19.36333333,6.98,343.44,0.73,59.11,5.19,82.6,Maize
962,red,5.6,374.0,8.0,0.1629,1.6,14.0,9.723333333,10.70333333,13.77333333,12.65666667,28.04,32.58,25.64333333,25.47333333,8.783333333,12.89,14.08666667,11.01,2.78,5.403333333,19.36333333,6.98,343.44,0.73,59.11,5.19,82.6,Maize
963,brown,8.1,726.0,66.0,0.0851,1.9,14.0,7.933333333,8.403333333,11.41333333,10.15,24.85,28.5,23.53333333,21.64666667,6.253333333,9.81,10.58666667,8.38,1.763333333,3.246666667,13.01333333,3.463333333,88.38,0.74,59.11,6.26,76.54,Maize
964,black,6.5,482.0,1.0,0.0985,1.5,6.0,9.723333333,10.70333333,13.77333333,12.65666667,28.04,32.58,25.64333333,25.47333333,8.783333333,12.89,14.08666667,11.01,2.78,5.403333333,19.36333333,6.98,343.44,0.73,59.11,5.19,82.6,Maize
965,red,5.79,379.0,4.0,0.186203319,1.3,6.2,9.723333333,10.70333333,13.77333333,12.65666667,28.04,32.58,25.64333333,25.47333333,8.783333333,12.89,14.08666667,11.01,2.78,5.403333333,19.36333333,6.98,343.44,0.73,59.11,5.19,82.6,Maize
966,brown,5.6,703.0,9.0,0.2276,3.1,9.0,8.91,9.48,12.24666667,11.10666667,25.20666667,29.71333333,23.59,22.8,5.76,9.296666667,11.20666667,8.26,2.293333333,4.61,17.44666667,5.803333333,68.94,0.73,59.11,5.44,78.25,Maize
967,red,5.7,328.0,3.0,0.252834987,2.3,17.0,8.91,9.48,12.24666667,11.10666667,25.20666667,29.71333333,23.59,22.8,5.76,9.296666667,11.20666667,8.26,2.293333333,4.61,17.44666667,5.803333333,68.94,0.73,59.11,5.44,78.25,Maize
968,brown,5.3,471.0,2.0,0.207024612,1.9,23.0,8.91,9.48,12.24666667,11.10666667,25.20666667,29.71333333,23.59,22.8,5.76,9.296666667,11.20666667,8.26,2.293333333,4.61,17.44666667,5.803333333,68.94,0.73,59.11,5.44,78.25,Maize
969,red,5.78,610.0,2.12,0.23,2.48,14.6,9.723333333,10.70333333,13.77333333,12.65666667,28.04,32.58,25.64333333,25.47333333,8.783333333,12.89,14.08666667,11.01,2.78,5.403333333,19.36333333,6.98,343.44,0.73,59.11,5.19,82.6,Maize
970,black,6.02,175.0,14.5,0.09,1.17,8.38,9.723333333,10.70333333,13.77333333,12.65666667,28.04,32.58,25.64333333,25.47333333,8.783333333,12.89,14.08666667,11.01,2.78,5.403333333,19.36333333,6.98,343.44,0.73,59.11,5.19,82.6,Maize
971,red,5.34,123.0,4.81,0.27,1.05,17.8,9.723333333,10.70333333,13.77333333,12.65666667,28.04,32.58,25.64333333,25.47333333,8.783333333,12.89,14.08666667,11.01,2.78,5.403333333,19.36333333,6.98,343.44,0.73,59.11,5.19,82.6,Maize
972,red,5.55,130.0,1.6,0.217488577,1.2,8.0,9.723333333,10.70333333,13.77333333,12.65666667,28.04,32.58,25.64333333,25.47333333,8.783333333,12.89,14.08666667,11.01,2.78,5.403333333,19.36333333,6.98,343.44,0.73,59.11,5.19,82.6,Maize
973,brown,7.0,165.0,4.0,0.252362008,1.5,11.0,8.91,9.48,12.24666667,11.10666667,25.20666667,29.71333333,23.59,22.8,5.76,9.296666667,11.20666667,8.26,2.293333333,4.61,17.44666667,5.803333333,68.94,0.73,59.11,5.44,78.25,Maize
974,brown,7.0,487.0,3.0,0.252362008,1.3,21.0,8.91,9.48,12.24666667,11.10666667,25.20666667,29.71333333,23.59,22.8,5.76,9.296666667,11.20666667,8.26,2.293333333,4.61,17.44666667,5.803333333,68.94,0.73,59.11,5.44,78.25,Maize
975,red,6.8,311.0,3.0,0.2011,1.9,7.0,8.91,9.48,12.24666667,11.10666667,25.20666667,29.71333333,23.59,22.8,5.76,9.296666667,11.20666667,8.26,2.293333333,4.61,17.44666667,5.803333333,68.94,0.73,59.11,5.44,78.25,Maize
976,red,6.18,660.0,3.78,0.29102335,2.04,12.9,9.723333333,10.70333333,13.77333333,12.65666667,28.04,32.58,25.64333333,25.47333333,8.783333333,12.89,14.08666667,11.01,2.78,5.403333333,19.36333333,6.98,343.44,0.73,59.11,5.19,82.6,Maize
977,red,5.85,275.0,1.5,0.162474818,1.1,14.6,9.723333333,10.70333333,13.77333333,12.65666667,28.04,32.58,25.64333333,25.47333333,8.783333333,12.89,14.08666667,11.01,2.78,5.403333333,19.36333333,6.98,343.44,0.73,59.11,5.19,82.6,Maize
978,red,6.0,453.0,5.0,0.1963,2.2,8.0,9.723333333,10.70333333,13.77333333,12.65666667,28.04,32.58,25.64333333,25.47333333,8.783333333,12.89,14.08666667,11.01,2.78,5.403333333,19.36333333,6.98,343.44,0.73,59.11,5.19,82.6,Maize
979,black,6.74,712.0,26.0,0.1001781,2.64,10.7,9.723333333,10.70333333,13.77333333,12.65666667,28.04,32.58,25.64333333,25.47333333,8.783333333,12.89,14.08666667,11.01,2.78,5.403333333,19.36333333,6.98,343.44,0.73,59.11,5.19,82.6,Maize
980,dark brown,6.04,313.0,1.76,0.13,1.29,8.52,9.723333333,10.70333333,13.77333333,12.65666667,28.04,32.58,25.64333333,25.47333333,8.783333333,12.89,14.08666667,11.01,2.78,5.403333333,19.36333333,6.98,343.44,0.73,59.11,5.19,82.6,Maize
981,red,5.2,428.0,1.0,0.000261711,1.4,16.0,8.91,9.48,12.24666667,11.10666667,25.20666667,29.71333333,23.59,22.8,5.76,9.296666667,11.20666667,8.26,2.293333333,4.61,17.44666667,5.803333333,68.94,0.73,59.11,5.44,78.25,Maize
982,red,5.71,492.0,6.1,0.196323133,2.9,13.6,9.723333333,10.70333333,13.77333333,12.65666667,28.04,32.58,25.64333333,25.47333333,8.783333333,12.89,14.08666667,11.01,2.78,5.403333333,19.36333333,6.98,343.44,0.73,59.11,5.19,82.6,Maize
983,red,5.58,342.0,4.24,0.3,1.97,13.4,9.723333333,10.70333333,13.77333333,12.65666667,28.04,32.58,25.64333333,25.47333333,8.783333333,12.89,14.08666667,11.01,2.78,5.403333333,19.36333333,6.98,343.44,0.73,59.11,5.19,82.6,Maize
984,black,5.67,739.0,27.0,0.17,4.0,11.0,8.91,9.48,12.24666667,11.10666667,25.20666667,29.71333333,23.59,22.8,5.76,9.296666667,11.20666667,8.26,2.293333333,4.61,17.44666667,5.803333333,68.94,0.73,59.11,5.44,78.25,Maize
985,black,6.82,241.0,9.0,0.133680176,2.1,7.9,9.723333333,10.70333333,13.77333333,12.65666667,28.04,32.58,25.64333333,25.47333333,8.783333333,12.89,14.08666667,11.01,2.78,5.403333333,19.36333333,6.98,343.44,0.73,59.11,5.19,82.6,Maize
986,black,6.6,585.0,2.0,0.1227,1.5,6.0,9.723333333,10.70333333,13.77333333,12.65666667,28.04,32.58,25.64333333,25.47333333,8.783333333,12.89,14.08666667,11.01,2.78,5.403333333,19.36333333,6.98,343.44,0.73,59.11,5.19,82.6,Maize
987,black,6.7,171.81,5.91,0.252041054,1.63,2.94,8.91,9.48,12.24666667,11.10666667,25.20666667,29.71333333,23.59,22.8,5.76,9.296666667,11.20666667,8.26,2.293333333,4.61,17.44666667,5.803333333,68.94,0.73,59.11,5.44,78.25,Maize
988,red,6.7,590.0,3.0,0.252041054,3.1,9.0,8.91,9.48,12.24666667,11.10666667,25.20666667,29.71333333,23.59,22.8,5.76,9.296666667,11.20666667,8.26,2.293333333,4.61,17.44666667,5.803333333,68.94,0.73,59.11,5.44,78.25,Maize
989,black,6.75,237.0,2.6,0.135172807,1.2,3.5,9.723333333,10.70333333,13.77333333,12.65666667,28.04,32.58,25.64333333,25.47333333,8.783333333,12.89,14.08666667,11.01,2.78,5.403333333,19.36333333,6.98,343.44,0.73,59.11,5.19,82.6,Maize
990,red,5.8,457.0,4.0,0.1571,1.3,9.0,9.723333333,10.70333333,13.77333333,12.65666667,28.04,32.58,25.64333333,25.47333333,8.783333333,12.89,14.08666667,11.01,2.78,5.403333333,19.36333333,6.98,343.44,0.73,59.11,5.19,82.6,Maize
991,black,6.5,533.0,5.8,0.206286546,1.6,6.6,9.723333333,10.70333333,13.77333333,12.65666667,28.04,32.58,25.64333333,25.47333333,8.783333333,12.89,14.08666667,11.01,2.78,5.403333333,19.36333333,6.98,343.44,0.73,59.11,5.19,82.6,Maize
992,black,6.63,490.0,24.0,0.200703292,1.4,7.5,9.723333333,10.70333333,13.77333333,12.65666667,28.04,32.58,25.64333333,25.47333333,8.783333333,12.89,14.08666667,11.01,2.78,5.403333333,19.36333333,6.98,343.44,0.73,59.11,5.19,82.6,Maize
993,red,5.19,489.0,17.3,0.171984103,1.6,26.7,9.723333333,10.70333333,13.77333333,12.65666667,28.04,32.58,25.64333333,25.47333333,8.783333333,12.89,14.08666667,11.01,2.78,5.403333333,19.36333333,6.98,343.44,0.73,59.11,5.19,82.6,Maize
994,red,5.7,532.0,3.0,0.217347627,2.0,11.0,8.91,9.48,12.24666667,11.10666667,25.20666667,29.71333333,23.59,22.8,5.76,9.296666667,11.20666667,8.26,2.293333333,4.61,17.44666667,5.803333333,68.94,0.73,59.11,5.44,78.25,Maize
995,red,4.85,369.0,4.98,0.27,1.36,21.8,9.723333333,10.70333333,13.77333333,12.65666667,28.04,32.58,25.64333333,25.47333333,8.783333333,12.89,14.08666667,11.01,2.78,5.403333333,19.36333333,6.98,343.44,0.73,59.11,5.19,82.6,Maize
996,brown,5.3,244.54,11.62,0.214370848,1.84,15.75,8.91,9.48,12.24666667,11.10666667,25.20666667,29.71333333,23.59,22.8,5.76,9.296666667,11.20666667,8.26,2.293333333,4.61,17.44666667,5.803333333,68.94,0.73,59.11,5.44,78.25,Maize
997,red,5.7,729.67,8.84,0.235599614,3.79,11.74,8.91,9.48,12.24666667,11.10666667,25.20666667,29.71333333,23.59,22.8,5.76,9.296666667,11.20666667,8.26,2.293333333,4.61,17.44666667,5.803333333,68.94,0.73,59.11,5.44,78.25,Maize
998,red,5.77,699.0,6.5,0.188346313,2.2,15.6,9.723333333,10.70333333,13.77333333,12.65666667,28.04,32.58,25.64333333,25.47333333,8.783333333,12.89,14.08666667,11.01,2.78,5.403333333,19.36333333,6.98,343.44,0.73,59.11,5.19,82.6,Maize
999,black,7.87,569.0,16.0,0.09,3.0,9.0,7.933333333,8.403333333,11.41333333,10.15,24.85,28.5,23.53333333,21.64666667,6.253333333,9.81,10.58666667,8.38,1.763333333,3.246666667,13.01333333,3.463333333,88.38,0.74,59.11,6.26,76.54,Maize
1000,black,6.2,399.0,5.0,0.1426,1.5,6.0,9.723333333,10.70333333,13.77333333,12.65666667,28.04,32.58,25.64333333,25.47333333,8.783333333,12.89,14.08666667,11.01,2.78,5.403333333,19.36333333,6.98,343.44,0.73,59.11,5.19,82.6,Maize
1001,red,6.7,806.0,58.0,0.2496,4.8,9.0,8.91,9.48,12.24666667,11.10666667,25.20666667,29.71333333,23.59,22.8,5.76,9.296666667,11.20666667,8.26,2.293333333,4.61,17.44666667,5.803333333,68.94,0.73,59.11,5.44,78.25,Maize
1002,red,5.53,516.0,2.62,0.16,3.87,11.1,7.933333333,8.403333333,11.41333333,10.15,24.85,28.5,23.53333333,21.64666667,6.253333333,9.81,10.58666667,8.38,1.763333333,3.246666667,13.01333333,3.463333333,88.38,0.74,59.11,6.26,76.54,Maize
1003,red,6.2,624.0,23.0,0.2494,3.9,10.0,8.91,9.48,12.24666667,11.10666667,25.20666667,29.71333333,23.59,22.8,5.76,9.296666667,11.20666667,8.26,2.293333333,4.61,17.44666667,5.803333333,68.94,0.73,59.11,5.44,78.25,Maize
1004,brown,6.2,665.0,6.0,0.2152,2.0,9.0,8.91,9.48,12.24666667,11.10666667,25.20666667,29.71333333,23.59,22.8,5.76,9.296666667,11.20666667,8.26,2.293333333,4.61,17.44666667,5.803333333,68.94,0.73,59.11,5.44,78.25,Maize
1005,red,5.33,111.0,2.19,0.23,1.48,19.8,7.933333333,8.403333333,11.41333333,10.15,24.85,28.5,23.53333333,21.64666667,6.253333333,9.81,10.58666667,8.38,1.763333333,3.246666667,13.01333333,3.463333333,88.38,0.74,59.11,6.26,76.54,Maize
1006,red,5.7,543.0,4.0,0.217347627,4.3,14.0,8.91,9.48,12.24666667,11.10666667,25.20666667,29.71333333,23.59,22.8,5.76,9.296666667,11.20666667,8.26,2.293333333,4.61,17.44666667,5.803333333,68.94,0.73,59.11,5.44,78.25,Maize
1007,brown,6.1,262.0,3.0,0.072,1.3,14.0,8.91,9.48,12.24666667,11.10666667,25.20666667,29.71333333,23.59,22.8,5.76,9.296666667,11.20666667,8.26,2.293333333,4.61,17.44666667,5.803333333,68.94,0.73,59.11,5.44,78.25,Maize
1008,brown,5.7,332.0,5.0,0.2045,1.5,10.0,8.91,9.48,12.24666667,11.10666667,25.20666667,29.71333333,23.59,22.8,5.76,9.296666667,11.20666667,8.26,2.293333333,4.61,17.44666667,5.803333333,68.94,0.73,59.11,5.44,78.25,Maize
1009,brown,6.9,369.0,3.0,0.1712,2.3,11.0,7.933333333,8.403333333,11.41333333,10.15,24.85,28.5,23.53333333,21.64666667,6.253333333,9.81,10.58666667,8.38,1.763333333,3.246666667,13.01333333,3.463333333,88.38,0.74,59.11,6.26,76.54,Maize
1010,red,5.7,319.0,6.0,0.211,2.1,11.0,8.91,9.48,12.24666667,11.10666667,25.20666667,29.71333333,23.59,22.8,5.76,9.296666667,11.20666667,8.26,2.293333333,4.61,17.44666667,5.803333333,68.94,0.73,59.11,5.44,78.25,Maize
1011,red,5.65,786.0,6.7,0.19087808,4.3,12.2,9.723333333,10.70333333,13.77333333,12.65666667,28.04,32.58,25.64333333,25.47333333,8.783333333,12.89,14.08666667,11.01,2.78,5.403333333,19.36333333,6.98,343.44,0.73,59.11,5.19,82.6,Maize
1012,brown,6.1,349.0,2.0,0.1514,1.3,7.0,9.723333333,10.70333333,13.77333333,12.65666667,28.04,32.58,25.64333333,25.47333333,8.783333333,12.89,14.08666667,11.01,2.78,5.403333333,19.36333333,6.98,343.44,0.73,59.11,5.19,82.6,Maize
1013,brown,6.1,674.0,6.0,0.2119,2.1,8.0,8.91,9.48,12.24666667,11.10666667,25.20666667,29.71333333,23.59,22.8,5.76,9.296666667,11.20666667,8.26,2.293333333,4.61,17.44666667,5.803333333,68.94,0.73,59.11,5.44,78.25,Maize
1014,red,4.9,718.0,5.15,0.22,1.75,16.7,9.723333333,10.70333333,13.77333333,12.65666667,28.04,32.58,25.64333333,25.47333333,8.783333333,12.89,14.08666667,11.01,2.78,5.403333333,19.36333333,6.98,343.44,0.73,59.11,5.19,82.6,Maize
1015,red,5.4,472.0,5.0,0.1914,1.3,10.0,8.91,9.48,12.24666667,11.10666667,25.20666667,29.71333333,23.59,22.8,5.76,9.296666667,11.20666667,8.26,2.293333333,4.61,17.44666667,5.803333333,68.94,0.73,59.11,5.44,78.25,Maize
1016,red,5.8,407.0,8.0,0.1503,1.6,13.0,9.723333333,10.70333333,13.77333333,12.65666667,28.04,32.58,25.64333333,25.47333333,8.783333333,12.89,14.08666667,11.01,2.78,5.403333333,19.36333333,6.98,343.44,0.73,59.11,5.19,82.6,Maize
1017,red,6.3,684.0,2.0,0.2306,2.4,9.0,8.91,9.48,12.24666667,11.10666667,25.20666667,29.71333333,23.59,22.8,5.76,9.296666667,11.20666667,8.26,2.293333333,4.61,17.44666667,5.803333333,68.94,0.73,59.11,5.44,78.25,Maize
1018,brown,5.2,557.0,8.0,0.000261711,1.9,11.0,8.91,9.48,12.24666667,11.10666667,25.20666667,29.71333333,23.59,22.8,5.76,9.296666667,11.20666667,8.26,2.293333333,4.61,17.44666667,5.803333333,68.94,0.73,59.11,5.44,78.25,Maize
1019,brown,6.1,1052.0,15.0,0.072,4.1,17.0,8.91,9.48,12.24666667,11.10666667,25.20666667,29.71333333,23.59,22.8,5.76,9.296666667,11.20666667,8.26,2.293333333,4.61,17.44666667,5.803333333,68.94,0.73,59.11,5.44,78.25,Maize
1020,red,5.95,371.0,5.6,0.205596573,2.0,9.5,9.723333333,10.70333333,13.77333333,12.65666667,28.04,32.58,25.64333333,25.47333333,8.783333333,12.89,14.08666667,11.01,2.78,5.403333333,19.36333333,6.98,343.44,0.73,59.11,5.19,82.6,Maize
1021,red,5.18,162.0,8.81,0.28,1.61,16.0,9.723333333,10.70333333,13.77333333,12.65666667,28.04,32.58,25.64333333,25.47333333,8.783333333,12.89,14.08666667,11.01,2.78,5.403333333,19.36333333,6.98,343.44,0.73,59.11,5.19,82.6,Maize
1022,red,5.9,421.0,3.0,0.1708,1.1,12.0,9.723333333,10.70333333,13.77333333,12.65666667,28.04,32.58,25.64333333,25.47333333,8.783333333,12.89,14.08666667,11.01,2.78,5.403333333,19.36333333,6.98,343.44,0.73,59.11,5.19,82.6,Maize
1023,reddish brown,4.65,335.0,3.96,0.28,2.1,20.2,9.723333333,10.70333333,13.77333333,12.65666667,28.04,32.58,25.64333333,25.47333333,8.783333333,12.89,14.08666667,11.01,2.78,5.403333333,19.36333333,6.98,343.44,0.73,59.11,5.19,82.6,Maize
1024,red,5.7,605.0,7.0,0.1971,1.6,18.0,9.723333333,10.70333333,13.77333333,12.65666667,28.04,32.58,25.64333333,25.47333333,8.783333333,12.89,14.08666667,11.01,2.78,5.403333333,19.36333333,6.98,343.44,0.73,59.11,5.19,82.6,Maize
1025,black,6.15,194.0,0.05,0.136260294,1.5,3.9,9.723333333,10.70333333,13.77333333,12.65666667,28.04,32.58,25.64333333,25.47333333,8.783333333,12.89,14.08666667,11.01,2.78,5.403333333,19.36333333,6.98,343.44,0.73,59.11,5.19,82.6,Maize
1026,red,6.4,879.0,11.0,0.242,3.1,7.0,8.91,9.48,12.24666667,11.10666667,25.20666667,29.71333333,23.59,22.8,5.76,9.296666667,11.20666667,8.26,2.293333333,4.61,17.44666667,5.803333333,68.94,0.73,59.11,5.44,78.25,Maize
1027,red,5.77,514.0,4.05,0.28,3.03,14.5,9.723333333,10.70333333,13.77333333,12.65666667,28.04,32.58,25.64333333,25.47333333,8.783333333,12.89,14.08666667,11.01,2.78,5.403333333,19.36333333,6.98,343.44,0.73,59.11,5.19,82.6,Maize
1028,red,5.85,759.0,6.8,0.212086428,2.9,10.7,9.723333333,10.70333333,13.77333333,12.65666667,28.04,32.58,25.64333333,25.47333333,8.783333333,12.89,14.08666667,11.01,2.78,5.403333333,19.36333333,6.98,343.44,0.73,59.11,5.19,82.6,Maize
1029,red,5.45,564.0,3.4,0.217740219,1.9,19.4,9.723333333,10.70333333,13.77333333,12.65666667,28.04,32.58,25.64333333,25.47333333,8.783333333,12.89,14.08666667,11.01,2.78,5.403333333,19.36333333,6.98,343.44,0.73,59.11,5.19,82.6,Maize
1030,red,6.1,1232.0,18.0,0.167037589,6.4,26.0,8.91,9.48,12.24666667,11.10666667,25.20666667,29.71333333,23.59,22.8,5.76,9.296666667,11.20666667,8.26,2.293333333,4.61,17.44666667,5.803333333,68.94,0.73,59.11,5.44,78.25,Maize
1031,brown,6.1,348.0,3.0,0.167037589,2.3,10.0,8.91,9.48,12.24666667,11.10666667,25.20666667,29.71333333,23.59,22.8,5.76,9.296666667,11.20666667,8.26,2.293333333,4.61,17.44666667,5.803333333,68.94,0.73,59.11,5.44,78.25,Maize
1032,red,5.4,143.0,2.7,0.201673301,1.9,12.5,9.723333333,10.70333333,13.77333333,12.65666667,28.04,32.58,25.64333333,25.47333333,8.783333333,12.89,14.08666667,11.01,2.78,5.403333333,19.36333333,6.98,343.44,0.73,59.11,5.19,82.6,Maize
1033,brown,5.8,425.0,3.0,0.1944,1.9,9.0,8.91,9.48,12.24666667,11.10666667,25.20666667,29.71333333,23.59,22.8,5.76,9.296666667,11.20666667,8.26,2.293333333,4.61,17.44666667,5.803333333,68.94,0.73,59.11,5.44,78.25,Maize
1034,red,5.32,448.0,1.84,0.28,2.02,16.6,9.723333333,10.70333333,13.77333333,12.65666667,28.04,32.58,25.64333333,25.47333333,8.783333333,12.89,14.08666667,11.01,2.78,5.403333333,19.36333333,6.98,343.44,0.73,59.11,5.19,82.6,Maize
1035,red,5.7,425.0,4.0,0.2014,2.2,11.0,9.723333333,10.70333333,13.77333333,12.65666667,28.04,32.58,25.64333333,25.47333333,8.783333333,12.89,14.08666667,11.01,2.78,5.403333333,19.36333333,6.98,343.44,0.73,59.11,5.19,82.6,Maize
1036,red,5.55,546.0,3.2,0.212902951,2.4,13.6,9.723333333,10.70333333,13.77333333,12.65666667,28.04,32.58,25.64333333,25.47333333,8.783333333,12.89,14.08666667,11.01,2.78,5.403333333,19.36333333,6.98,343.44,0.73,59.11,5.19,82.6,Maize
1037,red,5.9,299.0,5.0,0.1545,1.8,12.0,9.723333333,10.70333333,13.77333333,12.65666667,28.04,32.58,25.64333333,25.47333333,8.783333333,12.89,14.08666667,11.01,2.78,5.403333333,19.36333333,6.98,343.44,0.73,59.11,5.19,82.6,Maize
1038,brown,5.93,457.0,2.3,0.22,2.3,15.0,9.723333333,10.70333333,13.77333333,12.65666667,28.04,32.58,25.64333333,25.47333333,8.783333333,12.89,14.08666667,11.01,2.78,5.403333333,19.36333333,6.98,343.44,0.73,59.11,5.19,82.6,Maize
1039,red,5.65,492.0,4.8,0.203045808,2.3,13.0,9.723333333,10.70333333,13.77333333,12.65666667,28.04,32.58,25.64333333,25.47333333,8.783333333,12.89,14.08666667,11.01,2.78,5.403333333,19.36333333,6.98,343.44,0.73,59.11,5.19,82.6,Maize
1040,black,5.5,433.0,3.0,0.2206,2.1,9.0,8.91,9.48,12.24666667,11.10666667,25.20666667,29.71333333,23.59,22.8,5.76,9.296666667,11.20666667,8.26,2.293333333,4.61,17.44666667,5.803333333,68.94,0.73,59.11,5.44,78.25,Maize
1041,brown,6.61,657.0,8.53,0.12,2.02,13.1,7.933333333,8.403333333,11.41333333,10.15,24.85,28.5,23.53333333,21.64666667,6.253333333,9.81,10.58666667,8.38,1.763333333,3.246666667,13.01333333,3.463333333,88.38,0.74,59.11,6.26,76.54,Maize
1042,red,6.8,1528.0,35.0,0.3017,5.9,10.0,8.91,9.48,12.24666667,11.10666667,25.20666667,29.71333333,23.59,22.8,5.76,9.296666667,11.20666667,8.26,2.293333333,4.61,17.44666667,5.803333333,68.94,0.73,59.11,5.44,78.25,Maize
1043,red,5.8,548.0,4.0,0.1931,2.5,11.0,8.91,9.48,12.24666667,11.10666667,25.20666667,29.71333333,23.59,22.8,5.76,9.296666667,11.20666667,8.26,2.293333333,4.61,17.44666667,5.803333333,68.94,0.73,59.11,5.44,78.25,Maize
1044,red,5.5,489.0,3.0,0.2019,1.9,12.0,9.723333333,10.70333333,13.77333333,12.65666667,28.04,32.58,25.64333333,25.47333333,8.783333333,12.89,14.08666667,11.01,2.78,5.403333333,19.36333333,6.98,343.44,0.73,59.11,5.19,82.6,Maize
1045,red,5.35,282.0,4.3,0.176821928,1.6,14.4,9.723333333,10.70333333,13.77333333,12.65666667,28.04,32.58,25.64333333,25.47333333,8.783333333,12.89,14.08666667,11.01,2.78,5.403333333,19.36333333,6.98,343.44,0.73,59.11,5.19,82.6,Maize
1046,red,6.1,793.0,9.0,0.2395,7.1,8.0,8.91,9.48,12.24666667,11.10666667,25.20666667,29.71333333,23.59,22.8,5.76,9.296666667,11.20666667,8.26,2.293333333,4.61,17.44666667,5.803333333,68.94,0.73,59.11,5.44,78.25,Maize
1047,red,5.55,489.0,3.9,0.232567949,2.5,13.3,9.723333333,10.70333333,13.77333333,12.65666667,28.04,32.58,25.64333333,25.47333333,8.783333333,12.89,14.08666667,11.01,2.78,5.403333333,19.36333333,6.98,343.44,0.73,59.11,5.19,82.6,Maize
1048,brown,5.9,531.0,6.8,0.224338628,3.0,9.8,9.723333333,10.70333333,13.77333333,12.65666667,28.04,32.58,25.64333333,25.47333333,8.783333333,12.89,14.08666667,11.01,2.78,5.403333333,19.36333333,6.98,343.44,0.73,59.11,5.19,82.6,Maize
1049,red,5.88,451.0,2.52,0.27,1.83,13.3,9.723333333,10.70333333,13.77333333,12.65666667,28.04,32.58,25.64333333,25.47333333,8.783333333,12.89,14.08666667,11.01,2.78,5.403333333,19.36333333,6.98,343.44,0.73,59.11,5.19,82.6,Maize
1050,red,5.7,301.0,2.0,0.1908,1.3,16.0,9.723333333,10.70333333,13.77333333,12.65666667,28.04,32.58,25.64333333,25.47333333,8.783333333,12.89,14.08666667,11.01,2.78,5.403333333,19.36333333,6.98,343.44,0.73,59.11,5.19,82.6,Maize
1051,other,5.6,99.0,1.0,0.372455231,0.6,10.0,8.91,9.48,12.24666667,11.10666667,25.20666667,29.71333333,23.59,22.8,5.76,9.296666667,11.20666667,8.26,2.293333333,4.61,17.44666667,5.803333333,68.94,0.73,59.11,5.44,78.25,Maize
1052,reddish brown,5.74,327.0,2.02,0.3,2.33,13.0,9.723333333,10.70333333,13.77333333,12.65666667,28.04,32.58,25.64333333,25.47333333,8.783333333,12.89,14.08666667,11.01,2.78,5.403333333,19.36333333,6.98,343.44,0.73,59.11,5.19,82.6,Maize
1053,brown,5.8,514.0,2.0,0.2155,1.7,10.0,8.91,9.48,12.24666667,11.10666667,25.20666667,29.71333333,23.59,22.8,5.76,9.296666667,11.20666667,8.26,2.293333333,4.61,17.44666667,5.803333333,68.94,0.73,59.11,5.44,78.25,Maize
1054,red,5.47,562.0,3.5,0.198354745,2.8,13.3,9.723333333,10.70333333,13.77333333,12.65666667,28.04,32.58,25.64333333,25.47333333,8.783333333,12.89,14.08666667,11.01,2.78,5.403333333,19.36333333,6.98,343.44,0.73,59.11,5.19,82.6,Maize
1055,reddish brown,6.38,1180.0,63.4,0.33,27.0,12.5,9.723333333,10.70333333,13.77333333,12.65666667,28.04,32.58,25.64333333,25.47333333,8.783333333,12.89,14.08666667,11.01,2.78,5.403333333,19.36333333,6.98,343.44,0.73,59.11,5.19,82.6,Maize
1056,red,5.28,151.0,2.9,0.192610481,2.6,15.3,9.723333333,10.70333333,13.77333333,12.65666667,28.04,32.58,25.64333333,25.47333333,8.783333333,12.89,14.08666667,11.01,2.78,5.403333333,19.36333333,6.98,343.44,0.73,59.11,5.19,82.6,Maize
1057,red,6.1,634.0,4.37,0.26,3.82,13.5,9.723333333,10.70333333,13.77333333,12.65666667,28.04,32.58,25.64333333,25.47333333,8.783333333,12.89,14.08666667,11.01,2.78,5.403333333,19.36333333,6.98,343.44,0.73,59.11,5.19,82.6,Maize
1058,red,5.77,86.0,2.1,0.187951514,0.8,10.1,9.723333333,10.70333333,13.77333333,12.65666667,28.04,32.58,25.64333333,25.47333333,8.783333333,12.89,14.08666667,11.01,2.78,5.403333333,19.36333333,6.98,343.44,0.73,59.11,5.19,82.6,Maize
1059,red,5.9,599.0,6.0,0.22,2.6,13.0,8.91,9.48,12.24666667,11.10666667,25.20666667,29.71333333,23.59,22.8,5.76,9.296666667,11.20666667,8.26,2.293333333,4.61,17.44666667,5.803333333,68.94,0.73,59.11,5.44,78.25,Maize
1060,red,5.05,189.0,3.0,0.222841203,2.7,22.1,9.723333333,10.70333333,13.77333333,12.65666667,28.04,32.58,25.64333333,25.47333333,8.783333333,12.89,14.08666667,11.01,2.78,5.403333333,19.36333333,6.98,343.44,0.73,59.11,5.19,82.6,Maize
1061,brown,5.6,357.0,2.0,0.153,1.9,13.0,8.91,9.48,12.24666667,11.10666667,25.20666667,29.71333333,23.59,22.8,5.76,9.296666667,11.20666667,8.26,2.293333333,4.61,17.44666667,5.803333333,68.94,0.73,59.11,5.44,78.25,Maize
1062,red,5.3,577.0,8.7,0.199647062,2.3,25.5,9.723333333,10.70333333,13.77333333,12.65666667,28.04,32.58,25.64333333,25.47333333,8.783333333,12.89,14.08666667,11.01,2.78,5.403333333,19.36333333,6.98,343.44,0.73,59.11,5.19,82.6,Maize
1063,red,5.3,319.0,2.0,0.1638,1.2,13.0,8.91,9.48,12.24666667,11.10666667,25.20666667,29.71333333,23.59,22.8,5.76,9.296666667,11.20666667,8.26,2.293333333,4.61,17.44666667,5.803333333,68.94,0.73,59.11,5.44,78.25,Maize
1064,red,5.4,403.0,2.0,0.1913,1.3,13.0,8.91,9.48,12.24666667,11.10666667,25.20666667,29.71333333,23.59,22.8,5.76,9.296666667,11.20666667,8.26,2.293333333,4.61,17.44666667,5.803333333,68.94,0.73,59.11,5.44,78.25,Maize
1065,red,6.2,865.0,6.0,0.260151402,2.7,15.0,8.91,9.48,12.24666667,11.10666667,25.20666667,29.71333333,23.59,22.8,5.76,9.296666667,11.20666667,8.26,2.293333333,4.61,17.44666667,5.803333333,68.94,0.73,59.11,5.44,78.25,Maize
1066,red,5.7,590.0,2.0,0.1929,2.3,10.0,8.91,9.48,12.24666667,11.10666667,25.20666667,29.71333333,23.59,22.8,5.76,9.296666667,11.20666667,8.26,2.293333333,4.61,17.44666667,5.803333333,68.94,0.73,59.11,5.44,78.25,Maize
1067,brown,6.91,209.0,4.0,0.09,1.1,6.0,7.933333333,8.403333333,11.41333333,10.15,24.85,28.5,23.53333333,21.64666667,6.253333333,9.81,10.58666667,8.38,1.763333333,3.246666667,13.01333333,3.463333333,88.38,0.74,59.11,6.26,76.54,Maize
1068,black,5.89,840.0,10.6,0.214515774,6.1,11.7,9.723333333,10.70333333,13.77333333,12.65666667,28.04,32.58,25.64333333,25.47333333,8.783333333,12.89,14.08666667,11.01,2.78,5.403333333,19.36333333,6.98,343.44,0.73,59.11,5.19,82.6,Maize
1069,red,5.22,412.0,2.7,0.219909301,2.5,11.6,9.723333333,10.70333333,13.77333333,12.65666667,28.04,32.58,25.64333333,25.47333333,8.783333333,12.89,14.08666667,11.01,2.78,5.403333333,19.36333333,6.98,343.44,0.73,59.11,5.19,82.6,Maize
1070,red,5.3,420.0,3.0,0.195,1.9,16.0,8.91,9.48,12.24666667,11.10666667,25.20666667,29.71333333,23.59,22.8,5.76,9.296666667,11.20666667,8.26,2.293333333,4.61,17.44666667,5.803333333,68.94,0.73,59.11,5.44,78.25,Maize
1071,red,5.1,224.0,4.0,0.2103,1.4,13.0,8.91,9.48,12.24666667,11.10666667,25.20666667,29.71333333,23.59,22.8,5.76,9.296666667,11.20666667,8.26,2.293333333,4.61,17.44666667,5.803333333,68.94,0.73,59.11,5.44,78.25,Maize
1072,brown,5.8,337.0,5.0,0.250293402,2.0,11.0,8.91,9.48,12.24666667,11.10666667,25.20666667,29.71333333,23.59,22.8,5.76,9.296666667,11.20666667,8.26,2.293333333,4.61,17.44666667,5.803333333,68.94,0.73,59.11,5.44,78.25,Maize
1073,red,5.3,241.0,2.0,0.1908,1.1,13.0,8.91,9.48,12.24666667,11.10666667,25.20666667,29.71333333,23.59,22.8,5.76,9.296666667,11.20666667,8.26,2.293333333,4.61,17.44666667,5.803333333,68.94,0.73,59.11,5.44,78.25,Maize
1074,gray,7.2,271.85,4.41,0.110631325,0.9,7.02,7.753333333,8.156666667,11.82,10.43666667,28.24666667,31.11666667,27.03,25.41,11.14333333,14.42666667,14.72666667,13.07333333,0.68,1.94,10.21333333,2.306666667,106.94,0.52,54.41,9.58,80.44,Maize
1075,red,6.4,722.0,5.0,0.1987,3.3,9.0,9.723333333,10.70333333,13.77333333,12.65666667,28.04,32.58,25.64333333,25.47333333,8.783333333,12.89,14.08666667,11.01,2.78,5.403333333,19.36333333,6.98,343.44,0.73,59.11,5.19,82.6,Maize
1076,red,6.9,490.0,2.0,0.1906,2.2,11.0,8.91,9.48,12.24666667,11.10666667,25.20666667,29.71333333,23.59,22.8,5.76,9.296666667,11.20666667,8.26,2.293333333,4.61,17.44666667,5.803333333,68.94,0.73,59.11,5.44,78.25,Maize
1077,red,5.67,606.0,4.6,0.192551578,2.9,12.6,9.723333333,10.70333333,13.77333333,12.65666667,28.04,32.58,25.64333333,25.47333333,8.783333333,12.89,14.08666667,11.01,2.78,5.403333333,19.36333333,6.98,343.44,0.73,59.11,5.19,82.6,Maize
1078,red,5.4,545.0,3.0,0.1868,1.7,14.0,8.91,9.48,12.24666667,11.10666667,25.20666667,29.71333333,23.59,22.8,5.76,9.296666667,11.20666667,8.26,2.293333333,4.61,17.44666667,5.803333333,68.94,0.73,59.11,5.44,78.25,Maize
1079,red,5.45,303.0,4.2,0.197115686,1.8,17.4,9.723333333,10.70333333,13.77333333,12.65666667,28.04,32.58,25.64333333,25.47333333,8.783333333,12.89,14.08666667,11.01,2.78,5.403333333,19.36333333,6.98,343.44,0.73,59.11,5.19,82.6,Maize
1080,red,5.1,532.0,2.0,0.2205,2.4,18.0,9.723333333,10.70333333,13.77333333,12.65666667,28.04,32.58,25.64333333,25.47333333,8.783333333,12.89,14.08666667,11.01,2.78,5.403333333,19.36333333,6.98,343.44,0.73,59.11,5.19,82.6,Maize
1081,red,5.4,490.0,2.0,0.2045,1.1,12.0,8.91,9.48,12.24666667,11.10666667,25.20666667,29.71333333,23.59,22.8,5.76,9.296666667,11.20666667,8.26,2.293333333,4.61,17.44666667,5.803333333,68.94,0.73,59.11,5.44,78.25,Maize
1082,brown,5.8,247.0,3.0,0.250293402,1.5,10.0,8.91,9.48,12.24666667,11.10666667,25.20666667,29.71333333,23.59,22.8,5.76,9.296666667,11.20666667,8.26,2.293333333,4.61,17.44666667,5.803333333,68.94,0.73,59.11,5.44,78.25,Maize
1083,red,5.4,215.0,2.0,0.1983,0.9,14.0,8.91,9.48,12.24666667,11.10666667,25.20666667,29.71333333,23.59,22.8,5.76,9.296666667,11.20666667,8.26,2.293333333,4.61,17.44666667,5.803333333,68.94,0.73,59.11,5.44,78.25,Maize
1084,red,5.48,402.0,2.3,0.19288072,2.4,16.9,9.723333333,10.70333333,13.77333333,12.65666667,28.04,32.58,25.64333333,25.47333333,8.783333333,12.89,14.08666667,11.01,2.78,5.403333333,19.36333333,6.98,343.44,0.73,59.11,5.19,82.6,Maize
1085,red,5.2,155.0,4.0,0.158092966,1.6,24.1,9.723333333,10.70333333,13.77333333,12.65666667,28.04,32.58,25.64333333,25.47333333,8.783333333,12.89,14.08666667,11.01,2.78,5.403333333,19.36333333,6.98,343.44,0.73,59.11,5.19,82.6,Maize
1086,red,5.65,529.0,6.6,0.187890421,4.2,17.7,9.723333333,10.70333333,13.77333333,12.65666667,28.04,32.58,25.64333333,25.47333333,8.783333333,12.89,14.08666667,11.01,2.78,5.403333333,19.36333333,6.98,343.44,0.73,59.11,5.19,82.6,Maize
1087,red,5.6,348.0,3.0,0.2197,1.4,12.0,8.91,9.48,12.24666667,11.10666667,25.20666667,29.71333333,23.59,22.8,5.76,9.296666667,11.20666667,8.26,2.293333333,4.61,17.44666667,5.803333333,68.94,0.73,59.11,5.44,78.25,Maize
1088,red,5.1,306.0,5.0,0.2126,2.8,20.0,9.723333333,10.70333333,13.77333333,12.65666667,28.04,32.58,25.64333333,25.47333333,8.783333333,12.89,14.08666667,11.01,2.78,5.403333333,19.36333333,6.98,343.44,0.73,59.11,5.19,82.6,Maize
1089,red,5.6,382.0,2.0,0.2124,2.3,12.0,8.91,9.48,12.24666667,11.10666667,25.20666667,29.71333333,23.59,22.8,5.76,9.296666667,11.20666667,8.26,2.293333333,4.61,17.44666667,5.803333333,68.94,0.73,59.11,5.44,78.25,Maize
1090,red,5.12,192.0,2.4,0.182058554,1.5,20.9,9.723333333,10.70333333,13.77333333,12.65666667,28.04,32.58,25.64333333,25.47333333,8.783333333,12.89,14.08666667,11.01,2.78,5.403333333,19.36333333,6.98,343.44,0.73,59.11,5.19,82.6,Maize
1091,red,5.26,525.0,5.0,0.217419945,2.4,15.6,9.723333333,10.70333333,13.77333333,12.65666667,28.04,32.58,25.64333333,25.47333333,8.783333333,12.89,14.08666667,11.01,2.78,5.403333333,19.36333333,6.98,343.44,0.73,59.11,5.19,82.6,Maize
1092,red,5.5,605.0,4.0,0.1916,3.6,12.0,8.91,9.48,12.24666667,11.10666667,25.20666667,29.71333333,23.59,22.8,5.76,9.296666667,11.20666667,8.26,2.293333333,4.61,17.44666667,5.803333333,68.94,0.73,59.11,5.44,78.25,Maize
1093,red,5.34,334.0,3.0,0.202577287,2.7,15.0,9.723333333,10.70333333,13.77333333,12.65666667,28.04,32.58,25.64333333,25.47333333,8.783333333,12.89,14.08666667,11.01,2.78,5.403333333,19.36333333,6.98,343.44,0.73,59.11,5.19,82.6,Maize
1094,red,6.35,1063.0,9.6,0.189316373,3.3,10.7,9.723333333,10.70333333,13.77333333,12.65666667,28.04,32.58,25.64333333,25.47333333,8.783333333,12.89,14.08666667,11.01,2.78,5.403333333,19.36333333,6.98,343.44,0.73,59.11,5.19,82.6,Maize
1095,red,5.8,667.0,29.0,0.238,5.1,12.0,9.723333333,10.70333333,13.77333333,12.65666667,28.04,32.58,25.64333333,25.47333333,8.783333333,12.89,14.08666667,11.01,2.78,5.403333333,19.36333333,6.98,343.44,0.73,59.11,5.19,82.6,Maize
1096,red,6.2,888.0,41.0,0.2215,5.3,9.0,8.91,9.48,12.24666667,11.10666667,25.20666667,29.71333333,23.59,22.8,5.76,9.296666667,11.20666667,8.26,2.293333333,4.61,17.44666667,5.803333333,68.94,0.73,59.11,5.44,78.25,Maize
1097,red,6.35,575.0,17.7,0.293238378,3.9,11.1,9.723333333,10.70333333,13.77333333,12.65666667,28.04,32.58,25.64333333,25.47333333,8.783333333,12.89,14.08666667,11.01,2.78,5.403333333,19.36333333,6.98,343.44,0.73,59.11,5.19,82.6,Maize
1098,red,5.2,350.0,6.0,0.2089,1.7,16.0,8.91,9.48,12.24666667,11.10666667,25.20666667,29.71333333,23.59,22.8,5.76,9.296666667,11.20666667,8.26,2.293333333,4.61,17.44666667,5.803333333,68.94,0.73,59.11,5.44,78.25,Maize
1099,red,5.5,149.0,1.3,0.14748212,1.2,12.5,9.723333333,10.70333333,13.77333333,12.65666667,28.04,32.58,25.64333333,25.47333333,8.783333333,12.89,14.08666667,11.01,2.78,5.403333333,19.36333333,6.98,343.44,0.73,59.11,5.19,82.6,Maize
1100,red,5.63,186.0,3.0,0.151984275,1.1,18.8,9.723333333,10.70333333,13.77333333,12.65666667,28.04,32.58,25.64333333,25.47333333,8.783333333,12.89,14.08666667,11.01,2.78,5.403333333,19.36333333,6.98,343.44,0.73,59.11,5.19,82.6,Maize
1101,brown,6.56,281.0,4.0,0.16,1.8,7.0,7.933333333,8.403333333,11.41333333,10.15,24.85,28.5,23.53333333,21.64666667,6.253333333,9.81,10.58666667,8.38,1.763333333,3.246666667,13.01333333,3.463333333,88.38,0.74,59.11,6.26,76.54,Maize
1102,red,5.56,178.0,1.5,0.144666451,1.1,13.3,9.723333333,10.70333333,13.77333333,12.65666667,28.04,32.58,25.64333333,25.47333333,8.783333333,12.89,14.08666667,11.01,2.78,5.403333333,19.36333333,6.98,343.44,0.73,59.11,5.19,82.6,Maize
1103,red,5.0,306.0,2.0,0.1844,1.3,19.0,8.91,9.48,12.24666667,11.10666667,25.20666667,29.71333333,23.59,22.8,5.76,9.296666667,11.20666667,8.26,2.293333333,4.61,17.44666667,5.803333333,68.94,0.73,59.11,5.44,78.25,Maize
1104,red,5.3,423.0,2.0,0.1951,1.5,15.0,8.91,9.48,12.24666667,11.10666667,25.20666667,29.71333333,23.59,22.8,5.76,9.296666667,11.20666667,8.26,2.293333333,4.61,17.44666667,5.803333333,68.94,0.73,59.11,5.44,78.25,Maize
1105,black,6.3,1134.0,21.0,0.2444,5.5,12.0,8.91,9.48,12.24666667,11.10666667,25.20666667,29.71333333,23.59,22.8,5.76,9.296666667,11.20666667,8.26,2.293333333,4.61,17.44666667,5.803333333,68.94,0.73,59.11,5.44,78.25,Maize
1106,red,5.8,211.0,2.0,0.1693,4.8,12.0,9.723333333,10.70333333,13.77333333,12.65666667,28.04,32.58,25.64333333,25.47333333,8.783333333,12.89,14.08666667,11.01,2.78,5.403333333,19.36333333,6.98,343.44,0.73,59.11,5.19,82.6,Maize
1107,red,5.56,236.0,2.5,0.125904301,1.1,15.5,9.723333333,10.70333333,13.77333333,12.65666667,28.04,32.58,25.64333333,25.47333333,8.783333333,12.89,14.08666667,11.01,2.78,5.403333333,19.36333333,6.98,343.44,0.73,59.11,5.19,82.6,Maize
1108,red,5.3,157.0,3.0,0.1895,1.8,16.0,9.723333333,10.70333333,13.77333333,12.65666667,28.04,32.58,25.64333333,25.47333333,8.783333333,12.89,14.08666667,11.01,2.78,5.403333333,19.36333333,6.98,343.44,0.73,59.11,5.19,82.6,Maize
1109,red,6.25,594.0,19.2,0.250873244,4.0,8.0,9.723333333,10.70333333,13.77333333,12.65666667,28.04,32.58,25.64333333,25.47333333,8.783333333,12.89,14.08666667,11.01,2.78,5.403333333,19.36333333,6.98,343.44,0.73,59.11,5.19,82.6,Maize
1110,red,5.5,262.0,2.0,0.1619,1.1,12.0,9.723333333,10.70333333,13.77333333,12.65666667,28.04,32.58,25.64333333,25.47333333,8.783333333,12.89,14.08666667,11.01,2.78,5.403333333,19.36333333,6.98,343.44,0.73,59.11,5.19,82.6,Maize
1111,red,6.3,1194.0,40.0,0.2497,5.5,8.0,8.506666667,9.34,12.16666667,10.92666667,25.34333333,28.87,23.33666667,22.28,6.053333333,9.353333333,10.93333333,8.29,1.736666667,5.203333333,17.81666667,5.823333333,36.06,0.77,59.11,5.41,77.29,Maize
1112,red,6.1,168.0,3.1,0.195473194,1.2,9.1,9.723333333,10.70333333,13.77333333,12.65666667,28.04,32.58,25.64333333,25.47333333,8.783333333,12.89,14.08666667,11.01,2.78,5.403333333,19.36333333,6.98,343.44,0.73,59.11,5.19,82.6,Maize
1113,red,5.55,268.0,2.9,0.167795479,1.2,12.2,9.723333333,10.70333333,13.77333333,12.65666667,28.04,32.58,25.64333333,25.47333333,8.783333333,12.89,14.08666667,11.01,2.78,5.403333333,19.36333333,6.98,343.44,0.73,59.11,5.19,82.6,Maize
1114,red,5.37,311.0,3.1,0.193049497,1.9,14.7,8.506666667,9.34,12.16666667,10.92666667,25.34333333,28.87,23.33666667,22.28,6.053333333,9.353333333,10.93333333,8.29,1.736666667,5.203333333,17.81666667,5.823333333,36.06,0.77,59.11,5.41,77.29,Maize
1115,brown,6.0,462.0,27.0,0.1339,3.5,9.0,8.506666667,9.34,12.16666667,10.92666667,25.34333333,28.87,23.33666667,22.28,6.053333333,9.353333333,10.93333333,8.29,1.736666667,5.203333333,17.81666667,5.823333333,36.06,0.77,59.11,5.41,77.29,Maize
1116,black,6.5,415.0,13.0,0.16,1.5,6.0,7.586666667,8.136666667,11.43,10.15,26.32666667,28.97,24.37666667,22.67333333,7.513333333,11.38333333,11.81,10.08666667,0.91,2.266666667,11.76666667,2.96,88.31,0.63,59.11,6.01,77.15,Maize
1117,red,5.6,210.0,1.9,0.174813038,1.5,10.9,8.506666667,9.34,12.16666667,10.92666667,25.34333333,28.87,23.33666667,22.28,6.053333333,9.353333333,10.93333333,8.29,1.736666667,5.203333333,17.81666667,5.823333333,36.06,0.77,59.11,5.41,77.29,Maize
1118,gray,6.58,504.0,75.0,0.16,2.5,10.0,7.586666667,8.136666667,11.43,10.15,26.32666667,28.97,24.37666667,22.67333333,7.513333333,11.38333333,11.81,10.08666667,0.91,2.266666667,11.76666667,2.96,88.31,0.63,59.11,6.01,77.15,Maize
1119,brown,7.4,614.0,7.0,0.043662318,2.2,9.0,7.586666667,8.136666667,11.43,10.15,26.32666667,28.97,24.37666667,22.67333333,7.513333333,11.38333333,11.81,10.08666667,0.91,2.266666667,11.76666667,2.96,88.31,0.63,59.11,6.01,77.15,Maize
1120,red,5.56,227.0,1.6,0.175900251,0.8,19.0,8.566666667,9.663333333,12.73666667,11.78,25.88333333,30.05666667,23.65,22.84666667,6.626666667,10.35,11.17333333,9.1,1.343333333,5.66,19.92,7.42,14.25,0.8,59.11,6.06,78.58,Maize
1121,red,5.75,162.0,1.3,0.16756813,0.7,11.3,8.566666667,9.663333333,12.73666667,11.78,25.88333333,30.05666667,23.65,22.84666667,6.626666667,10.35,11.17333333,9.1,1.343333333,5.66,19.92,7.42,14.25,0.8,59.11,6.06,78.58,Maize
1122,black,7.4,936.0,41.0,0.043662318,1.7,7.0,7.586666667,8.136666667,11.43,10.15,26.32666667,28.97,24.37666667,22.67333333,7.513333333,11.38333333,11.81,10.08666667,0.91,2.266666667,11.76666667,2.96,88.31,0.63,59.11,6.01,77.15,Maize
1123,red,5.21,260.0,5.8,0.192934615,1.6,12.5,8.566666667,9.663333333,12.73666667,11.78,25.88333333,30.05666667,23.65,22.84666667,6.626666667,10.35,11.17333333,9.1,1.343333333,5.66,19.92,7.42,14.25,0.8,59.11,6.06,78.58,Maize
1124,brown,5.8,388.0,5.0,0.250293402,2.0,10.0,8.506666667,9.34,12.16666667,10.92666667,25.34333333,28.87,23.33666667,22.28,6.053333333,9.353333333,10.93333333,8.29,1.736666667,5.203333333,17.81666667,5.823333333,36.06,0.77,59.11,5.41,77.29,Maize
1125,red,5.8,461.0,2.0,0.250293402,0.6,12.0,8.506666667,9.34,12.16666667,10.92666667,25.34333333,28.87,23.33666667,22.28,6.053333333,9.353333333,10.93333333,8.29,1.736666667,5.203333333,17.81666667,5.823333333,36.06,0.77,59.11,5.41,77.29,Maize
1126,black,6.0,533.0,13.0,0.16,2.5,8.0,7.586666667,8.136666667,11.43,10.15,26.32666667,28.97,24.37666667,22.67333333,7.513333333,11.38333333,11.81,10.08666667,0.91,2.266666667,11.76666667,2.96,88.31,0.63,59.11,6.01,77.15,Maize
1127,brown,6.77,837.0,25.0,0.16,3.4,9.0,7.586666667,8.136666667,11.43,10.15,26.32666667,28.97,24.37666667,22.67333333,7.513333333,11.38333333,11.81,10.08666667,0.91,2.266666667,11.76666667,2.96,88.31,0.63,59.11,6.01,77.15,Maize
1128,black,6.8,479.0,6.0,0.024284862,1.0,9.0,7.586666667,8.136666667,11.43,10.15,26.32666667,28.97,24.37666667,22.67333333,7.513333333,11.38333333,11.81,10.08666667,0.91,2.266666667,11.76666667,2.96,88.31,0.63,59.11,6.01,77.15,Maize
1129,red,7.4,997.0,56.0,0.043662318,2.9,10.0,7.586666667,8.136666667,11.43,10.15,26.32666667,28.97,24.37666667,22.67333333,7.513333333,11.38333333,11.81,10.08666667,0.91,2.266666667,11.76666667,2.96,88.31,0.63,59.11,6.01,77.15,Maize
1130,brown,5.3,242.0,7.0,0.2279,1.4,11.0,8.506666667,9.34,12.16666667,10.92666667,25.34333333,28.87,23.33666667,22.28,6.053333333,9.353333333,10.93333333,8.29,1.736666667,5.203333333,17.81666667,5.823333333,36.06,0.77,59.11,5.41,77.29,Maize
1131,red,5.69,490.0,2.7,0.198390308,1.4,9.6,8.566666667,9.663333333,12.73666667,11.78,25.88333333,30.05666667,23.65,22.84666667,6.626666667,10.35,11.17333333,9.1,1.343333333,5.66,19.92,7.42,14.25,0.8,59.11,6.06,78.58,Maize
1132,red,5.1,639.0,5.0,0.2289,2.2,15.0,8.506666667,9.34,12.16666667,10.92666667,25.34333333,28.87,23.33666667,22.28,6.053333333,9.353333333,10.93333333,8.29,1.736666667,5.203333333,17.81666667,5.823333333,36.06,0.77,59.11,5.41,77.29,Maize
1133,red,6.01,134.0,3.0,0.219389893,1.5,7.2,8.566666667,9.663333333,12.73666667,11.78,25.88333333,30.05666667,23.65,22.84666667,6.626666667,10.35,11.17333333,9.1,1.343333333,5.66,19.92,7.42,14.25,0.8,59.11,6.06,78.58,Maize
1134,brown,5.89,659.0,45.0,0.16,2.4,6.0,7.586666667,8.136666667,11.43,10.15,26.32666667,28.97,24.37666667,22.67333333,7.513333333,11.38333333,11.81,10.08666667,0.91,2.266666667,11.76666667,2.96,88.31,0.63,59.11,6.01,77.15,Maize
1135,brown,5.89,417.0,5.0,0.16,1.6,5.0,7.586666667,8.136666667,11.43,10.15,26.32666667,28.97,24.37666667,22.67333333,7.513333333,11.38333333,11.81,10.08666667,0.91,2.266666667,11.76666667,2.96,88.31,0.63,59.11,6.01,77.15,Maize
1136,red,7.4,1778.0,185.0,0.043662318,5.0,12.0,7.586666667,8.136666667,11.43,10.15,26.32666667,28.97,24.37666667,22.67333333,7.513333333,11.38333333,11.81,10.08666667,0.91,2.266666667,11.76666667,2.96,88.31,0.63,59.11,6.01,77.15,Maize
1137,red,5.6,541.0,2.0,0.185,0.9,13.0,8.566666667,9.663333333,12.73666667,11.78,25.88333333,30.05666667,23.65,22.84666667,6.626666667,10.35,11.17333333,9.1,1.343333333,5.66,19.92,7.42,14.25,0.8,59.11,6.06,78.58,Maize
1138,gray,6.8,1054.0,116.0,0.024284862,3.0,13.0,7.586666667,8.136666667,11.43,10.15,26.32666667,28.97,24.37666667,22.67333333,7.513333333,11.38333333,11.81,10.08666667,0.91,2.266666667,11.76666667,2.96,88.31,0.63,59.11,6.01,77.15,Maize
1139,gray,6.1,299.0,5.0,0.1177,2.1,7.0,8.506666667,9.34,12.16666667,10.92666667,25.34333333,28.87,23.33666667,22.28,6.053333333,9.353333333,10.93333333,8.29,1.736666667,5.203333333,17.81666667,5.823333333,36.06,0.77,59.11,5.41,77.29,Maize
1140,brown,5.3,334.0,12.0,0.2279,1.7,16.0,8.506666667,9.34,12.16666667,10.92666667,25.34333333,28.87,23.33666667,22.28,6.053333333,9.353333333,10.93333333,8.29,1.736666667,5.203333333,17.81666667,5.823333333,36.06,0.77,59.11,5.41,77.29,Maize
1141,red,5.3,285.0,5.0,0.2279,1.8,10.0,8.506666667,9.34,12.16666667,10.92666667,25.34333333,28.87,23.33666667,22.28,6.053333333,9.353333333,10.93333333,8.29,1.736666667,5.203333333,17.81666667,5.823333333,36.06,0.77,59.11,5.41,77.29,Maize
1142,red,5.6,443.0,4.0,0.2039,1.5,9.0,8.506666667,9.34,12.16666667,10.92666667,25.34333333,28.87,23.33666667,22.28,6.053333333,9.353333333,10.93333333,8.29,1.736666667,5.203333333,17.81666667,5.823333333,36.06,0.77,59.11,5.41,77.29,Maize
1143,brown,6.1,230.0,3.0,0.1177,2.2,7.0,8.506666667,9.34,12.16666667,10.92666667,25.34333333,28.87,23.33666667,22.28,6.053333333,9.353333333,10.93333333,8.29,1.736666667,5.203333333,17.81666667,5.823333333,36.06,0.77,59.11,5.41,77.29,Maize
1144,black,6.1,709.0,63.0,0.1177,2.3,7.0,8.506666667,9.34,12.16666667,10.92666667,25.34333333,28.87,23.33666667,22.28,6.053333333,9.353333333,10.93333333,8.29,1.736666667,5.203333333,17.81666667,5.823333333,36.06,0.77,59.11,5.41,77.29,Maize
1145,brown,5.8,145.0,14.0,0.250293402,1.0,5.0,8.506666667,9.34,12.16666667,10.92666667,25.34333333,28.87,23.33666667,22.28,6.053333333,9.353333333,10.93333333,8.29,1.736666667,5.203333333,17.81666667,5.823333333,36.06,0.77,59.11,5.41,77.29,Maize
1146,red,5.3,354.0,3.0,0.2279,1.6,10.0,8.506666667,9.34,12.16666667,10.92666667,25.34333333,28.87,23.33666667,22.28,6.053333333,9.353333333,10.93333333,8.29,1.736666667,5.203333333,17.81666667,5.823333333,36.06,0.77,59.11,5.41,77.29,Maize
1147,brown,5.2,196.0,4.0,0.1408,0.7,11.0,7.586666667,8.136666667,11.43,10.15,26.32666667,28.97,24.37666667,22.67333333,7.513333333,11.38333333,11.81,10.08666667,0.91,2.266666667,11.76666667,2.96,88.31,0.63,59.11,6.01,77.15,Maize
1148,brown,6.1,126.0,4.0,0.1177,1.0,6.0,8.506666667,9.34,12.16666667,10.92666667,25.34333333,28.87,23.33666667,22.28,6.053333333,9.353333333,10.93333333,8.29,1.736666667,5.203333333,17.81666667,5.823333333,36.06,0.77,59.11,5.41,77.29,Maize
1149,brown,5.99,606.0,60.0,0.16,5.4,14.0,7.586666667,8.136666667,11.43,10.15,26.32666667,28.97,24.37666667,22.67333333,7.513333333,11.38333333,11.81,10.08666667,0.91,2.266666667,11.76666667,2.96,88.31,0.63,59.11,6.01,77.15,Maize
1150,black,7.7,213.0,2.8,0.153113977,0.8,0.05,8.566666667,9.663333333,12.73666667,11.78,25.88333333,30.05666667,23.65,22.84666667,6.626666667,10.35,11.17333333,9.1,1.343333333,5.66,19.92,7.42,14.25,0.8,59.11,6.06,78.58,Maize
1151,brown,5.8,432.0,2.0,0.250293402,1.8,9.0,8.506666667,9.34,12.16666667,10.92666667,25.34333333,28.87,23.33666667,22.28,6.053333333,9.353333333,10.93333333,8.29,1.736666667,5.203333333,17.81666667,5.823333333,36.06,0.77,59.11,5.41,77.29,Maize
1152,brown,5.4,313.0,6.0,0.1333,1.8,10.0,8.506666667,9.34,12.16666667,10.92666667,25.34333333,28.87,23.33666667,22.28,6.053333333,9.353333333,10.93333333,8.29,1.736666667,5.203333333,17.81666667,5.823333333,36.06,0.77,59.11,5.41,77.29,Maize
1153,black,5.8,592.0,34.0,0.250293402,2.6,11.0,8.506666667,9.34,12.16666667,10.92666667,25.34333333,28.87,23.33666667,22.28,6.053333333,9.353333333,10.93333333,8.29,1.736666667,5.203333333,17.81666667,5.823333333,36.06,0.77,59.11,5.41,77.29,Maize
1154,red,5.52,222.91,8.24,0.16,2.48,12.52,7.586666667,8.136666667,11.43,10.15,26.32666667,28.97,24.37666667,22.67333333,7.513333333,11.38333333,11.81,10.08666667,0.91,2.266666667,11.76666667,2.96,88.31,0.63,59.11,6.01,77.15,Maize
1155,black,5.8,339.0,3.0,0.250293402,1.9,6.0,8.506666667,9.34,12.16666667,10.92666667,25.34333333,28.87,23.33666667,22.28,6.053333333,9.353333333,10.93333333,8.29,1.736666667,5.203333333,17.81666667,5.823333333,36.06,0.77,59.11,5.41,77.29,Maize
1156,brown,5.8,199.0,3.0,0.250293402,1.4,7.0,8.506666667,9.34,12.16666667,10.92666667,25.34333333,28.87,23.33666667,22.28,6.053333333,9.353333333,10.93333333,8.29,1.736666667,5.203333333,17.81666667,5.823333333,36.06,0.77,59.11,5.41,77.29,Maize
1157,red,5.4,111.0,3.0,0.1333,0.7,9.0,8.506666667,9.34,12.16666667,10.92666667,25.34333333,28.87,23.33666667,22.28,6.053333333,9.353333333,10.93333333,8.29,1.736666667,5.203333333,17.81666667,5.823333333,36.06,0.77,59.11,5.41,77.29,Maize
1158,brown,5.8,172.0,3.0,0.250293402,1.7,9.0,8.506666667,9.34,12.16666667,10.92666667,25.34333333,28.87,23.33666667,22.28,6.053333333,9.353333333,10.93333333,8.29,1.736666667,5.203333333,17.81666667,5.823333333,36.06,0.77,59.11,5.41,77.29,Maize
1159,brown,5.8,415.0,4.0,0.250293402,1.1,7.0,8.506666667,9.34,12.16666667,10.92666667,25.34333333,28.87,23.33666667,22.28,6.053333333,9.353333333,10.93333333,8.29,1.736666667,5.203333333,17.81666667,5.823333333,36.06,0.77,59.11,5.41,77.29,Maize
1160,brown,5.85,419.0,21.0,0.2289,2.1,9.0,8.506666667,9.34,12.16666667,10.92666667,25.34333333,28.87,23.33666667,22.28,6.053333333,9.353333333,10.93333333,8.29,1.736666667,5.203333333,17.81666667,5.823333333,36.06,0.77,59.11,5.41,77.29,Maize
1161,brown,5.8,237.0,4.0,0.250293402,2.3,10.0,8.506666667,9.34,12.16666667,10.92666667,25.34333333,28.87,23.33666667,22.28,6.053333333,9.353333333,10.93333333,8.29,1.736666667,5.203333333,17.81666667,5.823333333,36.06,0.77,59.11,5.41,77.29,Maize
1162,brown,5.8,474.0,24.0,0.250293402,3.0,11.0,8.506666667,9.34,12.16666667,10.92666667,25.34333333,28.87,23.33666667,22.28,6.053333333,9.353333333,10.93333333,8.29,1.736666667,5.203333333,17.81666667,5.823333333,36.06,0.77,59.11,5.41,77.29,Maize
1163,brown,5.4,188.0,5.0,0.1333,1.7,10.0,8.506666667,9.34,12.16666667,10.92666667,25.34333333,28.87,23.33666667,22.28,6.053333333,9.353333333,10.93333333,8.29,1.736666667,5.203333333,17.81666667,5.823333333,36.06,0.77,59.11,5.41,77.29,Maize
1164,brown,5.8,191.91,2.35,0.250293402,2.45,4.95,8.506666667,9.34,12.16666667,10.92666667,25.34333333,28.87,23.33666667,22.28,6.053333333,9.353333333,10.93333333,8.29,1.736666667,5.203333333,17.81666667,5.823333333,36.06,0.77,59.11,5.41,77.29,Maize
1165,brown,6.0,235.0,7.0,0.0969,1.3,8.0,8.506666667,9.34,12.16666667,10.92666667,25.34333333,28.87,23.33666667,22.28,6.053333333,9.353333333,10.93333333,8.29,1.736666667,5.203333333,17.81666667,5.823333333,36.06,0.77,59.11,5.41,77.29,Maize
1166,brown,6.0,210.0,15.0,0.0969,1.2,5.0,8.506666667,9.34,12.16666667,10.92666667,25.34333333,28.87,23.33666667,22.28,6.053333333,9.353333333,10.93333333,8.29,1.736666667,5.203333333,17.81666667,5.823333333,36.06,0.77,59.11,5.41,77.29,Maize
1167,red,6.0,253.0,2.0,0.0969,0.9,11.0,8.506666667,9.34,12.16666667,10.92666667,25.34333333,28.87,23.33666667,22.28,6.053333333,9.353333333,10.93333333,8.29,1.736666667,5.203333333,17.81666667,5.823333333,36.06,0.77,59.11,5.41,77.29,Maize
1168,black,6.0,147.0,8.0,0.0969,1.0,7.0,8.506666667,9.34,12.16666667,10.92666667,25.34333333,28.87,23.33666667,22.28,6.053333333,9.353333333,10.93333333,8.29,1.736666667,5.203333333,17.81666667,5.823333333,36.06,0.77,59.11,5.41,77.29,Maize
1169,red,6.02,1183.0,15.0,0.0808,3.4,20.0,8.566666667,9.663333333,12.73666667,11.78,25.88333333,30.05666667,23.65,22.84666667,6.626666667,10.35,11.17333333,9.1,1.343333333,5.66,19.92,7.42,14.25,0.8,59.11,6.06,78.58,Maize
1170,red,5.24,224.0,4.0,0.0808,2.1,17.0,8.566666667,9.663333333,12.73666667,11.78,25.88333333,30.05666667,23.65,22.84666667,6.626666667,10.35,11.17333333,9.1,1.343333333,5.66,19.92,7.42,14.25,0.8,59.11,6.06,78.58,Maize
1171,black,5.91,173.99,3.25,0.2289,1.71,5.08,8.506666667,9.34,12.16666667,10.92666667,25.34333333,28.87,23.33666667,22.28,6.053333333,9.353333333,10.93333333,8.29,1.736666667,5.203333333,17.81666667,5.823333333,36.06,0.77,59.11,5.41,77.29,Maize
1172,brown,6.25,258.0,10.0,0.2289,1.1,7.0,8.506666667,9.34,12.16666667,10.92666667,25.34333333,28.87,23.33666667,22.28,6.053333333,9.353333333,10.93333333,8.29,1.736666667,5.203333333,17.81666667,5.823333333,36.06,0.77,59.11,5.41,77.29,Maize
1173,brown,5.8,411.0,14.0,0.250293402,1.7,9.0,8.506666667,9.34,12.16666667,10.92666667,25.34333333,28.87,23.33666667,22.28,6.053333333,9.353333333,10.93333333,8.29,1.736666667,5.203333333,17.81666667,5.823333333,36.06,0.77,59.11,5.41,77.29,Maize
1174,black,5.8,269.0,2.0,0.250293402,1.3,7.0,8.506666667,9.34,12.16666667,10.92666667,25.34333333,28.87,23.33666667,22.28,6.053333333,9.353333333,10.93333333,8.29,1.736666667,5.203333333,17.81666667,5.823333333,36.06,0.77,59.11,5.41,77.29,Maize
1175,red,6.0,195.0,2.0,0.0969,0.9,9.0,8.506666667,9.34,12.16666667,10.92666667,25.34333333,28.87,23.33666667,22.28,6.053333333,9.353333333,10.93333333,8.29,1.736666667,5.203333333,17.81666667,5.823333333,36.06,0.77,59.11,5.41,77.29,Maize
1176,brown,6.0,406.0,11.0,0.0969,2.7,8.0,8.506666667,9.34,12.16666667,10.92666667,25.34333333,28.87,23.33666667,22.28,6.053333333,9.353333333,10.93333333,8.29,1.736666667,5.203333333,17.81666667,5.823333333,36.06,0.77,59.11,5.41,77.29,Maize
1177,brown,6.0,241.0,6.0,0.0969,1.4,7.0,8.566666667,9.663333333,12.73666667,11.78,25.88333333,30.05666667,23.65,22.84666667,6.626666667,10.35,11.17333333,9.1,1.343333333,5.66,19.92,7.42,14.25,0.8,59.11,6.06,78.58,Maize
1178,other,5.81,156.75,1.54,0.16,1.27,9.4,7.586666667,8.136666667,11.43,10.15,26.32666667,28.97,24.37666667,22.67333333,7.513333333,11.38333333,11.81,10.08666667,0.91,2.266666667,11.76666667,2.96,88.31,0.63,59.11,6.01,77.15,Maize
1179,brown,5.85,669.0,44.0,0.2289,3.0,12.0,8.506666667,9.34,12.16666667,10.92666667,25.34333333,28.87,23.33666667,22.28,6.053333333,9.353333333,10.93333333,8.29,1.736666667,5.203333333,17.81666667,5.823333333,36.06,0.77,59.11,5.41,77.29,Maize
1180,black,5.85,588.0,64.0,0.2289,2.2,8.0,8.506666667,9.34,12.16666667,10.92666667,25.34333333,28.87,23.33666667,22.28,6.053333333,9.353333333,10.93333333,8.29,1.736666667,5.203333333,17.81666667,5.823333333,36.06,0.77,59.11,5.41,77.29,Maize
1181,brown,5.85,320.0,24.0,0.2289,1.8,6.0,8.506666667,9.34,12.16666667,10.92666667,25.34333333,28.87,23.33666667,22.28,6.053333333,9.353333333,10.93333333,8.29,1.736666667,5.203333333,17.81666667,5.823333333,36.06,0.77,59.11,5.41,77.29,Maize
1182,black,5.8,712.0,70.0,0.250293402,2.9,10.0,8.506666667,9.34,12.16666667,10.92666667,25.34333333,28.87,23.33666667,22.28,6.053333333,9.353333333,10.93333333,8.29,1.736666667,5.203333333,17.81666667,5.823333333,36.06,0.77,59.11,5.41,77.29,Maize
1183,black,5.8,335.0,17.0,0.250293402,2.0,5.0,8.506666667,9.34,12.16666667,10.92666667,25.34333333,28.87,23.33666667,22.28,6.053333333,9.353333333,10.93333333,8.29,1.736666667,5.203333333,17.81666667,5.823333333,36.06,0.77,59.11,5.41,77.29,Maize
1184,brown,6.0,195.0,2.0,0.0969,0.8,10.0,8.506666667,9.34,12.16666667,10.92666667,25.34333333,28.87,23.33666667,22.28,6.053333333,9.353333333,10.93333333,8.29,1.736666667,5.203333333,17.81666667,5.823333333,36.06,0.77,59.11,5.41,77.29,Maize
1185,red,6.0,238.0,13.0,0.0969,2.0,5.0,8.506666667,9.34,12.16666667,10.92666667,25.34333333,28.87,23.33666667,22.28,6.053333333,9.353333333,10.93333333,8.29,1.736666667,5.203333333,17.81666667,5.823333333,36.06,0.77,59.11,5.41,77.29,Maize
1186,red,5.81,564.0,4.0,0.16,3.5,14.0,7.586666667,8.136666667,11.43,10.15,26.32666667,28.97,24.37666667,22.67333333,7.513333333,11.38333333,11.81,10.08666667,0.91,2.266666667,11.76666667,2.96,88.31,0.63,59.11,6.01,77.15,Maize
1187,reddish brown,6.0,140.0,1.0,0.0969,0.6,9.0,8.506666667,9.34,12.16666667,10.92666667,25.34333333,28.87,23.33666667,22.28,6.053333333,9.353333333,10.93333333,8.29,1.736666667,5.203333333,17.81666667,5.823333333,36.06,0.77,59.11,5.41,77.29,Maize
1188,brown,6.0,210.0,6.0,0.0969,1.9,9.0,8.506666667,9.34,12.16666667,10.92666667,25.34333333,28.87,23.33666667,22.28,6.053333333,9.353333333,10.93333333,8.29,1.736666667,5.203333333,17.81666667,5.823333333,36.06,0.77,59.11,5.41,77.29,Maize
1189,red,6.4,348.0,1.0,0.1209,1.8,11.0,8.506666667,9.34,12.16666667,10.92666667,25.34333333,28.87,23.33666667,22.28,6.053333333,9.353333333,10.93333333,8.29,1.736666667,5.203333333,17.81666667,5.823333333,36.06,0.77,59.11,5.41,77.29,Maize
1190,brown,6.4,392.0,7.0,0.1209,1.6,6.0,8.506666667,9.34,12.16666667,10.92666667,25.34333333,28.87,23.33666667,22.28,6.053333333,9.353333333,10.93333333,8.29,1.736666667,5.203333333,17.81666667,5.823333333,36.06,0.77,59.11,5.41,77.29,Maize
1191,red,5.58,902.0,14.0,0.16,4.7,25.0,7.586666667,8.136666667,11.43,10.15,26.32666667,28.97,24.37666667,22.67333333,7.513333333,11.38333333,11.81,10.08666667,0.91,2.266666667,11.76666667,2.96,88.31,0.63,59.11,6.01,77.15,Maize
1192,red,6.74,127.0,3.0,0.2289,2.4,8.0,8.506666667,9.34,12.16666667,10.92666667,25.34333333,28.87,23.33666667,22.28,6.053333333,9.353333333,10.93333333,8.29,1.736666667,5.203333333,17.81666667,5.823333333,36.06,0.77,59.11,5.41,77.29,Maize
1193,red,5.85,493.0,2.0,0.2289,1.6,10.0,8.506666667,9.34,12.16666667,10.92666667,25.34333333,28.87,23.33666667,22.28,6.053333333,9.353333333,10.93333333,8.29,1.736666667,5.203333333,17.81666667,5.823333333,36.06,0.77,59.11,5.41,77.29,Maize
1194,brown,5.8,687.0,42.0,0.250293402,2.6,12.0,8.506666667,9.34,12.16666667,10.92666667,25.34333333,28.87,23.33666667,22.28,6.053333333,9.353333333,10.93333333,8.29,1.736666667,5.203333333,17.81666667,5.823333333,36.06,0.77,59.11,5.41,77.29,Maize
1195,red,6.0,562.0,7.0,0.0969,2.8,14.0,8.506666667,9.34,12.16666667,10.92666667,25.34333333,28.87,23.33666667,22.28,6.053333333,9.353333333,10.93333333,8.29,1.736666667,5.203333333,17.81666667,5.823333333,36.06,0.77,59.11,5.41,77.29,Maize
1196,brown,6.74,342.0,9.0,0.2289,2.8,6.0,8.506666667,9.34,12.16666667,10.92666667,25.34333333,28.87,23.33666667,22.28,6.053333333,9.353333333,10.93333333,8.29,1.736666667,5.203333333,17.81666667,5.823333333,36.06,0.77,59.11,5.41,77.29,Maize
1197,other,6.0,224.41,5.04,0.0969,1.57,7.44,8.506666667,9.34,12.16666667,10.92666667,25.34333333,28.87,23.33666667,22.28,6.053333333,9.353333333,10.93333333,8.29,1.736666667,5.203333333,17.81666667,5.823333333,36.06,0.77,59.11,5.41,77.29,Maize
1198,other,6.4,192.0,1.0,0.1209,1.6,7.0,8.506666667,9.34,12.16666667,10.92666667,25.34333333,28.87,23.33666667,22.28,6.053333333,9.353333333,10.93333333,8.29,1.736666667,5.203333333,17.81666667,5.823333333,36.06,0.77,59.11,5.41,77.29,Maize
1199,reddish brown,6.4,220.0,3.0,0.1209,1.7,11.0,8.506666667,9.34,12.16666667,10.92666667,25.34333333,28.87,23.33666667,22.28,6.053333333,9.353333333,10.93333333,8.29,1.736666667,5.203333333,17.81666667,5.823333333,36.06,0.77,59.11,5.41,77.29,Maize
1200,red,6.4,742.0,11.0,0.1209,5.3,10.0,8.506666667,9.34,12.16666667,10.92666667,25.34333333,28.87,23.33666667,22.28,6.053333333,9.353333333,10.93333333,8.29,1.736666667,5.203333333,17.81666667,5.823333333,36.06,0.77,59.11,5.41,77.29,Maize
1201,brown,5.63,149.0,3.0,0.2289,1.0,11.0,8.506666667,9.34,12.16666667,10.92666667,25.34333333,28.87,23.33666667,22.28,6.053333333,9.353333333,10.93333333,8.29,1.736666667,5.203333333,17.81666667,5.823333333,36.06,0.77,59.11,5.41,77.29,Maize
1202,red,5.85,248.0,2.0,0.2289,1.9,7.0,8.506666667,9.34,12.16666667,10.92666667,25.34333333,28.87,23.33666667,22.28,6.053333333,9.353333333,10.93333333,8.29,1.736666667,5.203333333,17.81666667,5.823333333,36.06,0.77,59.11,5.41,77.29,Maize
1203,brown,5.8,373.0,11.0,0.250293402,3.5,7.0,8.506666667,9.34,12.16666667,10.92666667,25.34333333,28.87,23.33666667,22.28,6.053333333,9.353333333,10.93333333,8.29,1.736666667,5.203333333,17.81666667,5.823333333,36.06,0.77,59.11,5.41,77.29,Maize
1204,brown,5.8,700.0,27.0,0.250293402,2.2,12.0,8.506666667,9.34,12.16666667,10.92666667,25.34333333,28.87,23.33666667,22.28,6.053333333,9.353333333,10.93333333,8.29,1.736666667,5.203333333,17.81666667,5.823333333,36.06,0.77,59.11,5.41,77.29,Maize
1205,black,6.4,595.0,4.0,0.161,2.7,9.0,8.506666667,9.34,12.16666667,10.92666667,25.34333333,28.87,23.33666667,22.28,6.053333333,9.353333333,10.93333333,8.29,1.736666667,5.203333333,17.81666667,5.823333333,36.06,0.77,59.11,5.41,77.29,Maize
1206,brown,5.8,180.0,4.0,0.250293402,1.2,6.0,8.506666667,9.34,12.16666667,10.92666667,25.34333333,28.87,23.33666667,22.28,6.053333333,9.353333333,10.93333333,8.29,1.736666667,5.203333333,17.81666667,5.823333333,36.06,0.77,59.11,5.41,77.29,Maize
1207,red,5.8,235.0,1.0,0.250293402,1.0,8.0,8.506666667,9.34,12.16666667,10.92666667,25.34333333,28.87,23.33666667,22.28,6.053333333,9.353333333,10.93333333,8.29,1.736666667,5.203333333,17.81666667,5.823333333,36.06,0.77,59.11,5.41,77.29,Maize
1208,black,5.8,361.0,2.0,0.250293402,1.1,10.0,8.506666667,9.34,12.16666667,10.92666667,25.34333333,28.87,23.33666667,22.28,6.053333333,9.353333333,10.93333333,8.29,1.736666667,5.203333333,17.81666667,5.823333333,36.06,0.77,59.11,5.41,77.29,Maize
1209,brown,5.8,250.0,2.0,0.250293402,1.1,8.0,8.506666667,9.34,12.16666667,10.92666667,25.34333333,28.87,23.33666667,22.28,6.053333333,9.353333333,10.93333333,8.29,1.736666667,5.203333333,17.81666667,5.823333333,36.06,0.77,59.11,5.41,77.29,Maize
1210,brown,6.37,995.0,65.0,0.111842553,12.8,13.0,8.506666667,9.34,12.16666667,10.92666667,25.34333333,28.87,23.33666667,22.28,6.053333333,9.353333333,10.93333333,8.29,1.736666667,5.203333333,17.81666667,5.823333333,36.06,0.77,59.11,5.41,77.29,Maize
1211,red,5.5,200.0,5.0,0.2124,1.8,8.0,8.506666667,9.34,12.16666667,10.92666667,25.34333333,28.87,23.33666667,22.28,6.053333333,9.353333333,10.93333333,8.29,1.736666667,5.203333333,17.81666667,5.823333333,36.06,0.77,59.11,5.41,77.29,Maize
1212,brown,6.8,410.35,26.16,0.0884,4.02,5.03,8.506666667,9.34,12.16666667,10.92666667,25.34333333,28.87,23.33666667,22.28,6.053333333,9.353333333,10.93333333,8.29,1.736666667,5.203333333,17.81666667,5.823333333,36.06,0.77,59.11,5.41,77.29,Maize
1213,black,6.3,1162.0,135.0,0.0732,8.3,10.0,8.506666667,9.34,12.16666667,10.92666667,25.34333333,28.87,23.33666667,22.28,6.053333333,9.353333333,10.93333333,8.29,1.736666667,5.203333333,17.81666667,5.823333333,36.06,0.77,59.11,5.41,77.29,Maize
1214,red,6.62,258.0,7.4,0.156888135,1.3,21.8,8.506666667,9.34,12.16666667,10.92666667,25.34333333,28.87,23.33666667,22.28,6.053333333,9.353333333,10.93333333,8.29,1.736666667,5.203333333,17.81666667,5.823333333,36.06,0.77,59.11,5.41,77.29,Maize
1215,brown,5.85,322.0,4.0,0.2289,1.2,9.0,8.506666667,9.34,12.16666667,10.92666667,25.34333333,28.87,23.33666667,22.28,6.053333333,9.353333333,10.93333333,8.29,1.736666667,5.203333333,17.81666667,5.823333333,36.06,0.77,59.11,5.41,77.29,Maize
1216,brown,5.8,404.0,24.0,0.250293402,1.8,5.0,8.506666667,9.34,12.16666667,10.92666667,25.34333333,28.87,23.33666667,22.28,6.053333333,9.353333333,10.93333333,8.29,1.736666667,5.203333333,17.81666667,5.823333333,36.06,0.77,59.11,5.41,77.29,Maize
1217,red,5.68,310.0,3.0,0.076819645,2.8,7.0,8.506666667,9.34,12.16666667,10.92666667,25.34333333,28.87,23.33666667,22.28,6.053333333,9.353333333,10.93333333,8.29,1.736666667,5.203333333,17.81666667,5.823333333,36.06,0.77,59.11,5.41,77.29,Maize
1218,red,7.75,520.0,2.1,0.097377506,1.4,3.8,8.506666667,9.34,12.16666667,10.92666667,25.34333333,28.87,23.33666667,22.28,6.053333333,9.353333333,10.93333333,8.29,1.736666667,5.203333333,17.81666667,5.823333333,36.06,0.77,59.11,5.41,77.29,Maize
1219,gray,5.4,367.0,61.0,0.2255,2.8,6.0,8.506666667,9.34,12.16666667,10.92666667,25.34333333,28.87,23.33666667,22.28,6.053333333,9.353333333,10.93333333,8.29,1.736666667,5.203333333,17.81666667,5.823333333,36.06,0.77,59.11,5.41,77.29,Maize
1220,gray,5.4,79.0,9.0,0.2255,0.5,6.0,8.506666667,9.34,12.16666667,10.92666667,25.34333333,28.87,23.33666667,22.28,6.053333333,9.353333333,10.93333333,8.29,1.736666667,5.203333333,17.81666667,5.823333333,36.06,0.77,59.11,5.41,77.29,Maize
1221,red,4.7,327.0,3.0,0.1801,1.9,13.0,8.506666667,9.34,12.16666667,10.92666667,25.34333333,28.87,23.33666667,22.28,6.053333333,9.353333333,10.93333333,8.29,1.736666667,5.203333333,17.81666667,5.823333333,36.06,0.77,59.11,5.41,77.29,Maize
1222,brown,6.5,859.0,89.0,0.1875,3.7,9.0,8.506666667,9.34,12.16666667,10.92666667,25.34333333,28.87,23.33666667,22.28,6.053333333,9.353333333,10.93333333,8.29,1.736666667,5.203333333,17.81666667,5.823333333,36.06,0.77,59.11,5.41,77.29,Maize
1223,red,5.84,657.0,9.8,0.150259886,3.5,14.0,8.506666667,9.34,12.16666667,10.92666667,25.34333333,28.87,23.33666667,22.28,6.053333333,9.353333333,10.93333333,8.29,1.736666667,5.203333333,17.81666667,5.823333333,36.06,0.77,59.11,5.41,77.29,Maize
1224,red,6.1,465.0,41.0,0.1526,2.0,7.0,8.506666667,9.34,12.16666667,10.92666667,25.34333333,28.87,23.33666667,22.28,6.053333333,9.353333333,10.93333333,8.29,1.736666667,5.203333333,17.81666667,5.823333333,36.06,0.77,59.11,5.41,77.29,Maize
1225,brown,5.55,484.0,7.0,0.2289,2.2,11.0,7.586666667,8.136666667,11.43,10.15,26.32666667,28.97,24.37666667,22.67333333,7.513333333,11.38333333,11.81,10.08666667,0.91,2.266666667,11.76666667,2.96,88.31,0.63,59.11,6.01,77.15,Maize
1226,black,6.5,300.0,7.0,0.0738,1.4,5.0,8.506666667,9.34,12.16666667,10.92666667,25.34333333,28.87,23.33666667,22.28,6.053333333,9.353333333,10.93333333,8.29,1.736666667,5.203333333,17.81666667,5.823333333,36.06,0.77,59.11,5.41,77.29,Maize
1227,brown,5.3,367.0,10.0,0.2861,1.0,10.0,8.506666667,9.34,12.16666667,10.92666667,25.34333333,28.87,23.33666667,22.28,6.053333333,9.353333333,10.93333333,8.29,1.736666667,5.203333333,17.81666667,5.823333333,36.06,0.77,59.11,5.41,77.29,Maize
1228,black,7.7,540.0,2.0,0.1067,1.3,3.0,8.506666667,9.34,12.16666667,10.92666667,25.34333333,28.87,23.33666667,22.28,6.053333333,9.353333333,10.93333333,8.29,1.736666667,5.203333333,17.81666667,5.823333333,36.06,0.77,59.11,5.41,77.29,Maize
1229,brown,5.8,326.0,39.0,0.2326,2.2,6.0,8.506666667,9.34,12.16666667,10.92666667,25.34333333,28.87,23.33666667,22.28,6.053333333,9.353333333,10.93333333,8.29,1.736666667,5.203333333,17.81666667,5.823333333,36.06,0.77,59.11,5.41,77.29,Maize
1230,brown,5.2,280.0,5.0,0.1622,0.9,5.0,8.506666667,9.34,12.16666667,10.92666667,25.34333333,28.87,23.33666667,22.28,6.053333333,9.353333333,10.93333333,8.29,1.736666667,5.203333333,17.81666667,5.823333333,36.06,0.77,59.11,5.41,77.29,Maize
1231,black,6.15,239.0,1.2,0.079226038,1.1,3.8,8.506666667,9.34,12.16666667,10.92666667,25.34333333,28.87,23.33666667,22.28,6.053333333,9.353333333,10.93333333,8.29,1.736666667,5.203333333,17.81666667,5.823333333,36.06,0.77,59.11,5.41,77.29,Maize
1232,red,5.3,197.0,2.0,0.2017,0.7,12.0,8.566666667,9.663333333,12.73666667,11.78,25.88333333,30.05666667,23.65,22.84666667,6.626666667,10.35,11.17333333,9.1,1.343333333,5.66,19.92,7.42,14.25,0.8,59.11,6.06,78.58,Maize
1233,red,5.9,116.0,2.0,0.2385,1.7,3.0,8.506666667,9.34,12.16666667,10.92666667,25.34333333,28.87,23.33666667,22.28,6.053333333,9.353333333,10.93333333,8.29,1.736666667,5.203333333,17.81666667,5.823333333,36.06,0.77,59.11,5.41,77.29,Maize
1234,red,5.4,149.0,4.0,0.2893,1.1,8.0,8.506666667,9.34,12.16666667,10.92666667,25.34333333,28.87,23.33666667,22.28,6.053333333,9.353333333,10.93333333,8.29,1.736666667,5.203333333,17.81666667,5.823333333,36.06,0.77,59.11,5.41,77.29,Maize
1235,red,5.4,464.0,4.0,0.2406,1.5,12.0,8.506666667,9.34,12.16666667,10.92666667,25.34333333,28.87,23.33666667,22.28,6.053333333,9.353333333,10.93333333,8.29,1.736666667,5.203333333,17.81666667,5.823333333,36.06,0.77,59.11,5.41,77.29,Maize
1236,other,5.3,323.0,2.0,0.2017,1.3,11.0,8.566666667,9.663333333,12.73666667,11.78,25.88333333,30.05666667,23.65,22.84666667,6.626666667,10.35,11.17333333,9.1,1.343333333,5.66,19.92,7.42,14.25,0.8,59.11,6.06,78.58,Maize
1237,red,5.3,286.0,3.0,0.2017,1.0,17.0,8.566666667,9.663333333,12.73666667,11.78,25.88333333,30.05666667,23.65,22.84666667,6.626666667,10.35,11.17333333,9.1,1.343333333,5.66,19.92,7.42,14.25,0.8,59.11,6.06,78.58,Maize
1238,red,5.3,141.0,5.0,0.2017,0.7,16.0,8.566666667,9.663333333,12.73666667,11.78,25.88333333,30.05666667,23.65,22.84666667,6.626666667,10.35,11.17333333,9.1,1.343333333,5.66,19.92,7.42,14.25,0.8,59.11,6.06,78.58,Maize
1239,black,5.9,262.0,1.0,0.1496,1.0,4.0,8.506666667,9.34,12.16666667,10.92666667,25.34333333,28.87,23.33666667,22.28,6.053333333,9.353333333,10.93333333,8.29,1.736666667,5.203333333,17.81666667,5.823333333,36.06,0.77,59.11,5.41,77.29,Maize
1240,black,6.55,271.0,0.05,0.131968013,1.0,0.05,8.506666667,9.34,12.16666667,10.92666667,25.34333333,28.87,23.33666667,22.28,6.053333333,9.353333333,10.93333333,8.29,1.736666667,5.203333333,17.81666667,5.823333333,36.06,0.77,59.11,5.41,77.29,Maize
1241,other,5.2,154.0,2.0,0.2158,0.7,16.0,8.566666667,9.663333333,12.73666667,11.78,25.88333333,30.05666667,23.65,22.84666667,6.626666667,10.35,11.17333333,9.1,1.343333333,5.66,19.92,7.42,14.25,0.8,59.11,6.06,78.58,Maize
1242,brown,6.0,525.0,2.0,0.1867,1.9,8.0,8.506666667,9.34,12.16666667,10.92666667,25.34333333,28.87,23.33666667,22.28,6.053333333,9.353333333,10.93333333,8.29,1.736666667,5.203333333,17.81666667,5.823333333,36.06,0.77,59.11,5.41,77.29,Maize
1243,other,5.2,106.0,2.0,0.2158,1.7,18.0,8.566666667,9.663333333,12.73666667,11.78,25.88333333,30.05666667,23.65,22.84666667,6.626666667,10.35,11.17333333,9.1,1.343333333,5.66,19.92,7.42,14.25,0.8,59.11,6.06,78.58,Maize
1244,red,6.6,836.0,5.0,0.2196,3.0,7.0,8.506666667,9.34,12.16666667,10.92666667,25.34333333,28.87,23.33666667,22.28,6.053333333,9.353333333,10.93333333,8.29,1.736666667,5.203333333,17.81666667,5.823333333,36.06,0.77,59.11,5.41,77.29,Maize
1245,red,5.2,135.0,2.0,0.2158,0.7,17.0,8.566666667,9.663333333,12.73666667,11.78,25.88333333,30.05666667,23.65,22.84666667,6.626666667,10.35,11.17333333,9.1,1.343333333,5.66,19.92,7.42,14.25,0.8,59.11,6.06,78.58,Maize
1246,other,5.3,157.0,1.0,0.2017,1.0,14.0,8.566666667,9.663333333,12.73666667,11.78,25.88333333,30.05666667,23.65,22.84666667,6.626666667,10.35,11.17333333,9.1,1.343333333,5.66,19.92,7.42,14.25,0.8,59.11,6.06,78.58,Maize
1247,brown,5.3,92.0,2.0,0.2017,0.8,17.0,8.566666667,9.663333333,12.73666667,11.78,25.88333333,30.05666667,23.65,22.84666667,6.626666667,10.35,11.17333333,9.1,1.343333333,5.66,19.92,7.42,14.25,0.8,59.11,6.06,78.58,Maize
1248,red,5.5,131.0,1.0,0.0539,0.7,8.0,8.506666667,9.34,12.16666667,10.92666667,25.34333333,28.87,23.33666667,22.28,6.053333333,9.353333333,10.93333333,8.29,1.736666667,5.203333333,17.81666667,5.823333333,36.06,0.77,59.11,5.41,77.29,Maize
1249,brown,6.2,853.0,15.0,0.216,2.2,8.0,8.506666667,9.34,12.16666667,10.92666667,25.34333333,28.87,23.33666667,22.28,6.053333333,9.353333333,10.93333333,8.29,1.736666667,5.203333333,17.81666667,5.823333333,36.06,0.77,59.11,5.41,77.29,Maize
1250,brown,6.0,731.0,4.0,0.2119,2.1,8.0,8.506666667,9.34,12.16666667,10.92666667,25.34333333,28.87,23.33666667,22.28,6.053333333,9.353333333,10.93333333,8.29,1.736666667,5.203333333,17.81666667,5.823333333,36.06,0.77,59.11,5.41,77.29,Maize
1251,red,5.2,223.0,2.0,0.2158,1.2,12.0,8.566666667,9.663333333,12.73666667,11.78,25.88333333,30.05666667,23.65,22.84666667,6.626666667,10.35,11.17333333,9.1,1.343333333,5.66,19.92,7.42,14.25,0.8,59.11,6.06,78.58,Maize
1252,red,5.3,232.0,3.0,0.2017,1.1,14.0,8.566666667,9.663333333,12.73666667,11.78,25.88333333,30.05666667,23.65,22.84666667,6.626666667,10.35,11.17333333,9.1,1.343333333,5.66,19.92,7.42,14.25,0.8,59.11,6.06,78.58,Maize
1253,other,5.3,279.0,2.0,0.2017,1.2,15.0,8.506666667,9.34,12.16666667,10.92666667,25.34333333,28.87,23.33666667,22.28,6.053333333,9.353333333,10.93333333,8.29,1.736666667,5.203333333,17.81666667,5.823333333,36.06,0.77,59.11,5.41,77.29,Maize
1254,brown,6.2,686.0,12.0,0.1627,3.1,6.0,8.506666667,9.34,12.16666667,10.92666667,25.34333333,28.87,23.33666667,22.28,6.053333333,9.353333333,10.93333333,8.29,1.736666667,5.203333333,17.81666667,5.823333333,36.06,0.77,59.11,5.41,77.29,Maize
1255,black,6.0,571.0,4.0,0.2374,1.9,7.0,8.506666667,9.34,12.16666667,10.92666667,25.34333333,28.87,23.33666667,22.28,6.053333333,9.353333333,10.93333333,8.29,1.736666667,5.203333333,17.81666667,5.823333333,36.06,0.77,59.11,5.41,77.29,Maize
1256,other,5.2,221.0,2.0,0.2158,1.1,13.0,8.566666667,9.663333333,12.73666667,11.78,25.88333333,30.05666667,23.65,22.84666667,6.626666667,10.35,11.17333333,9.1,1.343333333,5.66,19.92,7.42,14.25,0.8,59.11,6.06,78.58,Maize
1257,red,5.2,179.0,2.0,0.2158,1.2,16.0,8.566666667,9.663333333,12.73666667,11.78,25.88333333,30.05666667,23.65,22.84666667,6.626666667,10.35,11.17333333,9.1,1.343333333,5.66,19.92,7.42,14.25,0.8,59.11,6.06,78.58,Maize
1258,red,5.2,132.0,1.0,0.2158,1.3,11.0,8.383333333,9.543333333,13.49,12.63666667,29.17333333,33.1,26.3,25.15333333,8.533333333,13.18333333,13.02666667,11.33666667,0.413333333,4.41,16.62,5.43,0.06,0.7,48.62,6.21,81.38,Maize
1259,red,5.2,257.0,2.0,0.2158,1.2,11.0,8.383333333,9.543333333,13.49,12.63666667,29.17333333,33.1,26.3,25.15333333,8.533333333,13.18333333,13.02666667,11.33666667,0.413333333,4.41,16.62,5.43,0.06,0.7,48.62,6.21,81.38,Maize
1260,brown,5.3,440.0,3.0,0.2017,1.9,5.0,8.343333333,9.276666667,12.83666667,11.43333333,28.11333333,31.15666667,25.52666667,24.43,8.733333333,12.25333333,12.97666667,10.7,0.873333333,4.013333333,15.06,4.36,3.44,0.7,48.62,6.1,79.61,Maize
1261,other,5.2,431.0,3.0,0.2158,1.1,12.0,8.383333333,9.543333333,13.49,12.63666667,29.17333333,33.1,26.3,25.15333333,8.533333333,13.18333333,13.02666667,11.33666667,0.413333333,4.41,16.62,5.43,0.06,0.7,48.62,6.21,81.38,Maize
1262,red,5.3,354.0,4.0,0.2017,1.3,12.0,8.383333333,9.543333333,13.49,12.63666667,29.17333333,33.1,26.3,25.15333333,8.533333333,13.18333333,13.02666667,11.33666667,0.413333333,4.41,16.62,5.43,0.06,0.7,48.62,6.21,81.38,Maize
1263,brown,5.3,176.0,3.0,0.2017,1.4,7.0,8.343333333,9.276666667,12.83666667,11.43333333,28.11333333,31.15666667,25.52666667,24.43,8.733333333,12.25333333,12.97666667,10.7,0.873333333,4.013333333,15.06,4.36,3.44,0.7,48.62,6.1,79.61,Maize
1264,brown,5.6,381.0,18.0,0.1376,3.6,6.0,8.343333333,9.276666667,12.83666667,11.43333333,28.11333333,31.15666667,25.52666667,24.43,8.733333333,12.25333333,12.97666667,10.7,0.873333333,4.013333333,15.06,4.36,3.44,0.7,48.62,6.1,79.61,Maize
1265,red,5.3,146.0,2.0,0.2017,1.3,4.0,8.343333333,9.276666667,12.83666667,11.43333333,28.11333333,31.15666667,25.52666667,24.43,8.733333333,12.25333333,12.97666667,10.7,0.873333333,4.013333333,15.06,4.36,3.44,0.7,48.62,6.1,79.61,Maize
1266,red,5.2,196.0,4.0,0.2158,0.6,17.0,8.383333333,9.543333333,13.49,12.63666667,29.17333333,33.1,26.3,25.15333333,8.533333333,13.18333333,13.02666667,11.33666667,0.413333333,4.41,16.62,5.43,0.06,0.7,48.62,6.21,81.38,Maize
1267,other,5.2,209.0,3.0,0.2158,0.6,13.0,8.383333333,9.543333333,13.49,12.63666667,29.17333333,33.1,26.3,25.15333333,8.533333333,13.18333333,13.02666667,11.33666667,0.413333333,4.41,16.62,5.43,0.06,0.7,48.62,6.21,81.38,Maize
1268,red,5.2,232.0,3.0,0.2158,0.8,19.0,8.383333333,9.543333333,13.49,12.63666667,29.17333333,33.1,26.3,25.15333333,8.533333333,13.18333333,13.02666667,11.33666667,0.413333333,4.41,16.62,5.43,0.06,0.7,48.62,6.21,81.38,Maize
1269,red,5.2,543.0,3.0,0.2158,1.1,11.0,8.383333333,9.543333333,13.49,12.63666667,29.17333333,33.1,26.3,25.15333333,8.533333333,13.18333333,13.02666667,11.33666667,0.413333333,4.41,16.62,5.43,0.06,0.7,48.62,6.21,81.38,Maize
1270,red,5.3,262.0,7.0,0.2017,1.3,19.0,8.343333333,9.276666667,12.83666667,11.43333333,28.11333333,31.15666667,25.52666667,24.43,8.733333333,12.25333333,12.97666667,10.7,0.873333333,4.013333333,15.06,4.36,3.44,0.7,48.62,6.1,79.61,Maize
1271,red,5.3,332.0,3.0,0.1641,1.8,9.0,8.343333333,9.276666667,12.83666667,11.43333333,28.11333333,31.15666667,25.52666667,24.43,8.733333333,12.25333333,12.97666667,10.7,0.873333333,4.013333333,15.06,4.36,3.44,0.7,48.62,6.1,79.61,Maize
1272,red,5.3,340.0,2.0,0.2017,1.6,14.0,8.343333333,9.276666667,12.83666667,11.43333333,28.11333333,31.15666667,25.52666667,24.43,8.733333333,12.25333333,12.97666667,10.7,0.873333333,4.013333333,15.06,4.36,3.44,0.7,48.62,6.1,79.61,Maize
1273,red,5.3,333.0,4.0,0.2017,1.8,16.0,8.343333333,9.276666667,12.83666667,11.43333333,28.11333333,31.15666667,25.52666667,24.43,8.733333333,12.25333333,12.97666667,10.7,0.873333333,4.013333333,15.06,4.36,3.44,0.7,48.62,6.1,79.61,Maize
1274,red,5.3,206.0,3.0,0.2017,1.3,17.0,8.383333333,9.543333333,13.49,12.63666667,29.17333333,33.1,26.3,25.15333333,8.533333333,13.18333333,13.02666667,11.33666667,0.413333333,4.41,16.62,5.43,0.06,0.7,48.62,6.21,81.38,Maize
1275,red,5.2,352.0,6.0,0.2489,1.7,12.0,8.383333333,9.543333333,13.49,12.63666667,29.17333333,33.1,26.3,25.15333333,8.533333333,13.18333333,13.02666667,11.33666667,0.413333333,4.41,16.62,5.43,0.06,0.7,48.62,6.21,81.38,Maize
1276,brown,6.0,459.0,5.0,0.1153,2.5,7.0,8.343333333,9.276666667,12.83666667,11.43333333,28.11333333,31.15666667,25.52666667,24.43,8.733333333,12.25333333,12.97666667,10.7,0.873333333,4.013333333,15.06,4.36,3.44,0.7,48.62,6.1,79.61,Maize
1277,red,5.3,242.0,3.0,0.2017,2.7,18.0,8.383333333,9.543333333,13.49,12.63666667,29.17333333,33.1,26.3,25.15333333,8.533333333,13.18333333,13.02666667,11.33666667,0.413333333,4.41,16.62,5.43,0.06,0.7,48.62,6.21,81.38,Maize
1278,red,5.6,211.0,2.0,0.2175,0.9,14.0,8.383333333,9.543333333,13.49,12.63666667,29.17333333,33.1,26.3,25.15333333,8.533333333,13.18333333,13.02666667,11.33666667,0.413333333,4.41,16.62,5.43,0.06,0.7,48.62,6.21,81.38,Maize
1279,red,5.8,459.0,24.0,0.1398,2.6,10.0,8.343333333,9.276666667,12.83666667,11.43333333,28.11333333,31.15666667,25.52666667,24.43,8.733333333,12.25333333,12.97666667,10.7,0.873333333,4.013333333,15.06,4.36,3.44,0.7,48.62,6.1,79.61,Maize
1280,red,5.2,218.0,2.0,0.2158,1.1,21.0,8.383333333,9.543333333,13.49,12.63666667,29.17333333,33.1,26.3,25.15333333,8.533333333,13.18333333,13.02666667,11.33666667,0.413333333,4.41,16.62,5.43,0.06,0.7,48.62,6.21,81.38,Maize
1281,brown,6.4,951.0,7.0,0.1606,3.0,10.0,8.343333333,9.276666667,12.83666667,11.43333333,28.11333333,31.15666667,25.52666667,24.43,8.733333333,12.25333333,12.97666667,10.7,0.873333333,4.013333333,15.06,4.36,3.44,0.7,48.62,6.1,79.61,Maize
1282,red,5.3,267.0,3.0,0.2017,1.7,15.0,8.383333333,9.543333333,13.49,12.63666667,29.17333333,33.1,26.3,25.15333333,8.533333333,13.18333333,13.02666667,11.33666667,0.413333333,4.41,16.62,5.43,0.06,0.7,48.62,6.21,81.38,Maize
1283,red,5.2,243.0,3.0,0.2489,1.9,13.0,8.383333333,9.543333333,13.49,12.63666667,29.17333333,33.1,26.3,25.15333333,8.533333333,13.18333333,13.02666667,11.33666667,0.413333333,4.41,16.62,5.43,0.06,0.7,48.62,6.21,81.38,Maize
1284,red,5.4,356.0,6.0,0.1501,2.6,8.0,8.343333333,9.276666667,12.83666667,11.43333333,28.11333333,31.15666667,25.52666667,24.43,8.733333333,12.25333333,12.97666667,10.7,0.873333333,4.013333333,15.06,4.36,3.44,0.7,48.62,6.1,79.61,Maize
1285,red,5.2,255.0,4.0,0.2489,1.7,16.0,8.383333333,9.543333333,13.49,12.63666667,29.17333333,33.1,26.3,25.15333333,8.533333333,13.18333333,13.02666667,11.33666667,0.413333333,4.41,16.62,5.43,0.06,0.7,48.62,6.21,81.38,Maize
1286,brown,5.8,500.0,3.0,0.1624,1.6,9.0,8.343333333,9.276666667,12.83666667,11.43333333,28.11333333,31.15666667,25.52666667,24.43,8.733333333,12.25333333,12.97666667,10.7,0.873333333,4.013333333,15.06,4.36,3.44,0.7,48.62,6.1,79.61,Maize
1287,red,5.5,423.0,3.0,0.2498,1.9,10.0,8.383333333,9.543333333,13.49,12.63666667,29.17333333,33.1,26.3,25.15333333,8.533333333,13.18333333,13.02666667,11.33666667,0.413333333,4.41,16.62,5.43,0.06,0.7,48.62,6.21,81.38,Maize
1288,red,5.3,102.0,2.0,0.2017,1.0,17.0,8.343333333,9.276666667,12.83666667,11.43333333,28.11333333,31.15666667,25.52666667,24.43,8.733333333,12.25333333,12.97666667,10.7,0.873333333,4.013333333,15.06,4.36,3.44,0.7,48.62,6.1,79.61,Maize
1289,red,5.3,649.0,6.0,0.2017,3.4,11.0,8.343333333,9.276666667,12.83666667,11.43333333,28.11333333,31.15666667,25.52666667,24.43,8.733333333,12.25333333,12.97666667,10.7,0.873333333,4.013333333,15.06,4.36,3.44,0.7,48.62,6.1,79.61,Maize
1290,red,5.3,102.0,1.0,0.1553,1.3,16.0,8.383333333,9.543333333,13.49,12.63666667,29.17333333,33.1,26.3,25.15333333,8.533333333,13.18333333,13.02666667,11.33666667,0.413333333,4.41,16.62,5.43,0.06,0.7,48.62,6.21,81.38,Maize
1291,black,6.5,636.0,5.0,0.1024,1.7,6.0,8.343333333,9.276666667,12.83666667,11.43333333,28.11333333,31.15666667,25.52666667,24.43,8.733333333,12.25333333,12.97666667,10.7,0.873333333,4.013333333,15.06,4.36,3.44,0.7,48.62,6.1,79.61,Maize
1292,red,5.3,430.0,3.0,0.1907,1.8,14.0,8.383333333,9.543333333,13.49,12.63666667,29.17333333,33.1,26.3,25.15333333,8.533333333,13.18333333,13.02666667,11.33666667,0.413333333,4.41,16.62,5.43,0.06,0.7,48.62,6.21,81.38,Maize
1293,red,5.3,368.0,4.0,0.2017,1.8,19.0,8.343333333,9.276666667,12.83666667,11.43333333,28.11333333,31.15666667,25.52666667,24.43,8.733333333,12.25333333,12.97666667,10.7,0.873333333,4.013333333,15.06,4.36,3.44,0.7,48.62,6.1,79.61,Maize
1294,red,5.2,346.0,3.0,0.2087,1.5,15.0,8.383333333,9.543333333,13.49,12.63666667,29.17333333,33.1,26.3,25.15333333,8.533333333,13.18333333,13.02666667,11.33666667,0.413333333,4.41,16.62,5.43,0.06,0.7,48.62,6.21,81.38,Maize
1295,red,4.8,462.0,2.0,0.2478,1.7,10.0,8.343333333,9.276666667,12.83666667,11.43333333,28.11333333,31.15666667,25.52666667,24.43,8.733333333,12.25333333,12.97666667,10.7,0.873333333,4.013333333,15.06,4.36,3.44,0.7,48.62,6.1,79.61,Maize
1296,red,5.5,233.0,3.0,0.1273,1.0,18.0,8.383333333,9.543333333,13.49,12.63666667,29.17333333,33.1,26.3,25.15333333,8.533333333,13.18333333,13.02666667,11.33666667,0.413333333,4.41,16.62,5.43,0.06,0.7,48.62,6.21,81.38,Maize
1297,red,5.5,185.0,1.0,0.152,0.9,12.0,8.383333333,9.543333333,13.49,12.63666667,29.17333333,33.1,26.3,25.15333333,8.533333333,13.18333333,13.02666667,11.33666667,0.413333333,4.41,16.62,5.43,0.06,0.7,48.62,6.21,81.38,Maize
1298,red,4.9,136.0,2.0,0.2124,1.3,20.0,8.383333333,9.543333333,13.49,12.63666667,29.17333333,33.1,26.3,25.15333333,8.533333333,13.18333333,13.02666667,11.33666667,0.413333333,4.41,16.62,5.43,0.06,0.7,48.62,6.21,81.38,Maize
1299,red,5.2,137.0,1.0,0.1674,0.9,15.0,8.383333333,9.543333333,13.49,12.63666667,29.17333333,33.1,26.3,25.15333333,8.533333333,13.18333333,13.02666667,11.33666667,0.413333333,4.41,16.62,5.43,0.06,0.7,48.62,6.21,81.38,Maize
1300,brown,5.5,645.0,4.0,0.1512,1.6,9.0,8.343333333,9.276666667,12.83666667,11.43333333,28.11333333,31.15666667,25.52666667,24.43,8.733333333,12.25333333,12.97666667,10.7,0.873333333,4.013333333,15.06,4.36,3.44,0.7,48.62,6.1,79.61,Maize
1301,red,4.9,331.0,3.0,0.2053,1.5,14.0,8.383333333,9.543333333,13.49,12.63666667,29.17333333,33.1,26.3,25.15333333,8.533333333,13.18333333,13.02666667,11.33666667,0.413333333,4.41,16.62,5.43,0.06,0.7,48.62,6.21,81.38,Maize
1302,red,5.1,308.0,2.0,0.2344,0.9,12.0,8.343333333,9.276666667,12.83666667,11.43333333,28.11333333,31.15666667,25.52666667,24.43,8.733333333,12.25333333,12.97666667,10.7,0.873333333,4.013333333,15.06,4.36,3.44,0.7,48.62,6.1,79.61,Maize
1303,brown,5.2,139.0,3.0,0.2144,0.8,14.0,8.383333333,9.543333333,13.49,12.63666667,29.17333333,33.1,26.3,25.15333333,8.533333333,13.18333333,13.02666667,11.33666667,0.413333333,4.41,16.62,5.43,0.06,0.7,48.62,6.21,81.38,Maize
1304,red,5.1,261.0,2.0,0.2344,1.6,14.0,8.343333333,9.276666667,12.83666667,11.43333333,28.11333333,31.15666667,25.52666667,24.43,8.733333333,12.25333333,12.97666667,10.7,0.873333333,4.013333333,15.06,4.36,3.44,0.7,48.62,6.1,79.61,Maize
1305,red,5.1,296.0,2.0,0.2344,2.1,10.0,8.343333333,9.276666667,12.83666667,11.43333333,28.11333333,31.15666667,25.52666667,24.43,8.733333333,12.25333333,12.97666667,10.7,0.873333333,4.013333333,15.06,4.36,3.44,0.7,48.62,6.1,79.61,Maize
1306,red,5.4,302.0,2.0,0.2144,1.5,13.0,8.383333333,9.543333333,13.49,12.63666667,29.17333333,33.1,26.3,25.15333333,8.533333333,13.18333333,13.02666667,11.33666667,0.413333333,4.41,16.62,5.43,0.06,0.7,48.62,6.21,81.38,Maize
1307,red,4.5,214.0,2.0,0.2071,1.0,15.0,8.383333333,9.543333333,13.49,12.63666667,29.17333333,33.1,26.3,25.15333333,8.533333333,13.18333333,13.02666667,11.33666667,0.413333333,4.41,16.62,5.43,0.06,0.7,48.62,6.21,81.38,Maize
1308,brown,5.1,328.0,2.0,0.1755,1.0,9.0,8.383333333,9.543333333,13.49,12.63666667,29.17333333,33.1,26.3,25.15333333,8.533333333,13.18333333,13.02666667,11.33666667,0.413333333,4.41,16.62,5.43,0.06,0.7,48.62,6.21,81.38,Maize
1309,red,4.8,276.0,2.0,0.1904,1.6,10.0,8.383333333,9.543333333,13.49,12.63666667,29.17333333,33.1,26.3,25.15333333,8.533333333,13.18333333,13.02666667,11.33666667,0.413333333,4.41,16.62,5.43,0.06,0.7,48.62,6.21,81.38,Maize
1310,black,5.1,153.0,4.0,0.2344,1.9,14.0,8.343333333,9.276666667,12.83666667,11.43333333,28.11333333,31.15666667,25.52666667,24.43,8.733333333,12.25333333,12.97666667,10.7,0.873333333,4.013333333,15.06,4.36,3.44,0.7,48.62,6.1,79.61,Maize
1311,red,5.1,368.0,8.0,0.2344,2.1,13.0,8.383333333,9.543333333,13.49,12.63666667,29.17333333,33.1,26.3,25.15333333,8.533333333,13.18333333,13.02666667,11.33666667,0.413333333,4.41,16.62,5.43,0.06,0.7,48.62,6.21,81.38,Maize
1312,brown,5.3,128.0,2.0,0.2083,0.9,13.0,8.383333333,9.543333333,13.49,12.63666667,29.17333333,33.1,26.3,25.15333333,8.533333333,13.18333333,13.02666667,11.33666667,0.413333333,4.41,16.62,5.43,0.06,0.7,48.62,6.21,81.38,Maize
1313,red,5.1,694.0,5.0,0.2344,3.4,6.0,8.343333333,9.276666667,12.83666667,11.43333333,28.11333333,31.15666667,25.52666667,24.43,8.733333333,12.25333333,12.97666667,10.7,0.873333333,4.013333333,15.06,4.36,3.44,0.7,48.62,6.1,79.61,Maize
1314,red,5.1,375.0,3.0,0.2344,2.3,9.0,8.343333333,9.276666667,12.83666667,11.43333333,28.11333333,31.15666667,25.52666667,24.43,8.733333333,12.25333333,12.97666667,10.7,0.873333333,4.013333333,15.06,4.36,3.44,0.7,48.62,6.1,79.61,Maize
1315,red,5.1,564.0,4.0,0.2344,3.3,10.0,8.383333333,9.543333333,13.49,12.63666667,29.17333333,33.1,26.3,25.15333333,8.533333333,13.18333333,13.02666667,11.33666667,0.413333333,4.41,16.62,5.43,0.06,0.7,48.62,6.21,81.38,Maize
1316,red,5.1,404.0,13.0,0.2344,2.8,9.0,8.383333333,9.543333333,13.49,12.63666667,29.17333333,33.1,26.3,25.15333333,8.533333333,13.18333333,13.02666667,11.33666667,0.413333333,4.41,16.62,5.43,0.06,0.7,48.62,6.21,81.38,Maize
1317,red,4.8,337.0,10.0,0.2225,0.9,13.0,8.383333333,9.543333333,13.49,12.63666667,29.17333333,33.1,26.3,25.15333333,8.533333333,13.18333333,13.02666667,11.33666667,0.413333333,4.41,16.62,5.43,0.06,0.7,48.62,6.21,81.38,Maize
1318,red,4.9,220.0,1.0,0.183,1.0,8.0,8.383333333,9.543333333,13.49,12.63666667,29.17333333,33.1,26.3,25.15333333,8.533333333,13.18333333,13.02666667,11.33666667,0.413333333,4.41,16.62,5.43,0.06,0.7,48.62,6.21,81.38,Maize
1319,brown,5.2,189.0,2.0,0.177,0.8,17.0,8.383333333,9.543333333,13.49,12.63666667,29.17333333,33.1,26.3,25.15333333,8.533333333,13.18333333,13.02666667,11.33666667,0.413333333,4.41,16.62,5.43,0.06,0.7,48.62,6.21,81.38,Maize
1320,red,5.4,964.0,5.0,0.2406,1.9,11.0,8.383333333,9.543333333,13.49,12.63666667,29.17333333,33.1,26.3,25.15333333,8.533333333,13.18333333,13.02666667,11.33666667,0.413333333,4.41,16.62,5.43,0.06,0.7,48.62,6.21,81.38,Maize
1321,reddish brown,5.54,439.0,2.12,0.2,1.68,8.31,8.343333333,9.276666667,12.83666667,11.43333333,28.11333333,31.15666667,25.52666667,24.43,8.733333333,12.25333333,12.97666667,10.7,0.873333333,4.013333333,15.06,4.36,3.44,0.7,48.62,6.1,79.61,Maize
1322,red,5.2,169.0,2.0,0.2104,1.6,14.0,8.383333333,9.543333333,13.49,12.63666667,29.17333333,33.1,26.3,25.15333333,8.533333333,13.18333333,13.02666667,11.33666667,0.413333333,4.41,16.62,5.43,0.06,0.7,48.62,6.21,81.38,Maize
1323,red,4.9,431.0,2.0,0.2225,1.7,11.0,8.383333333,9.543333333,13.49,12.63666667,29.17333333,33.1,26.3,25.15333333,8.533333333,13.18333333,13.02666667,11.33666667,0.413333333,4.41,16.62,5.43,0.06,0.7,48.62,6.21,81.38,Maize
1324,red,5.1,1116.0,6.0,0.2344,3.6,10.0,8.383333333,9.543333333,13.49,12.63666667,29.17333333,33.1,26.3,25.15333333,8.533333333,13.18333333,13.02666667,11.33666667,0.413333333,4.41,16.62,5.43,0.06,0.7,48.62,6.21,81.38,Maize
1325,brown,5.8,560.0,6.0,0.1853,1.7,8.0,8.343333333,9.276666667,12.83666667,11.43333333,28.11333333,31.15666667,25.52666667,24.43,8.733333333,12.25333333,12.97666667,10.7,0.873333333,4.013333333,15.06,4.36,3.44,0.7,48.62,6.1,79.61,Maize
1326,red,5.6,285.0,6.0,0.1963,1.1,12.0,8.383333333,9.543333333,13.49,12.63666667,29.17333333,33.1,26.3,25.15333333,8.533333333,13.18333333,13.02666667,11.33666667,0.413333333,4.41,16.62,5.43,0.06,0.7,48.62,6.21,81.38,Maize
1327,red,5.1,116.0,2.0,0.1085,1.4,9.0,8.383333333,9.543333333,13.49,12.63666667,29.17333333,33.1,26.3,25.15333333,8.533333333,13.18333333,13.02666667,11.33666667,0.413333333,4.41,16.62,5.43,0.06,0.7,48.62,6.21,81.38,Maize
1328,red,5.0,389.0,2.0,0.2312,2.6,11.0,8.383333333,9.543333333,13.49,12.63666667,29.17333333,33.1,26.3,25.15333333,8.533333333,13.18333333,13.02666667,11.33666667,0.413333333,4.41,16.62,5.43,0.06,0.7,48.62,6.21,81.38,Maize
1329,brown,4.9,309.0,1.0,0.1922,0.7,13.0,8.383333333,9.543333333,13.49,12.63666667,29.17333333,33.1,26.3,25.15333333,8.533333333,13.18333333,13.02666667,11.33666667,0.413333333,4.41,16.62,5.43,0.06,0.7,48.62,6.21,81.38,Maize
1330,brown,5.7,270.0,2.0,0.2012,1.0,10.0,8.383333333,9.543333333,13.49,12.63666667,29.17333333,33.1,26.3,25.15333333,8.533333333,13.18333333,13.02666667,11.33666667,0.413333333,4.41,16.62,5.43,0.06,0.7,48.62,6.21,81.38,Maize
1331,red,5.1,359.0,3.0,0.2076,2.2,11.0,8.383333333,9.543333333,13.49,12.63666667,29.17333333,33.1,26.3,25.15333333,8.533333333,13.18333333,13.02666667,11.33666667,0.413333333,4.41,16.62,5.43,0.06,0.7,48.62,6.21,81.38,Maize
1332,red,5.4,593.0,5.0,0.2306,1.8,11.0,8.383333333,9.543333333,13.49,12.63666667,29.17333333,33.1,26.3,25.15333333,8.533333333,13.18333333,13.02666667,11.33666667,0.413333333,4.41,16.62,5.43,0.06,0.7,48.62,6.21,81.38,Maize
1333,red,4.6,298.0,4.0,0.234,2.8,11.0,8.383333333,9.543333333,13.49,12.63666667,29.17333333,33.1,26.3,25.15333333,8.533333333,13.18333333,13.02666667,11.33666667,0.413333333,4.41,16.62,5.43,0.06,0.7,48.62,6.21,81.38,Maize
1334,red,5.8,770.0,28.0,0.2417,4.4,10.0,8.343333333,9.276666667,12.83666667,11.43333333,28.11333333,31.15666667,25.52666667,24.43,8.733333333,12.25333333,12.97666667,10.7,0.873333333,4.013333333,15.06,4.36,3.44,0.7,48.62,6.1,79.61,Maize
1335,red,5.1,256.0,2.0,0.2208,1.8,11.0,8.383333333,9.543333333,13.49,12.63666667,29.17333333,33.1,26.3,25.15333333,8.533333333,13.18333333,13.02666667,11.33666667,0.413333333,4.41,16.62,5.43,0.06,0.7,48.62,6.21,81.38,Maize
1336,red,5.1,721.0,4.0,0.2344,2.4,6.0,8.383333333,9.543333333,13.49,12.63666667,29.17333333,33.1,26.3,25.15333333,8.533333333,13.18333333,13.02666667,11.33666667,0.413333333,4.41,16.62,5.43,0.06,0.7,48.62,6.21,81.38,Maize
1337,brown,5.1,634.0,4.0,0.2344,3.6,4.0,8.343333333,9.276666667,12.83666667,11.43333333,28.11333333,31.15666667,25.52666667,24.43,8.733333333,12.25333333,12.97666667,10.7,0.873333333,4.013333333,15.06,4.36,3.44,0.7,48.62,6.1,79.61,Maize
1338,red,5.1,832.0,5.0,0.2344,4.8,5.0,8.343333333,9.276666667,12.83666667,11.43333333,28.11333333,31.15666667,25.52666667,24.43,8.733333333,12.25333333,12.97666667,10.7,0.873333333,4.013333333,15.06,4.36,3.44,0.7,48.62,6.1,79.61,Maize
1339,red,4.8,155.0,3.0,0.1743,1.2,15.0,8.343333333,9.276666667,12.83666667,11.43333333,28.11333333,31.15666667,25.52666667,24.43,8.733333333,12.25333333,12.97666667,10.7,0.873333333,4.013333333,15.06,4.36,3.44,0.7,48.62,6.1,79.61,Maize
1340,red,4.9,88.0,2.0,0.1419,1.0,19.0,8.383333333,9.543333333,13.49,12.63666667,29.17333333,33.1,26.3,25.15333333,8.533333333,13.18333333,13.02666667,11.33666667,0.413333333,4.41,16.62,5.43,0.06,0.7,48.62,6.21,81.38,Maize
1341,red,5.2,309.0,4.0,0.2241,2.7,13.0,8.383333333,9.543333333,13.49,12.63666667,29.17333333,33.1,26.3,25.15333333,8.533333333,13.18333333,13.02666667,11.33666667,0.413333333,4.41,16.62,5.43,0.06,0.7,48.62,6.21,81.38,Maize
1342,black,5.1,293.0,2.0,0.2344,1.6,10.0,8.343333333,9.276666667,12.83666667,11.43333333,28.11333333,31.15666667,25.52666667,24.43,8.733333333,12.25333333,12.97666667,10.7,0.873333333,4.013333333,15.06,4.36,3.44,0.7,48.62,6.1,79.61,Maize
1343,red,5.4,703.0,6.0,0.2312,2.5,9.0,8.383333333,9.543333333,13.49,12.63666667,29.17333333,33.1,26.3,25.15333333,8.533333333,13.18333333,13.02666667,11.33666667,0.413333333,4.41,16.62,5.43,0.06,0.7,48.62,6.21,81.38,Maize
1344,red,4.9,264.0,22.0,0.2178,1.7,13.0,8.383333333,9.543333333,13.49,12.63666667,29.17333333,33.1,26.3,25.15333333,8.533333333,13.18333333,13.02666667,11.33666667,0.413333333,4.41,16.62,5.43,0.06,0.7,48.62,6.21,81.38,Maize
1345,other,5.2,542.0,8.0,0.1745,3.6,3.0,8.383333333,9.543333333,13.49,12.63666667,29.17333333,33.1,26.3,25.15333333,8.533333333,13.18333333,13.02666667,11.33666667,0.413333333,4.41,16.62,5.43,0.06,0.7,48.62,6.21,81.38,Maize
1346,red,5.3,369.0,3.0,0.2032,1.3,13.0,8.383333333,9.543333333,13.49,12.63666667,29.17333333,33.1,26.3,25.15333333,8.533333333,13.18333333,13.02666667,11.33666667,0.413333333,4.41,16.62,5.43,0.06,0.7,48.62,6.21,81.38,Maize
1347,red,5.1,358.0,3.0,0.2344,2.1,7.0,8.343333333,9.276666667,12.83666667,11.43333333,28.11333333,31.15666667,25.52666667,24.43,8.733333333,12.25333333,12.97666667,10.7,0.873333333,4.013333333,15.06,4.36,3.44,0.7,48.62,6.1,79.61,Maize
1348,red,4.7,174.0,4.0,0.1772,1.3,17.0,8.383333333,9.543333333,13.49,12.63666667,29.17333333,33.1,26.3,25.15333333,8.533333333,13.18333333,13.02666667,11.33666667,0.413333333,4.41,16.62,5.43,0.06,0.7,48.62,6.21,81.38,Maize
1349,black,5.1,260.0,1.0,0.2344,2.4,0.5,8.343333333,9.276666667,12.83666667,11.43333333,28.11333333,31.15666667,25.52666667,24.43,8.733333333,12.25333333,12.97666667,10.7,0.873333333,4.013333333,15.06,4.36,3.44,0.7,48.62,6.1,79.61,Maize
1350,black,5.1,298.0,2.0,0.2344,1.9,0.5,8.343333333,9.276666667,12.83666667,11.43333333,28.11333333,31.15666667,25.52666667,24.43,8.733333333,12.25333333,12.97666667,10.7,0.873333333,4.013333333,15.06,4.36,3.44,0.7,48.62,6.1,79.61,Maize
1351,red,5.6,614.0,11.0,0.2407,4.3,3.0,8.383333333,9.543333333,13.49,12.63666667,29.17333333,33.1,26.3,25.15333333,8.533333333,13.18333333,13.02666667,11.33666667,0.413333333,4.41,16.62,5.43,0.06,0.7,48.62,6.21,81.38,Maize
1352,red,5.6,566.0,11.0,0.2407,2.2,11.0,8.383333333,9.543333333,13.49,12.63666667,29.17333333,33.1,26.3,25.15333333,8.533333333,13.18333333,13.02666667,11.33666667,0.413333333,4.41,16.62,5.43,0.06,0.7,48.62,6.21,81.38,Maize
1353,red,4.8,99.0,2.0,0.22,0.9,17.0,8.383333333,9.543333333,13.49,12.63666667,29.17333333,33.1,26.3,25.15333333,8.533333333,13.18333333,13.02666667,11.33666667,0.413333333,4.41,16.62,5.43,0.06,0.7,48.62,6.21,81.38,Maize
1354,red,5.1,254.0,3.0,0.201,1.5,14.0,8.383333333,9.543333333,13.49,12.63666667,29.17333333,33.1,26.3,25.15333333,8.533333333,13.18333333,13.02666667,11.33666667,0.413333333,4.41,16.62,5.43,0.06,0.7,48.62,6.21,81.38,Maize
1355,red,5.3,405.0,4.0,0.235,1.8,9.0,8.383333333,9.543333333,13.49,12.63666667,29.17333333,33.1,26.3,25.15333333,8.533333333,13.18333333,13.02666667,11.33666667,0.413333333,4.41,16.62,5.43,0.06,0.7,48.62,6.21,81.38,Maize
1356,red,5.6,290.0,3.0,0.2407,1.6,11.0,8.383333333,9.543333333,13.49,12.63666667,29.17333333,33.1,26.3,25.15333333,8.533333333,13.18333333,13.02666667,11.33666667,0.413333333,4.41,16.62,5.43,0.06,0.7,48.62,6.21,81.38,Maize
1357,red,5.8,519.0,6.0,0.262,2.0,11.0,8.383333333,9.543333333,13.49,12.63666667,29.17333333,33.1,26.3,25.15333333,8.533333333,13.18333333,13.02666667,11.33666667,0.413333333,4.41,16.62,5.43,0.06,0.7,48.62,6.21,81.38,Maize
1358,red,5.1,238.0,6.0,0.197,1.6,15.0,8.383333333,9.543333333,13.49,12.63666667,29.17333333,33.1,26.3,25.15333333,8.533333333,13.18333333,13.02666667,11.33666667,0.413333333,4.41,16.62,5.43,0.06,0.7,48.62,6.21,81.38,Maize
1359,red,4.9,333.0,4.0,0.0741,2.7,13.0,8.383333333,9.543333333,13.49,12.63666667,29.17333333,33.1,26.3,25.15333333,8.533333333,13.18333333,13.02666667,11.33666667,0.413333333,4.41,16.62,5.43,0.06,0.7,48.62,6.21,81.38,Maize
1360,red,5.1,378.0,3.0,0.2344,1.8,8.0,8.383333333,9.543333333,13.49,12.63666667,29.17333333,33.1,26.3,25.15333333,8.533333333,13.18333333,13.02666667,11.33666667,0.413333333,4.41,16.62,5.43,0.06,0.7,48.62,6.21,81.38,Maize
1361,brown,5.0,430.0,4.0,0.1866,2.3,12.0,8.383333333,9.543333333,13.49,12.63666667,29.17333333,33.1,26.3,25.15333333,8.533333333,13.18333333,13.02666667,11.33666667,0.413333333,4.41,16.62,5.43,0.06,0.7,48.62,6.21,81.38,Maize
1362,red,5.1,406.0,2.0,0.257,1.6,11.0,8.383333333,9.543333333,13.49,12.63666667,29.17333333,33.1,26.3,25.15333333,8.533333333,13.18333333,13.02666667,11.33666667,0.413333333,4.41,16.62,5.43,0.06,0.7,48.62,6.21,81.38,Maize
1363,brown,5.5,862.0,3.0,0.2338,3.1,12.0,8.383333333,9.543333333,13.49,12.63666667,29.17333333,33.1,26.3,25.15333333,8.533333333,13.18333333,13.02666667,11.33666667,0.413333333,4.41,16.62,5.43,0.06,0.7,48.62,6.21,81.38,Maize
1364,red,4.8,348.0,2.0,0.21,2.7,14.0,8.383333333,9.543333333,13.49,12.63666667,29.17333333,33.1,26.3,25.15333333,8.533333333,13.18333333,13.02666667,11.33666667,0.413333333,4.41,16.62,5.43,0.06,0.7,48.62,6.21,81.38,Maize
1365,red,4.7,149.0,2.0,0.215,0.8,19.0,8.383333333,9.543333333,13.49,12.63666667,29.17333333,33.1,26.3,25.15333333,8.533333333,13.18333333,13.02666667,11.33666667,0.413333333,4.41,16.62,5.43,0.06,0.7,48.62,6.21,81.38,Maize
1366,red,5.1,397.0,6.0,0.2344,2.7,8.0,8.343333333,9.276666667,12.83666667,11.43333333,28.11333333,31.15666667,25.52666667,24.43,8.733333333,12.25333333,12.97666667,10.7,0.873333333,4.013333333,15.06,4.36,3.44,0.7,48.62,6.1,79.61,Maize
1367,reddish brown,5.45,307.0,0.44,0.14,1.01,11.0,8.343333333,9.276666667,12.83666667,11.43333333,28.11333333,31.15666667,25.52666667,24.43,8.733333333,12.25333333,12.97666667,10.7,0.873333333,4.013333333,15.06,4.36,3.44,0.7,48.62,6.1,79.61,Maize
1368,red,5.1,237.0,3.0,0.2344,2.4,8.0,8.343333333,9.276666667,12.83666667,11.43333333,28.11333333,31.15666667,25.52666667,24.43,8.733333333,12.25333333,12.97666667,10.7,0.873333333,4.013333333,15.06,4.36,3.44,0.7,48.62,6.1,79.61,Maize
1369,red,5.1,262.0,1.0,0.1936,0.6,12.0,8.383333333,9.543333333,13.49,12.63666667,29.17333333,33.1,26.3,25.15333333,8.533333333,13.18333333,13.02666667,11.33666667,0.413333333,4.41,16.62,5.43,0.06,0.7,48.62,6.21,81.38,Maize
1370,red,5.0,84.0,1.0,0.178,1.4,18.0,8.383333333,9.543333333,13.49,12.63666667,29.17333333,33.1,26.3,25.15333333,8.533333333,13.18333333,13.02666667,11.33666667,0.413333333,4.41,16.62,5.43,0.06,0.7,48.62,6.21,81.38,Maize
1371,red,5.1,281.0,3.0,0.2344,1.6,10.0,8.343333333,9.276666667,12.83666667,11.43333333,28.11333333,31.15666667,25.52666667,24.43,8.733333333,12.25333333,12.97666667,10.7,0.873333333,4.013333333,15.06,4.36,3.44,0.7,48.62,6.1,79.61,Maize
1372,red,5.6,360.0,3.0,0.2407,1.4,12.0,8.383333333,9.543333333,13.49,12.63666667,29.17333333,33.1,26.3,25.15333333,8.533333333,13.18333333,13.02666667,11.33666667,0.413333333,4.41,16.62,5.43,0.06,0.7,48.62,6.21,81.38,Maize
1373,red,5.1,113.0,2.0,0.1936,0.9,9.0,8.383333333,9.543333333,13.49,12.63666667,29.17333333,33.1,26.3,25.15333333,8.533333333,13.18333333,13.02666667,11.33666667,0.413333333,4.41,16.62,5.43,0.06,0.7,48.62,6.21,81.38,Maize
1374,red,5.4,330.0,3.0,0.1565,2.7,9.0,8.343333333,9.276666667,12.83666667,11.43333333,28.11333333,31.15666667,25.52666667,24.43,8.733333333,12.25333333,12.97666667,10.7,0.873333333,4.013333333,15.06,4.36,3.44,0.7,48.62,6.1,79.61,Maize
1375,red,5.6,301.0,3.0,0.2407,1.8,6.0,8.383333333,9.543333333,13.49,12.63666667,29.17333333,33.1,26.3,25.15333333,8.533333333,13.18333333,13.02666667,11.33666667,0.413333333,4.41,16.62,5.43,0.06,0.7,48.62,6.21,81.38,Maize
1376,red,4.8,199.0,2.0,0.239,1.0,14.0,8.383333333,9.543333333,13.49,12.63666667,29.17333333,33.1,26.3,25.15333333,8.533333333,13.18333333,13.02666667,11.33666667,0.413333333,4.41,16.62,5.43,0.06,0.7,48.62,6.21,81.38,Maize
1377,red,4.7,218.0,3.0,0.25,0.7,14.0,8.383333333,9.543333333,13.49,12.63666667,29.17333333,33.1,26.3,25.15333333,8.533333333,13.18333333,13.02666667,11.33666667,0.413333333,4.41,16.62,5.43,0.06,0.7,48.62,6.21,81.38,Maize
1378,red,4.9,289.0,2.0,0.232,2.0,13.0,8.383333333,9.543333333,13.49,12.63666667,29.17333333,33.1,26.3,25.15333333,8.533333333,13.18333333,13.02666667,11.33666667,0.413333333,4.41,16.62,5.43,0.06,0.7,48.62,6.21,81.38,Maize
1379,red,4.8,182.0,2.0,0.233,1.0,15.0,8.383333333,9.543333333,13.49,12.63666667,29.17333333,33.1,26.3,25.15333333,8.533333333,13.18333333,13.02666667,11.33666667,0.413333333,4.41,16.62,5.43,0.06,0.7,48.62,6.21,81.38,Maize
1380,red,5.1,454.0,23.0,0.2344,3.3,12.0,8.343333333,9.276666667,12.83666667,11.43333333,28.11333333,31.15666667,25.52666667,24.43,8.733333333,12.25333333,12.97666667,10.7,0.873333333,4.013333333,15.06,4.36,3.44,0.7,48.62,6.1,79.61,Maize
1381,red,5.1,242.0,3.0,0.1975,2.2,14.0,8.383333333,9.543333333,13.49,12.63666667,29.17333333,33.1,26.3,25.15333333,8.533333333,13.18333333,13.02666667,11.33666667,0.413333333,4.41,16.62,5.43,0.06,0.7,48.62,6.21,81.38,Maize
1382,red,6.3,314.0,6.0,0.2776,1.1,7.0,8.383333333,9.543333333,13.49,12.63666667,29.17333333,33.1,26.3,25.15333333,8.533333333,13.18333333,13.02666667,11.33666667,0.413333333,4.41,16.62,5.43,0.06,0.7,48.62,6.21,81.38,Maize
1383,red,6.3,414.0,12.0,0.2776,2.0,5.0,8.383333333,9.543333333,13.49,12.63666667,29.17333333,33.1,26.3,25.15333333,8.533333333,13.18333333,13.02666667,11.33666667,0.413333333,4.41,16.62,5.43,0.06,0.7,48.62,6.21,81.38,Maize
1384,brown,5.1,339.0,4.0,0.221,2.7,10.0,8.383333333,9.543333333,13.49,12.63666667,29.17333333,33.1,26.3,25.15333333,8.533333333,13.18333333,13.02666667,11.33666667,0.413333333,4.41,16.62,5.43,0.06,0.7,48.62,6.21,81.38,Maize
1385,red,5.1,303.0,3.0,0.2344,1.7,11.0,8.343333333,9.276666667,12.83666667,11.43333333,28.11333333,31.15666667,25.52666667,24.43,8.733333333,12.25333333,12.97666667,10.7,0.873333333,4.013333333,15.06,4.36,3.44,0.7,48.62,6.1,79.61,Maize
1386,red,5.1,384.0,2.0,0.228,3.7,11.0,8.383333333,9.543333333,13.49,12.63666667,29.17333333,33.1,26.3,25.15333333,8.533333333,13.18333333,13.02666667,11.33666667,0.413333333,4.41,16.62,5.43,0.06,0.7,48.62,6.21,81.38,Maize
1387,red,5.1,316.0,3.0,0.1936,1.2,16.0,8.343333333,9.276666667,12.83666667,11.43333333,28.11333333,31.15666667,25.52666667,24.43,8.733333333,12.25333333,12.97666667,10.7,0.873333333,4.013333333,15.06,4.36,3.44,0.7,48.62,6.1,79.61,Maize
1388,red,5.1,160.0,2.0,0.2344,0.7,13.0,8.343333333,9.276666667,12.83666667,11.43333333,28.11333333,31.15666667,25.52666667,24.43,8.733333333,12.25333333,12.97666667,10.7,0.873333333,4.013333333,15.06,4.36,3.44,0.7,48.62,6.1,79.61,Maize
1389,brown,6.3,774.0,5.0,0.2776,3.3,9.0,8.383333333,9.543333333,13.49,12.63666667,29.17333333,33.1,26.3,25.15333333,8.533333333,13.18333333,13.02666667,11.33666667,0.413333333,4.41,16.62,5.43,0.06,0.7,48.62,6.21,81.38,Maize
1390,red,5.3,270.0,5.0,0.1978,1.4,14.0,8.383333333,9.543333333,13.49,12.63666667,29.17333333,33.1,26.3,25.15333333,8.533333333,13.18333333,13.02666667,11.33666667,0.413333333,4.41,16.62,5.43,0.06,0.7,48.62,6.21,81.38,Maize
1391,red,4.7,222.0,4.0,0.2359,1.1,20.0,8.383333333,9.543333333,13.49,12.63666667,29.17333333,33.1,26.3,25.15333333,8.533333333,13.18333333,13.02666667,11.33666667,0.413333333,4.41,16.62,5.43,0.06,0.7,48.62,6.21,81.38,Maize
1392,red,5.8,351.0,6.0,0.2022,2.7,10.0,8.383333333,9.543333333,13.49,12.63666667,29.17333333,33.1,26.3,25.15333333,8.533333333,13.18333333,13.02666667,11.33666667,0.413333333,4.41,16.62,5.43,0.06,0.7,48.62,6.21,81.38,Maize
1393,red,5.8,585.0,11.0,0.272,3.5,10.0,8.383333333,9.543333333,13.49,12.63666667,29.17333333,33.1,26.3,25.15333333,8.533333333,13.18333333,13.02666667,11.33666667,0.413333333,4.41,16.62,5.43,0.06,0.7,48.62,6.21,81.38,Maize
1394,red,5.88,352.0,1.53,0.22,1.16,9.38,8.343333333,9.276666667,12.83666667,11.43333333,28.11333333,31.15666667,25.52666667,24.43,8.733333333,12.25333333,12.97666667,10.7,0.873333333,4.013333333,15.06,4.36,3.44,0.7,48.62,6.1,79.61,Maize
1395,reddish brown,6.13,363.0,2.88,0.15,1.81,6.29,8.343333333,9.276666667,12.83666667,11.43333333,28.11333333,31.15666667,25.52666667,24.43,8.733333333,12.25333333,12.97666667,10.7,0.873333333,4.013333333,15.06,4.36,3.44,0.7,48.62,6.1,79.61,Maize
1396,red,5.1,388.0,3.0,0.2187,1.4,11.0,8.383333333,9.543333333,13.49,12.63666667,29.17333333,33.1,26.3,25.15333333,8.533333333,13.18333333,13.02666667,11.33666667,0.413333333,4.41,16.62,5.43,0.06,0.7,48.62,6.21,81.38,Maize
1397,red,5.0,305.0,3.0,0.161,1.0,11.0,8.383333333,9.543333333,13.49,12.63666667,29.17333333,33.1,26.3,25.15333333,8.533333333,13.18333333,13.02666667,11.33666667,0.413333333,4.41,16.62,5.43,0.06,0.7,48.62,6.21,81.38,Maize
1398,red,5.0,340.0,3.0,0.213,1.4,11.0,8.383333333,9.543333333,13.49,12.63666667,29.17333333,33.1,26.3,25.15333333,8.533333333,13.18333333,13.02666667,11.33666667,0.413333333,4.41,16.62,5.43,0.06,0.7,48.62,6.21,81.38,Maize
1399,red,5.0,176.0,5.0,0.2207,0.8,19.0,8.383333333,9.543333333,13.49,12.63666667,29.17333333,33.1,26.3,25.15333333,8.533333333,13.18333333,13.02666667,11.33666667,0.413333333,4.41,16.62,5.43,0.06,0.7,48.62,6.21,81.38,Maize
1400,red,4.9,234.0,5.0,0.2126,0.9,21.0,8.383333333,9.543333333,13.49,12.63666667,29.17333333,33.1,26.3,25.15333333,8.533333333,13.18333333,13.02666667,11.33666667,0.413333333,4.41,16.62,5.43,0.06,0.7,48.62,6.21,81.38,Maize
1401,red,5.0,203.0,2.0,0.198,1.5,12.0,8.383333333,9.543333333,13.49,12.63666667,29.17333333,33.1,26.3,25.15333333,8.533333333,13.18333333,13.02666667,11.33666667,0.413333333,4.41,16.62,5.43,0.06,0.7,48.62,6.21,81.38,Maize
1402,red,5.5,909.0,10.0,0.282,2.3,11.0,8.383333333,9.543333333,13.49,12.63666667,29.17333333,33.1,26.3,25.15333333,8.533333333,13.18333333,13.02666667,11.33666667,0.413333333,4.41,16.62,5.43,0.06,0.7,48.62,6.21,81.38,Maize
1403,red,5.0,330.0,2.0,0.207,1.3,16.0,8.383333333,9.543333333,13.49,12.63666667,29.17333333,33.1,26.3,25.15333333,8.533333333,13.18333333,13.02666667,11.33666667,0.413333333,4.41,16.62,5.43,0.06,0.7,48.62,6.21,81.38,Maize
1404,red,5.4,480.0,5.0,0.2098,1.2,11.0,8.383333333,9.543333333,13.49,12.63666667,29.17333333,33.1,26.3,25.15333333,8.533333333,13.18333333,13.02666667,11.33666667,0.413333333,4.41,16.62,5.43,0.06,0.7,48.62,6.21,81.38,Maize
1405,red,5.3,383.0,2.0,0.182,1.3,10.0,8.383333333,9.543333333,13.49,12.63666667,29.17333333,33.1,26.3,25.15333333,8.533333333,13.18333333,13.02666667,11.33666667,0.413333333,4.41,16.62,5.43,0.06,0.7,48.62,6.21,81.38,Maize
1406,red,5.4,320.0,3.0,0.194,2.1,14.0,8.383333333,9.543333333,13.49,12.63666667,29.17333333,33.1,26.3,25.15333333,8.533333333,13.18333333,13.02666667,11.33666667,0.413333333,4.41,16.62,5.43,0.06,0.7,48.62,6.21,81.38,Maize
1407,red,5.1,130.0,3.0,0.226,0.8,15.0,8.383333333,9.543333333,13.49,12.63666667,29.17333333,33.1,26.3,25.15333333,8.533333333,13.18333333,13.02666667,11.33666667,0.413333333,4.41,16.62,5.43,0.06,0.7,48.62,6.21,81.38,Maize
1408,red,5.7,994.0,7.0,0.275,4.1,12.0,8.383333333,9.543333333,13.49,12.63666667,29.17333333,33.1,26.3,25.15333333,8.533333333,13.18333333,13.02666667,11.33666667,0.413333333,4.41,16.62,5.43,0.06,0.7,48.62,6.21,81.38,Maize
1409,red,5.0,170.0,4.0,0.1999,1.3,17.0,8.383333333,9.543333333,13.49,12.63666667,29.17333333,33.1,26.3,25.15333333,8.533333333,13.18333333,13.02666667,11.33666667,0.413333333,4.41,16.62,5.43,0.06,0.7,48.62,6.21,81.38,Maize
1410,red,5.2,339.0,2.0,0.126,0.6,21.0,8.383333333,9.543333333,13.49,12.63666667,29.17333333,33.1,26.3,25.15333333,8.533333333,13.18333333,13.02666667,11.33666667,0.413333333,4.41,16.62,5.43,0.06,0.7,48.62,6.21,81.38,Maize
1411,brown,5.4,299.0,3.0,0.1945,1.7,11.0,8.383333333,9.543333333,13.49,12.63666667,29.17333333,33.1,26.3,25.15333333,8.533333333,13.18333333,13.02666667,11.33666667,0.413333333,4.41,16.62,5.43,0.06,0.7,48.62,6.21,81.38,Maize
1412,red,5.5,937.0,11.0,0.227,2.9,13.0,8.383333333,9.543333333,13.49,12.63666667,29.17333333,33.1,26.3,25.15333333,8.533333333,13.18333333,13.02666667,11.33666667,0.413333333,4.41,16.62,5.43,0.06,0.7,48.62,6.21,81.38,Maize
1413,red,4.8,131.0,2.0,0.191,1.4,14.0,8.383333333,9.543333333,13.49,12.63666667,29.17333333,33.1,26.3,25.15333333,8.533333333,13.18333333,13.02666667,11.33666667,0.413333333,4.41,16.62,5.43,0.06,0.7,48.62,6.21,81.38,Maize
1414,red,5.1,522.0,4.0,0.159,2.1,12.0,8.343333333,9.276666667,12.83666667,11.43333333,28.11333333,31.15666667,25.52666667,24.43,8.733333333,12.25333333,12.97666667,10.7,0.873333333,4.013333333,15.06,4.36,3.44,0.7,48.62,6.1,79.61,Maize
1415,red,6.0,905.0,10.0,0.212,2.7,10.0,8.383333333,9.543333333,13.49,12.63666667,29.17333333,33.1,26.3,25.15333333,8.533333333,13.18333333,13.02666667,11.33666667,0.413333333,4.41,16.62,5.43,0.06,0.7,48.62,6.21,81.38,Maize
1416,red,5.1,493.0,2.0,0.2245,1.3,20.0,8.383333333,9.543333333,13.49,12.63666667,29.17333333,33.1,26.3,25.15333333,8.533333333,13.18333333,13.02666667,11.33666667,0.413333333,4.41,16.62,5.43,0.06,0.7,48.62,6.21,81.38,Maize
1417,red,5.7,868.0,11.0,0.189,3.5,13.0,8.383333333,9.543333333,13.49,12.63666667,29.17333333,33.1,26.3,25.15333333,8.533333333,13.18333333,13.02666667,11.33666667,0.413333333,4.41,16.62,5.43,0.06,0.7,48.62,6.21,81.38,Maize
1418,red,5.39,165.0,2.0,0.21,0.8,14.0,8.343333333,9.276666667,12.83666667,11.43333333,28.11333333,31.15666667,25.52666667,24.43,8.733333333,12.25333333,12.97666667,10.7,0.873333333,4.013333333,15.06,4.36,3.44,0.7,48.62,6.1,79.61,Maize
1419,red,5.2,709.0,5.0,0.242,2.0,13.0,8.383333333,9.543333333,13.49,12.63666667,29.17333333,33.1,26.3,25.15333333,8.533333333,13.18333333,13.02666667,11.33666667,0.413333333,4.41,16.62,5.43,0.06,0.7,48.62,6.21,81.38,Maize
1420,black,6.3,247.0,18.6,0.24,1.87,8.66,8.343333333,9.276666667,12.83666667,11.43333333,28.11333333,31.15666667,25.52666667,24.43,8.733333333,12.25333333,12.97666667,10.7,0.873333333,4.013333333,15.06,4.36,3.44,0.7,48.62,6.1,79.61,Maize
1421,black,6.76,250.0,4.09,0.17,1.31,7.77,8.343333333,9.276666667,12.83666667,11.43333333,28.11333333,31.15666667,25.52666667,24.43,8.733333333,12.25333333,12.97666667,10.7,0.873333333,4.013333333,15.06,4.36,3.44,0.7,48.62,6.1,79.61,Maize
1422,red,5.1,176.0,3.0,0.1769,1.1,13.0,8.383333333,9.543333333,13.49,12.63666667,29.17333333,33.1,26.3,25.15333333,8.533333333,13.18333333,13.02666667,11.33666667,0.413333333,4.41,16.62,5.43,0.06,0.7,48.62,6.21,81.38,Maize
1423,red,5.0,119.0,2.0,0.192,1.0,17.0,8.383333333,9.543333333,13.49,12.63666667,29.17333333,33.1,26.3,25.15333333,8.533333333,13.18333333,13.02666667,11.33666667,0.413333333,4.41,16.62,5.43,0.06,0.7,48.62,6.21,81.38,Maize
1424,red,6.5,1742.0,42.0,0.263,5.1,13.0,8.383333333,9.543333333,13.49,12.63666667,29.17333333,33.1,26.3,25.15333333,8.533333333,13.18333333,13.02666667,11.33666667,0.413333333,4.41,16.62,5.43,0.06,0.7,48.62,6.21,81.38,Maize
1425,red,5.0,173.0,4.0,0.1736,0.8,25.0,8.383333333,9.543333333,13.49,12.63666667,29.17333333,33.1,26.3,25.15333333,8.533333333,13.18333333,13.02666667,11.33666667,0.413333333,4.41,16.62,5.43,0.06,0.7,48.62,6.21,81.38,Maize
1426,red,5.2,464.0,3.0,0.1969,2.1,13.0,8.383333333,9.543333333,13.49,12.63666667,29.17333333,33.1,26.3,25.15333333,8.533333333,13.18333333,13.02666667,11.33666667,0.413333333,4.41,16.62,5.43,0.06,0.7,48.62,6.21,81.38,Maize
1427,red,5.4,296.0,1.0,0.1512,1.0,14.0,8.383333333,9.543333333,13.49,12.63666667,29.17333333,33.1,26.3,25.15333333,8.533333333,13.18333333,13.02666667,11.33666667,0.413333333,4.41,16.62,5.43,0.06,0.7,48.62,6.21,81.38,Maize
1428,red,5.5,290.0,1.0,0.0917,1.4,11.0,8.383333333,9.543333333,13.49,12.63666667,29.17333333,33.1,26.3,25.15333333,8.533333333,13.18333333,13.02666667,11.33666667,0.413333333,4.41,16.62,5.43,0.06,0.7,48.62,6.21,81.38,Maize
1429,red,5.3,326.0,3.0,0.175,1.2,13.0,8.383333333,9.543333333,13.49,12.63666667,29.17333333,33.1,26.3,25.15333333,8.533333333,13.18333333,13.02666667,11.33666667,0.413333333,4.41,16.62,5.43,0.06,0.7,48.62,6.21,81.38,Maize
1430,red,5.1,183.0,2.0,0.159,0.9,11.0,8.343333333,9.276666667,12.83666667,11.43333333,28.11333333,31.15666667,25.52666667,24.43,8.733333333,12.25333333,12.97666667,10.7,0.873333333,4.013333333,15.06,4.36,3.44,0.7,48.62,6.1,79.61,Maize
1431,red,5.1,259.0,2.0,0.1673,1.3,21.0,8.383333333,9.543333333,13.49,12.63666667,29.17333333,33.1,26.3,25.15333333,8.533333333,13.18333333,13.02666667,11.33666667,0.413333333,4.41,16.62,5.43,0.06,0.7,48.62,6.21,81.38,Maize
1432,red,5.0,103.0,2.0,0.1718,0.7,18.0,8.383333333,9.543333333,13.49,12.63666667,29.17333333,33.1,26.3,25.15333333,8.533333333,13.18333333,13.02666667,11.33666667,0.413333333,4.41,16.62,5.43,0.06,0.7,48.62,6.21,81.38,Maize
1433,red,5.0,234.0,4.0,0.1853,1.1,15.0,8.383333333,9.543333333,13.49,12.63666667,29.17333333,33.1,26.3,25.15333333,8.533333333,13.18333333,13.02666667,11.33666667,0.413333333,4.41,16.62,5.43,0.06,0.7,48.62,6.21,81.38,Maize
1434,red,4.7,149.0,2.0,0.178,0.7,19.0,8.383333333,9.543333333,13.49,12.63666667,29.17333333,33.1,26.3,25.15333333,8.533333333,13.18333333,13.02666667,11.33666667,0.413333333,4.41,16.62,5.43,0.06,0.7,48.62,6.21,81.38,Maize
1435,red,5.6,529.0,5.0,0.2044,1.6,8.0,8.343333333,9.276666667,12.83666667,11.43333333,28.11333333,31.15666667,25.52666667,24.43,8.733333333,12.25333333,12.97666667,10.7,0.873333333,4.013333333,15.06,4.36,3.44,0.7,48.62,6.1,79.61,Maize
1436,red,5.3,492.0,4.0,0.241,4.3,11.0,8.383333333,9.543333333,13.49,12.63666667,29.17333333,33.1,26.3,25.15333333,8.533333333,13.18333333,13.02666667,11.33666667,0.413333333,4.41,16.62,5.43,0.06,0.7,48.62,6.21,81.38,Maize
1437,red,5.3,365.0,3.0,0.192,2.2,12.0,8.383333333,9.543333333,13.49,12.63666667,29.17333333,33.1,26.3,25.15333333,8.533333333,13.18333333,13.02666667,11.33666667,0.413333333,4.41,16.62,5.43,0.06,0.7,48.62,6.21,81.38,Maize
1438,brown,5.39,263.0,2.1,0.21,1.43,14.5,8.343333333,9.276666667,12.83666667,11.43333333,28.11333333,31.15666667,25.52666667,24.43,8.733333333,12.25333333,12.97666667,10.7,0.873333333,4.013333333,15.06,4.36,3.44,0.7,48.62,6.1,79.61,Maize
1439,red,5.3,124.0,1.0,0.1342,1.7,11.0,8.383333333,9.543333333,13.49,12.63666667,29.17333333,33.1,26.3,25.15333333,8.533333333,13.18333333,13.02666667,11.33666667,0.413333333,4.41,16.62,5.43,0.06,0.7,48.62,6.21,81.38,Maize
1440,red,4.9,171.0,1.0,0.1172,0.6,23.0,8.383333333,9.543333333,13.49,12.63666667,29.17333333,33.1,26.3,25.15333333,8.533333333,13.18333333,13.02666667,11.33666667,0.413333333,4.41,16.62,5.43,0.06,0.7,48.62,6.21,81.38,Maize
1441,brown,5.7,380.0,2.34,0.12,1.31,8.9,8.343333333,9.276666667,12.83666667,11.43333333,28.11333333,31.15666667,25.52666667,24.43,8.733333333,12.25333333,12.97666667,10.7,0.873333333,4.013333333,15.06,4.36,3.44,0.7,48.62,6.1,79.61,Maize
1442,brown,5.4,558.0,7.0,0.152,2.5,10.0,8.383333333,9.543333333,13.49,12.63666667,29.17333333,33.1,26.3,25.15333333,8.533333333,13.18333333,13.02666667,11.33666667,0.413333333,4.41,16.62,5.43,0.06,0.7,48.62,6.21,81.38,Maize
1443,red,5.0,116.0,4.0,0.1692,0.6,14.0,8.383333333,9.543333333,13.49,12.63666667,29.17333333,33.1,26.3,25.15333333,8.533333333,13.18333333,13.02666667,11.33666667,0.413333333,4.41,16.62,5.43,0.06,0.7,48.62,6.21,81.38,Maize
1444,red,5.5,417.0,3.02,0.19,1.34,8.69,8.343333333,9.276666667,12.83666667,11.43333333,28.11333333,31.15666667,25.52666667,24.43,8.733333333,12.25333333,12.97666667,10.7,0.873333333,4.013333333,15.06,4.36,3.44,0.7,48.62,6.1,79.61,Maize
1445,red,5.2,325.0,3.0,0.1376,1.0,19.0,8.383333333,9.543333333,13.49,12.63666667,29.17333333,33.1,26.3,25.15333333,8.533333333,13.18333333,13.02666667,11.33666667,0.413333333,4.41,16.62,5.43,0.06,0.7,48.62,6.21,81.38,Maize
1446,red,5.0,256.0,2.0,0.1702,2.4,18.0,8.383333333,9.543333333,13.49,12.63666667,29.17333333,33.1,26.3,25.15333333,8.533333333,13.18333333,13.02666667,11.33666667,0.413333333,4.41,16.62,5.43,0.06,0.7,48.62,6.21,81.38,Maize
1447,red,4.9,291.0,4.0,0.1966,0.8,14.0,8.383333333,9.543333333,13.49,12.63666667,29.17333333,33.1,26.3,25.15333333,8.533333333,13.18333333,13.02666667,11.33666667,0.413333333,4.41,16.62,5.43,0.06,0.7,48.62,6.21,81.38,Maize
1448,red,5.5,544.0,2.0,0.2093,1.4,11.0,8.383333333,9.543333333,13.49,12.63666667,29.17333333,33.1,26.3,25.15333333,8.533333333,13.18333333,13.02666667,11.33666667,0.413333333,4.41,16.62,5.43,0.06,0.7,48.62,6.21,81.38,Maize
1449,red,5.4,536.0,4.0,0.249,1.9,10.0,8.383333333,9.543333333,13.49,12.63666667,29.17333333,33.1,26.3,25.15333333,8.533333333,13.18333333,13.02666667,11.33666667,0.413333333,4.41,16.62,5.43,0.06,0.7,48.62,6.21,81.38,Maize
1450,brown,5.3,441.0,12.0,0.17,3.3,14.0,8.383333333,9.543333333,13.49,12.63666667,29.17333333,33.1,26.3,25.15333333,8.533333333,13.18333333,13.02666667,11.33666667,0.413333333,4.41,16.62,5.43,0.06,0.7,48.62,6.21,81.38,Maize
1451,red,4.8,144.0,4.0,0.154,0.4,18.0,8.383333333,9.543333333,13.49,12.63666667,29.17333333,33.1,26.3,25.15333333,8.533333333,13.18333333,13.02666667,11.33666667,0.413333333,4.41,16.62,5.43,0.06,0.7,48.62,6.21,81.38,Maize
1452,red,4.9,160.0,2.0,0.1486,0.6,22.0,8.383333333,9.543333333,13.49,12.63666667,29.17333333,33.1,26.3,25.15333333,8.533333333,13.18333333,13.02666667,11.33666667,0.413333333,4.41,16.62,5.43,0.06,0.7,48.62,6.21,81.38,Maize
1453,red,4.9,264.0,3.0,0.1913,1.1,15.0,8.383333333,9.543333333,13.49,12.63666667,29.17333333,33.1,26.3,25.15333333,8.533333333,13.18333333,13.02666667,11.33666667,0.413333333,4.41,16.62,5.43,0.06,0.7,48.62,6.21,81.38,Maize
1454,red,5.0,93.0,3.0,0.1683,0.5,16.0,8.383333333,9.543333333,13.49,12.63666667,29.17333333,33.1,26.3,25.15333333,8.533333333,13.18333333,13.02666667,11.33666667,0.413333333,4.41,16.62,5.43,0.06,0.7,48.62,6.21,81.38,Maize
1455,other,4.7,270.0,5.0,0.1894,1.4,23.0,8.383333333,9.543333333,13.49,12.63666667,29.17333333,33.1,26.3,25.15333333,8.533333333,13.18333333,13.02666667,11.33666667,0.413333333,4.41,16.62,5.43,0.06,0.7,48.62,6.21,81.38,Maize
1456,red,5.5,338.0,1.0,0.151,0.9,12.0,8.343333333,9.276666667,12.83666667,11.43333333,28.11333333,31.15666667,25.52666667,24.43,8.733333333,12.25333333,12.97666667,10.7,0.873333333,4.013333333,15.06,4.36,3.44,0.7,48.62,6.1,79.61,Maize
1457,red,5.1,412.0,3.0,0.193,1.4,14.0,8.383333333,9.543333333,13.49,12.63666667,29.17333333,33.1,26.3,25.15333333,8.533333333,13.18333333,13.02666667,11.33666667,0.413333333,4.41,16.62,5.43,0.06,0.7,48.62,6.21,81.38,Maize
1458,very dark brown,6.38,164.0,2.74,0.19,1.54,8.2,8.343333333,9.276666667,12.83666667,11.43333333,28.11333333,31.15666667,25.52666667,24.43,8.733333333,12.25333333,12.97666667,10.7,0.873333333,4.013333333,15.06,4.36,3.44,0.7,48.62,6.1,79.61,Maize
1459,red,5.1,183.0,2.0,0.1996,1.2,15.0,8.383333333,9.543333333,13.49,12.63666667,29.17333333,33.1,26.3,25.15333333,8.533333333,13.18333333,13.02666667,11.33666667,0.413333333,4.41,16.62,5.43,0.06,0.7,48.62,6.21,81.38,Maize
1460,red,4.9,268.0,5.0,0.1896,1.6,16.0,8.383333333,9.543333333,13.49,12.63666667,29.17333333,33.1,26.3,25.15333333,8.533333333,13.18333333,13.02666667,11.33666667,0.413333333,4.41,16.62,5.43,0.06,0.7,48.62,6.21,81.38,Maize
1461,red,5.1,204.0,4.0,0.1443,1.2,19.0,8.383333333,9.543333333,13.49,12.63666667,29.17333333,33.1,26.3,25.15333333,8.533333333,13.18333333,13.02666667,11.33666667,0.413333333,4.41,16.62,5.43,0.06,0.7,48.62,6.21,81.38,Maize
1462,red,4.8,219.0,2.0,0.1756,1.0,20.0,8.383333333,9.543333333,13.49,12.63666667,29.17333333,33.1,26.3,25.15333333,8.533333333,13.18333333,13.02666667,11.33666667,0.413333333,4.41,16.62,5.43,0.06,0.7,48.62,6.21,81.38,Maize
1463,other,4.8,204.0,8.0,0.1689,1.6,22.0,8.383333333,9.543333333,13.49,12.63666667,29.17333333,33.1,26.3,25.15333333,8.533333333,13.18333333,13.02666667,11.33666667,0.413333333,4.41,16.62,5.43,0.06,0.7,48.62,6.21,81.38,Maize
1464,red,4.7,123.0,3.0,0.184,2.3,19.0,8.383333333,9.543333333,13.49,12.63666667,29.17333333,33.1,26.3,25.15333333,8.533333333,13.18333333,13.02666667,11.33666667,0.413333333,4.41,16.62,5.43,0.06,0.7,48.62,6.21,81.38,Maize
1465,brown,5.0,210.0,3.0,0.1713,1.3,19.0,8.383333333,9.543333333,13.49,12.63666667,29.17333333,33.1,26.3,25.15333333,8.533333333,13.18333333,13.02666667,11.33666667,0.413333333,4.41,16.62,5.43,0.06,0.7,48.62,6.21,81.38,Maize
1466,black,6.6,249.0,7.58,0.15,0.99,8.04,8.343333333,9.276666667,12.83666667,11.43333333,28.11333333,31.15666667,25.52666667,24.43,8.733333333,12.25333333,12.97666667,10.7,0.873333333,4.013333333,15.06,4.36,3.44,0.7,48.62,6.1,79.61,Maize
1467,red,5.0,155.0,4.0,0.189,1.2,15.0,8.383333333,9.543333333,13.49,12.63666667,29.17333333,33.1,26.3,25.15333333,8.533333333,13.18333333,13.02666667,11.33666667,0.413333333,4.41,16.62,5.43,0.06,0.7,48.62,6.21,81.38,Maize
1468,red,5.2,292.0,2.0,0.124,0.9,15.0,8.383333333,9.543333333,13.49,12.63666667,29.17333333,33.1,26.3,25.15333333,8.533333333,13.18333333,13.02666667,11.33666667,0.413333333,4.41,16.62,5.43,0.06,0.7,48.62,6.21,81.38,Maize
1469,red,4.9,201.0,3.0,0.1675,1.2,18.0,8.383333333,9.543333333,13.49,12.63666667,29.17333333,33.1,26.3,25.15333333,8.533333333,13.18333333,13.02666667,11.33666667,0.413333333,4.41,16.62,5.43,0.06,0.7,48.62,6.21,81.38,Maize
1470,black,4.9,209.0,2.0,0.1185,1.5,15.0,8.383333333,9.543333333,13.49,12.63666667,29.17333333,33.1,26.3,25.15333333,8.533333333,13.18333333,13.02666667,11.33666667,0.413333333,4.41,16.62,5.43,0.06,0.7,48.62,6.21,81.38,Maize
1471,red,5.4,290.0,15.0,0.176,1.4,14.0,8.383333333,9.543333333,13.49,12.63666667,29.17333333,33.1,26.3,25.15333333,8.533333333,13.18333333,13.02666667,11.33666667,0.413333333,4.41,16.62,5.43,0.06,0.7,48.62,6.21,81.38,Maize
1472,reddish brown,7.52,230.0,12.3,0.13,1.28,6.78,8.343333333,9.276666667,12.83666667,11.43333333,28.11333333,31.15666667,25.52666667,24.43,8.733333333,12.25333333,12.97666667,10.7,0.873333333,4.013333333,15.06,4.36,3.44,0.7,48.62,6.1,79.61,Maize
1473,red,5.4,273.0,2.0,0.109,1.5,9.0,8.383333333,9.543333333,13.49,12.63666667,29.17333333,33.1,26.3,25.15333333,8.533333333,13.18333333,13.02666667,11.33666667,0.413333333,4.41,16.62,5.43,0.06,0.7,48.62,6.21,81.38,Maize
1474,red,5.3,359.0,4.0,0.17,1.2,10.0,8.383333333,9.543333333,13.49,12.63666667,29.17333333,33.1,26.3,25.15333333,8.533333333,13.18333333,13.02666667,11.33666667,0.413333333,4.41,16.62,5.43,0.06,0.7,48.62,6.21,81.38,Maize
1475,red,4.8,226.0,3.0,0.126,0.9,17.0,8.383333333,9.543333333,13.49,12.63666667,29.17333333,33.1,26.3,25.15333333,8.533333333,13.18333333,13.02666667,11.33666667,0.413333333,4.41,16.62,5.43,0.06,0.7,48.62,6.21,81.38,Maize
1476,black,6.75,172.0,16.1,0.17,2.71,8.77,8.343333333,9.276666667,12.83666667,11.43333333,28.11333333,31.15666667,25.52666667,24.43,8.733333333,12.25333333,12.97666667,10.7,0.873333333,4.013333333,15.06,4.36,3.44,0.7,48.62,6.1,79.61,Maize
1477,red,6.0,884.0,12.0,0.2294,4.0,11.0,8.383333333,9.543333333,13.49,12.63666667,29.17333333,33.1,26.3,25.15333333,8.533333333,13.18333333,13.02666667,11.33666667,0.413333333,4.41,16.62,5.43,0.06,0.7,48.62,6.21,81.38,Maize
1478,red,5.4,866.0,6.0,0.1586,1.6,17.0,8.383333333,9.543333333,13.49,12.63666667,29.17333333,33.1,26.3,25.15333333,8.533333333,13.18333333,13.02666667,11.33666667,0.413333333,4.41,16.62,5.43,0.06,0.7,48.62,6.21,81.38,Maize
1479,brown,6.34,283.0,2.48,0.16,2.0,8.92,8.343333333,9.276666667,12.83666667,11.43333333,28.11333333,31.15666667,25.52666667,24.43,8.733333333,12.25333333,12.97666667,10.7,0.873333333,4.013333333,15.06,4.36,3.44,0.7,48.62,6.1,79.61,Maize
1480,red,5.1,200.0,2.0,0.123,0.9,20.0,8.383333333,9.543333333,13.49,12.63666667,29.17333333,33.1,26.3,25.15333333,8.533333333,13.18333333,13.02666667,11.33666667,0.413333333,4.41,16.62,5.43,0.06,0.7,48.62,6.21,81.38,Maize
1481,red,4.8,174.0,6.0,0.1754,4.5,17.0,8.383333333,9.543333333,13.49,12.63666667,29.17333333,33.1,26.3,25.15333333,8.533333333,13.18333333,13.02666667,11.33666667,0.413333333,4.41,16.62,5.43,0.06,0.7,48.62,6.21,81.38,Maize
1482,red,5.2,223.0,3.0,0.161,1.1,14.0,8.383333333,9.543333333,13.49,12.63666667,29.17333333,33.1,26.3,25.15333333,8.533333333,13.18333333,13.02666667,11.33666667,0.413333333,4.41,16.62,5.43,0.06,0.7,48.62,6.21,81.38,Maize
1483,brown,5.3,236.0,3.0,0.126,1.6,12.0,8.383333333,9.543333333,13.49,12.63666667,29.17333333,33.1,26.3,25.15333333,8.533333333,13.18333333,13.02666667,11.33666667,0.413333333,4.41,16.62,5.43,0.06,0.7,48.62,6.21,81.38,Maize
1484,red,4.9,119.0,3.0,0.202,2.5,15.0,8.383333333,9.543333333,13.49,12.63666667,29.17333333,33.1,26.3,25.15333333,8.533333333,13.18333333,13.02666667,11.33666667,0.413333333,4.41,16.62,5.43,0.06,0.7,48.62,6.21,81.38,Maize
1485,dark brown,6.0,266.0,4.96,0.17,2.0,9.63,8.343333333,9.276666667,12.83666667,11.43333333,28.11333333,31.15666667,25.52666667,24.43,8.733333333,12.25333333,12.97666667,10.7,0.873333333,4.013333333,15.06,4.36,3.44,0.7,48.62,6.1,79.61,Maize
1486,red,5.0,221.0,2.0,0.1594,1.5,18.0,8.383333333,9.543333333,13.49,12.63666667,29.17333333,33.1,26.3,25.15333333,8.533333333,13.18333333,13.02666667,11.33666667,0.413333333,4.41,16.62,5.43,0.06,0.7,48.62,6.21,81.38,Maize
1487,red,4.8,383.0,5.0,0.176,1.4,16.0,8.383333333,9.543333333,13.49,12.63666667,29.17333333,33.1,26.3,25.15333333,8.533333333,13.18333333,13.02666667,11.33666667,0.413333333,4.41,16.62,5.43,0.06,0.7,48.62,6.21,81.38,Maize
1488,red,5.2,460.0,6.0,0.155,1.1,14.0,8.383333333,9.543333333,13.49,12.63666667,29.17333333,33.1,26.3,25.15333333,8.533333333,13.18333333,13.02666667,11.33666667,0.413333333,4.41,16.62,5.43,0.06,0.7,48.62,6.21,81.38,Maize
1489,red,4.9,165.0,4.0,0.135,1.1,19.0,8.383333333,9.543333333,13.49,12.63666667,29.17333333,33.1,26.3,25.15333333,8.533333333,13.18333333,13.02666667,11.33666667,0.413333333,4.41,16.62,5.43,0.06,0.7,48.62,6.21,81.38,Maize
1490,red,5.2,435.0,4.0,0.1977,1.8,13.0,8.383333333,9.543333333,13.49,12.63666667,29.17333333,33.1,26.3,25.15333333,8.533333333,13.18333333,13.02666667,11.33666667,0.413333333,4.41,16.62,5.43,0.06,0.7,48.62,6.21,81.38,Maize
1491,red,5.1,293.0,4.0,0.1816,1.1,16.0,8.383333333,9.543333333,13.49,12.63666667,29.17333333,33.1,26.3,25.15333333,8.533333333,13.18333333,13.02666667,11.33666667,0.413333333,4.41,16.62,5.43,0.06,0.7,48.62,6.21,81.38,Maize
1492,red,5.0,365.0,2.0,0.1621,0.9,13.0,8.383333333,9.543333333,13.49,12.63666667,29.17333333,33.1,26.3,25.15333333,8.533333333,13.18333333,13.02666667,11.33666667,0.413333333,4.41,16.62,5.43,0.06,0.7,48.62,6.21,81.38,Maize
1493,red,5.0,132.0,3.0,0.1621,0.9,18.0,8.383333333,9.543333333,13.49,12.63666667,29.17333333,33.1,26.3,25.15333333,8.533333333,13.18333333,13.02666667,11.33666667,0.413333333,4.41,16.62,5.43,0.06,0.7,48.62,6.21,81.38,Maize
1494,reddish brown,5.59,473.0,2.68,0.13,1.97,6.67,8.343333333,9.276666667,12.83666667,11.43333333,28.11333333,31.15666667,25.52666667,24.43,8.733333333,12.25333333,12.97666667,10.7,0.873333333,4.013333333,15.06,4.36,3.44,0.7,48.62,6.1,79.61,Maize
1495,brown,6.19,167.0,1.33,0.13,1.32,6.69,8.343333333,9.276666667,12.83666667,11.43333333,28.11333333,31.15666667,25.52666667,24.43,8.733333333,12.25333333,12.97666667,10.7,0.873333333,4.013333333,15.06,4.36,3.44,0.7,48.62,6.1,79.61,Maize
1496,dark brown,5.59,171.0,2.47,0.24,1.99,7.46,8.343333333,9.276666667,12.83666667,11.43333333,28.11333333,31.15666667,25.52666667,24.43,8.733333333,12.25333333,12.97666667,10.7,0.873333333,4.013333333,15.06,4.36,3.44,0.7,48.62,6.1,79.61,Maize
1497,red,5.3,388.0,4.0,0.1769,1.3,17.0,8.383333333,9.543333333,13.49,12.63666667,29.17333333,33.1,26.3,25.15333333,8.533333333,13.18333333,13.02666667,11.33666667,0.413333333,4.41,16.62,5.43,0.06,0.7,48.62,6.21,81.38,Maize
1498,reddish brown,5.52,246.0,1.64,0.22,1.33,9.85,8.343333333,9.276666667,12.83666667,11.43333333,28.11333333,31.15666667,25.52666667,24.43,8.733333333,12.25333333,12.97666667,10.7,0.873333333,4.013333333,15.06,4.36,3.44,0.7,48.62,6.1,79.61,Maize
1499,reddish brown,5.19,307.0,2.72,0.12,0.87,9.89,8.343333333,9.276666667,12.83666667,11.43333333,28.11333333,31.15666667,25.52666667,24.43,8.733333333,12.25333333,12.97666667,10.7,0.873333333,4.013333333,15.06,4.36,3.44,0.7,48.62,6.1,79.61,Maize
1500,red,4.9,269.0,3.0,0.1604,1.1,18.0,8.383333333,9.543333333,13.49,12.63666667,29.17333333,33.1,26.3,25.15333333,8.533333333,13.18333333,13.02666667,11.33666667,0.413333333,4.41,16.62,5.43,0.06,0.7,48.62,6.21,81.38,Maize
1501,red,4.9,175.0,3.0,0.161,1.0,16.0,8.383333333,9.543333333,13.49,12.63666667,29.17333333,33.1,26.3,25.15333333,8.533333333,13.18333333,13.02666667,11.33666667,0.413333333,4.41,16.62,5.43,0.06,0.7,48.62,6.21,81.38,Maize
1502,red,5.4,526.0,5.0,0.1999,2.1,13.0,8.383333333,9.543333333,13.49,12.63666667,29.17333333,33.1,26.3,25.15333333,8.533333333,13.18333333,13.02666667,11.33666667,0.413333333,4.41,16.62,5.43,0.06,0.7,48.62,6.21,81.38,Maize
1503,red,5.1,464.0,3.0,0.1368,1.0,18.0,8.383333333,9.543333333,13.49,12.63666667,29.17333333,33.1,26.3,25.15333333,8.533333333,13.18333333,13.02666667,11.33666667,0.413333333,4.41,16.62,5.43,0.06,0.7,48.62,6.21,81.38,Maize
1504,red,6.1,1077.0,23.0,0.2514,6.0,13.0,8.383333333,9.543333333,13.49,12.63666667,29.17333333,33.1,26.3,25.15333333,8.533333333,13.18333333,13.02666667,11.33666667,0.413333333,4.41,16.62,5.43,0.06,0.7,48.62,6.21,81.38,Maize
1505,other,5.2,475.0,2.0,0.1449,1.3,11.0,8.383333333,9.543333333,13.49,12.63666667,29.17333333,33.1,26.3,25.15333333,8.533333333,13.18333333,13.02666667,11.33666667,0.413333333,4.41,16.62,5.43,0.06,0.7,48.62,6.21,81.38,Maize
1506,reddish brown,5.64,533.0,4.37,0.16,1.52,8.52,8.343333333,9.276666667,12.83666667,11.43333333,28.11333333,31.15666667,25.52666667,24.43,8.733333333,12.25333333,12.97666667,10.7,0.873333333,4.013333333,15.06,4.36,3.44,0.7,48.62,6.1,79.61,Maize
1507,brown,5.0,187.0,4.0,0.128,1.5,14.0,8.383333333,9.543333333,13.49,12.63666667,29.17333333,33.1,26.3,25.15333333,8.533333333,13.18333333,13.02666667,11.33666667,0.413333333,4.41,16.62,5.43,0.06,0.7,48.62,6.21,81.38,Maize
1508,red,4.9,125.0,3.0,0.169,1.0,14.0,8.383333333,9.543333333,13.49,12.63666667,29.17333333,33.1,26.3,25.15333333,8.533333333,13.18333333,13.02666667,11.33666667,0.413333333,4.41,16.62,5.43,0.06,0.7,48.62,6.21,81.38,Maize
1509,brown,4.9,100.0,3.0,0.1396,2.2,15.0,8.383333333,9.543333333,13.49,12.63666667,29.17333333,33.1,26.3,25.15333333,8.533333333,13.18333333,13.02666667,11.33666667,0.413333333,4.41,16.62,5.43,0.06,0.7,48.62,6.21,81.38,Maize
1510,red,5.7,741.0,11.0,0.2297,3.0,17.0,8.383333333,9.543333333,13.49,12.63666667,29.17333333,33.1,26.3,25.15333333,8.533333333,13.18333333,13.02666667,11.33666667,0.413333333,4.41,16.62,5.43,0.06,0.7,48.62,6.21,81.38,Maize
1511,red,5.2,151.0,4.0,0.165,1.5,16.0,8.383333333,9.543333333,13.49,12.63666667,29.17333333,33.1,26.3,25.15333333,8.533333333,13.18333333,13.02666667,11.33666667,0.413333333,4.41,16.62,5.43,0.06,0.7,48.62,6.21,81.38,Maize
1512,red,5.2,227.0,3.0,0.19,1.2,13.0,8.383333333,9.543333333,13.49,12.63666667,29.17333333,33.1,26.3,25.15333333,8.533333333,13.18333333,13.02666667,11.33666667,0.413333333,4.41,16.62,5.43,0.06,0.7,48.62,6.21,81.38,Maize
1513,red,5.1,325.0,6.0,0.174,2.3,14.0,8.383333333,9.543333333,13.49,12.63666667,29.17333333,33.1,26.3,25.15333333,8.533333333,13.18333333,13.02666667,11.33666667,0.413333333,4.41,16.62,5.43,0.06,0.7,48.62,6.21,81.38,Maize
1514,other,5.2,345.0,4.0,0.1933,1.1,14.0,8.383333333,9.543333333,13.49,12.63666667,29.17333333,33.1,26.3,25.15333333,8.533333333,13.18333333,13.02666667,11.33666667,0.413333333,4.41,16.62,5.43,0.06,0.7,48.62,6.21,81.38,Maize
1515,red,5.1,211.0,4.0,0.2036,1.5,13.0,8.383333333,9.543333333,13.49,12.63666667,29.17333333,33.1,26.3,25.15333333,8.533333333,13.18333333,13.02666667,11.33666667,0.413333333,4.41,16.62,5.43,0.06,0.7,48.62,6.21,81.38,Maize
1516,brown,6.0,806.0,6.0,0.2341,4.4,14.0,8.383333333,9.543333333,13.49,12.63666667,29.17333333,33.1,26.3,25.15333333,8.533333333,13.18333333,13.02666667,11.33666667,0.413333333,4.41,16.62,5.43,0.06,0.7,48.62,6.21,81.38,Maize
1517,red,5.9,733.0,6.0,0.2148,2.1,12.0,8.383333333,9.543333333,13.49,12.63666667,29.17333333,33.1,26.3,25.15333333,8.533333333,13.18333333,13.02666667,11.33666667,0.413333333,4.41,16.62,5.43,0.06,0.7,48.62,6.21,81.38,Maize
1518,red,5.3,238.0,3.0,0.2036,1.5,14.0,8.383333333,9.543333333,13.49,12.63666667,29.17333333,33.1,26.3,25.15333333,8.533333333,13.18333333,13.02666667,11.33666667,0.413333333,4.41,16.62,5.43,0.06,0.7,48.62,6.21,81.38,Maize
1519,brown,5.98,323.0,0.83,0.2,1.59,10.0,8.343333333,9.276666667,12.83666667,11.43333333,28.11333333,31.15666667,25.52666667,24.43,8.733333333,12.25333333,12.97666667,10.7,0.873333333,4.013333333,15.06,4.36,3.44,0.7,48.62,6.1,79.61,Maize
1520,red,5.5,343.0,2.0,0.1551,1.3,12.0,8.383333333,9.543333333,13.49,12.63666667,29.17333333,33.1,26.3,25.15333333,8.533333333,13.18333333,13.02666667,11.33666667,0.413333333,4.41,16.62,5.43,0.06,0.7,48.62,6.21,81.38,Maize
1521,red,5.0,122.0,5.0,0.1555,0.9,16.0,8.383333333,9.543333333,13.49,12.63666667,29.17333333,33.1,26.3,25.15333333,8.533333333,13.18333333,13.02666667,11.33666667,0.413333333,4.41,16.62,5.43,0.06,0.7,48.62,6.21,81.38,Maize
1522,red,5.4,208.0,2.0,0.144,1.0,14.0,8.383333333,9.543333333,13.49,12.63666667,29.17333333,33.1,26.3,25.15333333,8.533333333,13.18333333,13.02666667,11.33666667,0.413333333,4.41,16.62,5.43,0.06,0.7,48.62,6.21,81.38,Maize
1523,red,5.6,277.0,3.0,0.1715,1.2,11.0,8.383333333,9.543333333,13.49,12.63666667,29.17333333,33.1,26.3,25.15333333,8.533333333,13.18333333,13.02666667,11.33666667,0.413333333,4.41,16.62,5.43,0.06,0.7,48.62,6.21,81.38,Maize
1524,red,5.4,227.0,2.0,0.1583,1.2,8.0,8.383333333,9.543333333,13.49,12.63666667,29.17333333,33.1,26.3,25.15333333,8.533333333,13.18333333,13.02666667,11.33666667,0.413333333,4.41,16.62,5.43,0.06,0.7,48.62,6.21,81.38,Maize
1525,red,5.2,421.0,4.0,0.1782,1.1,12.0,8.383333333,9.543333333,13.49,12.63666667,29.17333333,33.1,26.3,25.15333333,8.533333333,13.18333333,13.02666667,11.33666667,0.413333333,4.41,16.62,5.43,0.06,0.7,48.62,6.21,81.38,Maize
1526,brown,6.22,257.0,1.03,0.13,1.21,7.97,8.343333333,9.276666667,12.83666667,11.43333333,28.11333333,31.15666667,25.52666667,24.43,8.733333333,12.25333333,12.97666667,10.7,0.873333333,4.013333333,15.06,4.36,3.44,0.7,48.62,6.1,79.61,Maize
1527,red,5.5,344.0,3.0,0.1687,1.7,11.0,8.383333333,9.543333333,13.49,12.63666667,29.17333333,33.1,26.3,25.15333333,8.533333333,13.18333333,13.02666667,11.33666667,0.413333333,4.41,16.62,5.43,0.06,0.7,48.62,6.21,81.38,Maize
1528,red,5.2,334.0,3.0,0.1687,1.3,17.0,8.383333333,9.543333333,13.49,12.63666667,29.17333333,33.1,26.3,25.15333333,8.533333333,13.18333333,13.02666667,11.33666667,0.413333333,4.41,16.62,5.43,0.06,0.7,48.62,6.21,81.38,Maize
1529,red,5.4,201.0,2.0,0.148,1.1,15.0,8.383333333,9.543333333,13.49,12.63666667,29.17333333,33.1,26.3,25.15333333,8.533333333,13.18333333,13.02666667,11.33666667,0.413333333,4.41,16.62,5.43,0.06,0.7,48.62,6.21,81.38,Maize
1530,red,5.3,305.0,3.0,0.1649,0.9,12.0,8.383333333,9.543333333,13.49,12.63666667,29.17333333,33.1,26.3,25.15333333,8.533333333,13.18333333,13.02666667,11.33666667,0.413333333,4.41,16.62,5.43,0.06,0.7,48.62,6.21,81.38,Maize
1531,dark brown,5.37,243.0,1.37,0.16,0.9,11.5,8.343333333,9.276666667,12.83666667,11.43333333,28.11333333,31.15666667,25.52666667,24.43,8.733333333,12.25333333,12.97666667,10.7,0.873333333,4.013333333,15.06,4.36,3.44,0.7,48.62,6.1,79.61,Maize
1532,red,5.74,253.0,1.92,0.13,1.33,11.0,8.383333333,9.543333333,13.49,12.63666667,29.17333333,33.1,26.3,25.15333333,8.533333333,13.18333333,13.02666667,11.33666667,0.413333333,4.41,16.62,5.43,0.06,0.7,48.62,6.21,81.38,Maize
1533,red,5.41,365.0,1.65,0.22,0.97,14.3,8.343333333,9.276666667,12.83666667,11.43333333,28.11333333,31.15666667,25.52666667,24.43,8.733333333,12.25333333,12.97666667,10.7,0.873333333,4.013333333,15.06,4.36,3.44,0.7,48.62,6.1,79.61,Maize
1534,brown,5.55,222.0,0.89,0.12,1.04,10.1,8.343333333,9.276666667,12.83666667,11.43333333,28.11333333,31.15666667,25.52666667,24.43,8.733333333,12.25333333,12.97666667,10.7,0.873333333,4.013333333,15.06,4.36,3.44,0.7,48.62,6.1,79.61,Maize
1535,red,5.1,348.0,5.0,0.1904,1.1,12.0,8.383333333,9.543333333,13.49,12.63666667,29.17333333,33.1,26.3,25.15333333,8.533333333,13.18333333,13.02666667,11.33666667,0.413333333,4.41,16.62,5.43,0.06,0.7,48.62,6.21,81.38,Maize
1536,very dark brown,6.35,214.0,1.02,0.21,2.13,6.49,8.343333333,9.276666667,12.83666667,11.43333333,28.11333333,31.15666667,25.52666667,24.43,8.733333333,12.25333333,12.97666667,10.7,0.873333333,4.013333333,15.06,4.36,3.44,0.7,48.62,6.1,79.61,Maize
1537,reddish brown,5.47,184.0,2.73,0.16,1.33,9.12,8.383333333,9.543333333,13.49,12.63666667,29.17333333,33.1,26.3,25.15333333,8.533333333,13.18333333,13.02666667,11.33666667,0.413333333,4.41,16.62,5.43,0.06,0.7,48.62,6.21,81.38,Maize
1538,dark brown,5.3,265.0,1.92,0.18,0.76,12.2,8.383333333,9.543333333,13.49,12.63666667,29.17333333,33.1,26.3,25.15333333,8.533333333,13.18333333,13.02666667,11.33666667,0.413333333,4.41,16.62,5.43,0.06,0.7,48.62,6.21,81.38,Maize
1539,reddish brown,5.39,223.0,1.37,0.18,1.37,12.3,8.383333333,9.543333333,13.49,12.63666667,29.17333333,33.1,26.3,25.15333333,8.533333333,13.18333333,13.02666667,11.33666667,0.413333333,4.41,16.62,5.43,0.06,0.7,48.62,6.21,81.38,Maize
1540,dark brown,5.59,172.0,1.57,0.16,0.83,10.5,8.383333333,9.543333333,13.49,12.63666667,29.17333333,33.1,26.3,25.15333333,8.533333333,13.18333333,13.02666667,11.33666667,0.413333333,4.41,16.62,5.43,0.06,0.7,48.62,6.21,81.38,Maize
1541,red,5.82,308.0,1.33,0.16,1.16,18.6,8.343333333,9.276666667,12.83666667,11.43333333,28.11333333,31.15666667,25.52666667,24.43,8.733333333,12.25333333,12.97666667,10.7,0.873333333,4.013333333,15.06,4.36,3.44,0.7,48.62,6.1,79.61,Maize
1542,red,6.1,303.0,1.29,0.21,1.3,9.17,8.343333333,9.276666667,12.83666667,11.43333333,28.11333333,31.15666667,25.52666667,24.43,8.733333333,12.25333333,12.97666667,10.7,0.873333333,4.013333333,15.06,4.36,3.44,0.7,48.62,6.1,79.61,Maize
1543,reddish brown,5.58,195.0,2.54,0.12,1.37,8.5,8.383333333,9.543333333,13.49,12.63666667,29.17333333,33.1,26.3,25.15333333,8.533333333,13.18333333,13.02666667,11.33666667,0.413333333,4.41,16.62,5.43,0.06,0.7,48.62,6.21,81.38,Maize
1544,reddish brown,6.21,229.0,1.56,0.16,1.86,9.36,8.343333333,9.276666667,12.83666667,11.43333333,28.11333333,31.15666667,25.52666667,24.43,8.733333333,12.25333333,12.97666667,10.7,0.873333333,4.013333333,15.06,4.36,3.44,0.7,48.62,6.1,79.61,Maize
1545,reddish brown,5.47,334.0,1.49,0.19,1.13,10.2,8.343333333,9.276666667,12.83666667,11.43333333,28.11333333,31.15666667,25.52666667,24.43,8.733333333,12.25333333,12.97666667,10.7,0.873333333,4.013333333,15.06,4.36,3.44,0.7,48.62,6.1,79.61,Maize
1546,brown,5.41,186.0,1.53,0.14,1.55,20.9,7.73,9.563333333,13.85333333,12.8,30.82666667,33.61666667,27.11,26.51,11.39,15.65666667,14.20666667,13.64333333,0.38,2.85,14.68666667,3.316666667,354.88,0.65,53.49,8.15,82.67,Maize
1547,reddish brown,6.49,601.0,2.93,0.26,2.71,7.17,8.343333333,9.276666667,12.83666667,11.43333333,28.11333333,31.15666667,25.52666667,24.43,8.733333333,12.25333333,12.97666667,10.7,0.873333333,4.013333333,15.06,4.36,3.44,0.7,48.62,6.1,79.61,Maize
1548,dark brown,6.67,910.0,39.4,0.18,2.79,8.53,7.73,9.563333333,13.85333333,12.8,30.82666667,33.61666667,27.11,26.51,11.39,15.65666667,14.20666667,13.64333333,0.38,2.85,14.68666667,3.316666667,354.88,0.65,53.49,8.15,82.67,Maize
1549,reddish brown,5.69,352.0,1.22,0.21,1.4,9.09,8.343333333,9.276666667,12.83666667,11.43333333,28.11333333,31.15666667,25.52666667,24.43,8.733333333,12.25333333,12.97666667,10.7,0.873333333,4.013333333,15.06,4.36,3.44,0.7,48.62,6.1,79.61,Maize
1550,red,5.31,155.0,1.41,0.18,1.24,9.95,7.73,9.563333333,13.85333333,12.8,30.82666667,33.61666667,27.11,26.51,11.39,15.65666667,14.20666667,13.64333333,0.38,2.85,14.68666667,3.316666667,354.88,0.65,53.49,8.15,82.67,Maize
1551,brown,5.08,302.0,24.2,0.16,0.87,5.69,7.73,9.563333333,13.85333333,12.8,30.82666667,33.61666667,27.11,26.51,11.39,15.65666667,14.20666667,13.64333333,0.38,2.85,14.68666667,3.316666667,354.88,0.65,53.49,8.15,82.67,Maize
1552,reddish brown,5.3,191.0,2.09,0.1,0.91,13.0,8.383333333,9.543333333,13.49,12.63666667,29.17333333,33.1,26.3,25.15333333,8.533333333,13.18333333,13.02666667,11.33666667,0.413333333,4.41,16.62,5.43,0.06,0.7,48.62,6.21,81.38,Maize
1553,reddish brown,6.24,559.0,1.64,0.22,1.59,14.6,8.383333333,9.543333333,13.49,12.63666667,29.17333333,33.1,26.3,25.15333333,8.533333333,13.18333333,13.02666667,11.33666667,0.413333333,4.41,16.62,5.43,0.06,0.7,48.62,6.21,81.38,Maize
1554,reddish brown,5.39,151.0,2.82,0.15,1.16,9.92,8.383333333,9.543333333,13.49,12.63666667,29.17333333,33.1,26.3,25.15333333,8.533333333,13.18333333,13.02666667,11.33666667,0.413333333,4.41,16.62,5.43,0.06,0.7,48.62,6.21,81.38,Maize
1555,dark brown,6.03,469.0,4.34,0.26,2.7,8.52,8.343333333,9.276666667,12.83666667,11.43333333,28.11333333,31.15666667,25.52666667,24.43,8.733333333,12.25333333,12.97666667,10.7,0.873333333,4.013333333,15.06,4.36,3.44,0.7,48.62,6.1,79.61,Maize
1556,brown,6.02,272.0,8.6,0.17,0.83,8.7,8.343333333,9.276666667,12.83666667,11.43333333,28.11333333,31.15666667,25.52666667,24.43,8.733333333,12.25333333,12.97666667,10.7,0.873333333,4.013333333,15.06,4.36,3.44,0.7,48.62,6.1,79.61,Maize
1557,red,5.38,207.0,0.98,0.19,0.62,13.2,8.343333333,9.276666667,12.83666667,11.43333333,28.11333333,31.15666667,25.52666667,24.43,8.733333333,12.25333333,12.97666667,10.7,0.873333333,4.013333333,15.06,4.36,3.44,0.7,48.62,6.1,79.61,Maize
1558,dark brown,6.38,487.0,99.0,0.17,2.4,7.05,7.73,9.563333333,13.85333333,12.8,30.82666667,33.61666667,27.11,26.51,11.39,15.65666667,14.20666667,13.64333333,0.38,2.85,14.68666667,3.316666667,354.88,0.65,53.49,8.15,82.67,Maize
1559,dark brown,6.49,209.0,10.0,0.16,1.42,11.9,7.73,9.563333333,13.85333333,12.8,30.82666667,33.61666667,27.11,26.51,11.39,15.65666667,14.20666667,13.64333333,0.38,2.85,14.68666667,3.316666667,354.88,0.65,53.49,8.15,82.67,Maize
1560,brown,5.58,324.0,3.09,0.24,1.89,10.7,8.343333333,9.276666667,12.83666667,11.43333333,28.11333333,31.15666667,25.52666667,24.43,8.733333333,12.25333333,12.97666667,10.7,0.873333333,4.013333333,15.06,4.36,3.44,0.7,48.62,6.1,79.61,Maize
1561,red,5.16,128.0,0.73,0.18,0.95,11.2,8.343333333,9.276666667,12.83666667,11.43333333,28.11333333,31.15666667,25.52666667,24.43,8.733333333,12.25333333,12.97666667,10.7,0.873333333,4.013333333,15.06,4.36,3.44,0.7,48.62,6.1,79.61,Maize
1562,dark brown,5.95,280.0,1.77,0.21,2.03,9.58,8.343333333,9.276666667,12.83666667,11.43333333,28.11333333,31.15666667,25.52666667,24.43,8.733333333,12.25333333,12.97666667,10.7,0.873333333,4.013333333,15.06,4.36,3.44,0.7,48.62,6.1,79.61,Maize
1563,red,5.75,392.0,0.94,0.16,1.24,7.4,8.343333333,9.276666667,12.83666667,11.43333333,28.11333333,31.15666667,25.52666667,24.43,8.733333333,12.25333333,12.97666667,10.7,0.873333333,4.013333333,15.06,4.36,3.44,0.7,48.62,6.1,79.61,Maize
1564,dark brown,5.16,430.0,1.65,0.26,1.61,14.3,8.343333333,9.276666667,12.83666667,11.43333333,28.11333333,31.15666667,25.52666667,24.43,8.733333333,12.25333333,12.97666667,10.7,0.873333333,4.013333333,15.06,4.36,3.44,0.7,48.62,6.1,79.61,Maize
1565,red,5.6,313.0,4.05,0.3,1.35,10.3,8.383333333,9.543333333,13.49,12.63666667,29.17333333,33.1,26.3,25.15333333,8.533333333,13.18333333,13.02666667,11.33666667,0.413333333,4.41,16.62,5.43,0.06,0.7,48.62,6.21,81.38,Maize
1566,red,5.49,394.0,1.64,0.25,2.07,10.3,8.343333333,9.276666667,12.83666667,11.43333333,28.11333333,31.15666667,25.52666667,24.43,8.733333333,12.25333333,12.97666667,10.7,0.873333333,4.013333333,15.06,4.36,3.44,0.7,48.62,6.1,79.61,Maize
1567,dark brown,6.33,647.0,8.5,0.17,3.55,10.9,8.343333333,9.276666667,12.83666667,11.43333333,28.11333333,31.15666667,25.52666667,24.43,8.733333333,12.25333333,12.97666667,10.7,0.873333333,4.013333333,15.06,4.36,3.44,0.7,48.62,6.1,79.61,Maize
1568,reddish brown,5.1,258.0,1.62,0.23,1.88,19.1,8.383333333,9.543333333,13.49,12.63666667,29.17333333,33.1,26.3,25.15333333,8.533333333,13.18333333,13.02666667,11.33666667,0.413333333,4.41,16.62,5.43,0.06,0.7,48.62,6.21,81.38,Maize
1569,reddish brown,5.64,362.0,1.57,0.12,0.92,10.1,7.73,9.563333333,13.85333333,12.8,30.82666667,33.61666667,27.11,26.51,11.39,15.65666667,14.20666667,13.64333333,0.38,2.85,14.68666667,3.316666667,354.88,0.65,53.49,8.15,82.67,Maize
1570,dark brown,5.61,341.0,2.12,0.2,1.52,8.25,8.343333333,9.276666667,12.83666667,11.43333333,28.11333333,31.15666667,25.52666667,24.43,8.733333333,12.25333333,12.97666667,10.7,0.873333333,4.013333333,15.06,4.36,3.44,0.7,48.62,6.1,79.61,Maize
1571,reddish brown,5.27,420.0,1.18,0.31,1.95,11.8,8.343333333,9.276666667,12.83666667,11.43333333,28.11333333,31.15666667,25.52666667,24.43,8.733333333,12.25333333,12.97666667,10.7,0.873333333,4.013333333,15.06,4.36,3.44,0.7,48.62,6.1,79.61,Maize
1572,reddish brown,5.57,478.0,1.65,0.2,2.11,8.38,8.383333333,9.543333333,13.49,12.63666667,29.17333333,33.1,26.3,25.15333333,8.533333333,13.18333333,13.02666667,11.33666667,0.413333333,4.41,16.62,5.43,0.06,0.7,48.62,6.21,81.38,Maize
1573,red,5.35,210.0,0.98,0.21,1.02,9.68,8.383333333,9.543333333,13.49,12.63666667,29.17333333,33.1,26.3,25.15333333,8.533333333,13.18333333,13.02666667,11.33666667,0.413333333,4.41,16.62,5.43,0.06,0.7,48.62,6.21,81.38,Maize
1574,black,6.03,261.0,4.5,0.11,2.06,10.9,7.73,9.563333333,13.85333333,12.8,30.82666667,33.61666667,27.11,26.51,11.39,15.65666667,14.20666667,13.64333333,0.38,2.85,14.68666667,3.316666667,354.88,0.65,53.49,8.15,82.67,Maize
1575,red,5.67,337.0,4.19,0.19,1.25,8.27,7.73,9.563333333,13.85333333,12.8,30.82666667,33.61666667,27.11,26.51,11.39,15.65666667,14.20666667,13.64333333,0.38,2.85,14.68666667,3.316666667,354.88,0.65,53.49,8.15,82.67,Maize
1576,dark brown,6.12,423.0,3.3,0.17,2.06,10.1,7.73,9.563333333,13.85333333,12.8,30.82666667,33.61666667,27.11,26.51,11.39,15.65666667,14.20666667,13.64333333,0.38,2.85,14.68666667,3.316666667,354.88,0.65,53.49,8.15,82.67,Maize
1577,brown,5.67,263.0,4.04,0.25,2.2,7.99,8.343333333,9.276666667,12.83666667,11.43333333,28.11333333,31.15666667,25.52666667,24.43,8.733333333,12.25333333,12.97666667,10.7,0.873333333,4.013333333,15.06,4.36,3.44,0.7,48.62,6.1,79.61,Maize
1578,dark brown,5.63,238.0,2.95,0.14,1.73,11.3,7.73,9.563333333,13.85333333,12.8,30.82666667,33.61666667,27.11,26.51,11.39,15.65666667,14.20666667,13.64333333,0.38,2.85,14.68666667,3.316666667,354.88,0.65,53.49,8.15,82.67,Maize
1579,red,6.07,440.0,14.4,0.18,2.57,4.91,8.383333333,9.543333333,13.49,12.63666667,29.17333333,33.1,26.3,25.15333333,8.533333333,13.18333333,13.02666667,11.33666667,0.413333333,4.41,16.62,5.43,0.06,0.7,48.62,6.21,81.38,Maize
1580,dark brown,5.59,414.0,11.6,0.22,3.51,11.3,8.343333333,9.276666667,12.83666667,11.43333333,28.11333333,31.15666667,25.52666667,24.43,8.733333333,12.25333333,12.97666667,10.7,0.873333333,4.013333333,15.06,4.36,3.44,0.7,48.62,6.1,79.61,Maize
1581,red,5.43,128.0,7.95,0.14,1.14,11.1,8.383333333,9.543333333,13.49,12.63666667,29.17333333,33.1,26.3,25.15333333,8.533333333,13.18333333,13.02666667,11.33666667,0.413333333,4.41,16.62,5.43,0.06,0.7,48.62,6.21,81.38,Maize
1582,brown,6.06,283.0,7.48,0.13,1.16,9.89,7.73,9.563333333,13.85333333,12.8,30.82666667,33.61666667,27.11,26.51,11.39,15.65666667,14.20666667,13.64333333,0.38,2.85,14.68666667,3.316666667,354.88,0.65,53.49,8.15,82.67,Maize
1583,dark brown,5.84,399.0,2.94,0.12,1.37,7.46,7.73,9.563333333,13.85333333,12.8,30.82666667,33.61666667,27.11,26.51,11.39,15.65666667,14.20666667,13.64333333,0.38,2.85,14.68666667,3.316666667,354.88,0.65,53.49,8.15,82.67,Maize
1584,dark brown,5.49,807.0,63.1,0.24,4.03,15.2,7.73,9.563333333,13.85333333,12.8,30.82666667,33.61666667,27.11,26.51,11.39,15.65666667,14.20666667,13.64333333,0.38,2.85,14.68666667,3.316666667,354.88,0.65,53.49,8.15,82.67,Maize
1585,brown,5.5,345.0,1.0,0.2028,2.2,9.0,8.91,9.48,12.24666667,11.10666667,25.20666667,29.71333333,23.59,22.8,5.76,9.296666667,11.20666667,8.26,2.293333333,4.61,17.44666667,5.803333333,68.94,0.73,59.11,5.44,78.25,Niger seed
1586,brown,5.3,219.0,6.0,0.1636,1.4,9.0,7.933333333,8.403333333,11.41333333,10.15,24.85,28.5,23.53333333,21.64666667,6.253333333,9.81,10.58666667,8.38,1.763333333,3.246666667,13.01333333,3.463333333,88.38,0.74,59.11,6.26,76.54,Niger seed
1587,red,5.3,132.0,1.0,0.1588,1.4,12.0,8.91,9.48,12.24666667,11.10666667,25.20666667,29.71333333,23.59,22.8,5.76,9.296666667,11.20666667,8.26,2.293333333,4.61,17.44666667,5.803333333,68.94,0.73,59.11,5.44,78.25,Niger seed
1588,red,4.9,370.0,2.0,0.2244,1.6,16.0,8.91,9.48,12.24666667,11.10666667,25.20666667,29.71333333,23.59,22.8,5.76,9.296666667,11.20666667,8.26,2.293333333,4.61,17.44666667,5.803333333,68.94,0.73,59.11,5.44,78.25,Niger seed
1589,red,5.3,510.0,4.0,0.2266,1.9,14.0,8.91,9.48,12.24666667,11.10666667,25.20666667,29.71333333,23.59,22.8,5.76,9.296666667,11.20666667,8.26,2.293333333,4.61,17.44666667,5.803333333,68.94,0.73,59.11,5.44,78.25,Niger seed
1590,black,6.2,346.0,2.0,0.1357,2.0,5.0,7.933333333,8.403333333,11.41333333,10.15,24.85,28.5,23.53333333,21.64666667,6.253333333,9.81,10.58666667,8.38,1.763333333,3.246666667,13.01333333,3.463333333,88.38,0.74,59.11,6.26,76.54,Niger seed
1591,red,5.4,310.0,1.0,0.2121,1.5,8.0,8.91,9.48,12.24666667,11.10666667,25.20666667,29.71333333,23.59,22.8,5.76,9.296666667,11.20666667,8.26,2.293333333,4.61,17.44666667,5.803333333,68.94,0.73,59.11,5.44,78.25,Niger seed
1592,red,5.9,209.0,2.0,0.1676,1.3,13.0,8.91,9.48,12.24666667,11.10666667,25.20666667,29.71333333,23.59,22.8,5.76,9.296666667,11.20666667,8.26,2.293333333,4.61,17.44666667,5.803333333,68.94,0.73,59.11,5.44,78.25,Niger seed
1593,red,5.5,129.0,1.0,0.0999,0.7,15.0,8.91,9.48,12.24666667,11.10666667,25.20666667,29.71333333,23.59,22.8,5.76,9.296666667,11.20666667,8.26,2.293333333,4.61,17.44666667,5.803333333,68.94,0.73,59.11,5.44,78.25,Niger seed
1594,dark brown,7.42,380.0,13.9,0.15,1.82,7.69,7.933333333,8.403333333,11.41333333,10.15,24.85,28.5,23.53333333,21.64666667,6.253333333,9.81,10.58666667,8.38,1.763333333,3.246666667,13.01333333,3.463333333,88.38,0.74,59.11,6.26,76.54,Niger seed
1595,reddish brown,6.99,146.0,8.97,0.11,1.49,9.05,7.933333333,8.403333333,11.41333333,10.15,24.85,28.5,23.53333333,21.64666667,6.253333333,9.81,10.58666667,8.38,1.763333333,3.246666667,13.01333333,3.463333333,88.38,0.74,59.11,6.26,76.54,Niger seed
1596,red,5.0,233.0,3.0,0.2422,0.7,15.0,8.91,9.48,12.24666667,11.10666667,25.20666667,29.71333333,23.59,22.8,5.76,9.296666667,11.20666667,8.26,2.293333333,4.61,17.44666667,5.803333333,68.94,0.73,59.11,5.44,78.25,Niger seed
1597,dark grayish brown,5.89,214.0,1.62,0.16,1.89,8.1,8.016666667,8.503333333,12.59333333,10.98666667,30.62333333,33.21666667,27.53333333,26.29,8.883333333,12.68666667,13.17,10.74666667,0.75,2.37,8.35,2.156666667,67.12,0.62,57.49,5.56,81.4,Niger seed
1598,black,6.9,441.0,4.0,0.1311,1.6,5.0,9.723333333,10.70333333,13.77333333,12.65666667,28.04,32.58,25.64333333,25.47333333,8.783333333,12.89,14.08666667,11.01,2.78,5.403333333,19.36333333,6.98,343.44,0.73,59.11,5.19,82.6,Niger seed
1599,brown,5.4,448.0,2.0,0.208,1.9,9.0,8.91,9.48,12.24666667,11.10666667,25.20666667,29.71333333,23.59,22.8,5.76,9.296666667,11.20666667,8.26,2.293333333,4.61,17.44666667,5.803333333,68.94,0.73,59.11,5.44,78.25,Niger seed
1600,black,6.5,422.0,3.0,0.1214,1.5,6.0,9.723333333,10.70333333,13.77333333,12.65666667,28.04,32.58,25.64333333,25.47333333,8.783333333,12.89,14.08666667,11.01,2.78,5.403333333,19.36333333,6.98,343.44,0.73,59.11,5.19,82.6,Niger seed
1601,black,6.8,504.0,5.0,0.1456,1.4,7.0,9.723333333,10.70333333,13.77333333,12.65666667,28.04,32.58,25.64333333,25.47333333,8.783333333,12.89,14.08666667,11.01,2.78,5.403333333,19.36333333,6.98,343.44,0.73,59.11,5.19,82.6,Niger seed
1602,black,5.5,230.0,2.0,0.1539,1.9,11.0,8.91,9.48,12.24666667,11.10666667,25.20666667,29.71333333,23.59,22.8,5.76,9.296666667,11.20666667,8.26,2.293333333,4.61,17.44666667,5.803333333,68.94,0.73,59.11,5.44,78.25,Niger seed
1603,black,5.8,355.0,2.0,0.1136,1.7,8.0,8.91,9.48,12.24666667,11.10666667,25.20666667,29.71333333,23.59,22.8,5.76,9.296666667,11.20666667,8.26,2.293333333,4.61,17.44666667,5.803333333,68.94,0.73,59.11,5.44,78.25,Niger seed
1604,black,7.3,433.0,4.0,0.131,1.5,11.0,8.91,9.48,12.24666667,11.10666667,25.20666667,29.71333333,23.59,22.8,5.76,9.296666667,11.20666667,8.26,2.293333333,4.61,17.44666667,5.803333333,68.94,0.73,59.11,5.44,78.25,Niger seed
1605,red,5.2,114.0,3.0,0.2158,0.7,18.0,8.566666667,9.663333333,12.73666667,11.78,25.88333333,30.05666667,23.65,22.84666667,6.626666667,10.35,11.17333333,9.1,1.343333333,5.66,19.92,7.42,14.25,0.8,59.11,6.06,78.58,Niger seed
1606,red,5.2,233.0,2.0,0.2158,0.7,13.0,8.383333333,9.543333333,13.49,12.63666667,29.17333333,33.1,26.3,25.15333333,8.533333333,13.18333333,13.02666667,11.33666667,0.413333333,4.41,16.62,5.43,0.06,0.7,48.62,6.21,81.38,Niger seed
1607,brown,4.6,131.0,2.0,0.2527,1.2,18.0,8.383333333,9.543333333,13.49,12.63666667,29.17333333,33.1,26.3,25.15333333,8.533333333,13.18333333,13.02666667,11.33666667,0.413333333,4.41,16.62,5.43,0.06,0.7,48.62,6.21,81.38,Niger seed
1608,red,5.2,148.0,1.0,0.2158,0.5,15.0,8.383333333,9.543333333,13.49,12.63666667,29.17333333,33.1,26.3,25.15333333,8.533333333,13.18333333,13.02666667,11.33666667,0.413333333,4.41,16.62,5.43,0.06,0.7,48.62,6.21,81.38,Niger seed
1609,red,5.6,327.0,1.0,0.1653,1.0,16.0,8.343333333,9.276666667,12.83666667,11.43333333,28.11333333,31.15666667,25.52666667,24.43,8.733333333,12.25333333,12.97666667,10.7,0.873333333,4.013333333,15.06,4.36,3.44,0.7,48.62,6.1,79.61,Niger seed
1610,red,5.6,116.0,2.0,0.1697,1.0,12.0,8.383333333,9.543333333,13.49,12.63666667,29.17333333,33.1,26.3,25.15333333,8.533333333,13.18333333,13.02666667,11.33666667,0.413333333,4.41,16.62,5.43,0.06,0.7,48.62,6.21,81.38,Niger seed
1611,red,5.3,351.0,2.0,0.1935,1.2,16.0,8.383333333,9.543333333,13.49,12.63666667,29.17333333,33.1,26.3,25.15333333,8.533333333,13.18333333,13.02666667,11.33666667,0.413333333,4.41,16.62,5.43,0.06,0.7,48.62,6.21,81.38,Niger seed
1612,red,5.2,440.0,3.0,0.2883,1.9,15.0,8.383333333,9.543333333,13.49,12.63666667,29.17333333,33.1,26.3,25.15333333,8.533333333,13.18333333,13.02666667,11.33666667,0.413333333,4.41,16.62,5.43,0.06,0.7,48.62,6.21,81.38,Niger seed
1613,red,5.6,189.0,2.0,0.1116,1.8,15.0,8.343333333,9.276666667,12.83666667,11.43333333,28.11333333,31.15666667,25.52666667,24.43,8.733333333,12.25333333,12.97666667,10.7,0.873333333,4.013333333,15.06,4.36,3.44,0.7,48.62,6.1,79.61,Niger seed
1614,red,5.2,157.0,2.0,0.1745,1.0,15.0,8.383333333,9.543333333,13.49,12.63666667,29.17333333,33.1,26.3,25.15333333,8.533333333,13.18333333,13.02666667,11.33666667,0.413333333,4.41,16.62,5.43,0.06,0.7,48.62,6.21,81.38,Niger seed
1615,red,4.7,161.0,3.0,0.243,2.0,15.0,8.383333333,9.543333333,13.49,12.63666667,29.17333333,33.1,26.3,25.15333333,8.533333333,13.18333333,13.02666667,11.33666667,0.413333333,4.41,16.62,5.43,0.06,0.7,48.62,6.21,81.38,Niger seed
1616,red,5.39,335.0,3.0,0.21,1.1,15.0,8.343333333,9.276666667,12.83666667,11.43333333,28.11333333,31.15666667,25.52666667,24.43,8.733333333,12.25333333,12.97666667,10.7,0.873333333,4.013333333,15.06,4.36,3.44,0.7,48.62,6.1,79.61,Niger seed
1617,red,5.1,193.0,1.0,0.178,0.9,16.0,8.383333333,9.543333333,13.49,12.63666667,29.17333333,33.1,26.3,25.15333333,8.533333333,13.18333333,13.02666667,11.33666667,0.413333333,4.41,16.62,5.43,0.06,0.7,48.62,6.21,81.38,Niger seed
1618,red,5.1,199.0,2.0,0.214,1.9,16.0,8.383333333,9.543333333,13.49,12.63666667,29.17333333,33.1,26.3,25.15333333,8.533333333,13.18333333,13.02666667,11.33666667,0.413333333,4.41,16.62,5.43,0.06,0.7,48.62,6.21,81.38,Niger seed
1619,red,5.39,184.0,2.0,0.21,0.8,12.0,8.343333333,9.276666667,12.83666667,11.43333333,28.11333333,31.15666667,25.52666667,24.43,8.733333333,12.25333333,12.97666667,10.7,0.873333333,4.013333333,15.06,4.36,3.44,0.7,48.62,6.1,79.61,Niger seed
1620,red,5.3,299.0,2.0,0.1823,1.4,14.0,8.383333333,9.543333333,13.49,12.63666667,29.17333333,33.1,26.3,25.15333333,8.533333333,13.18333333,13.02666667,11.33666667,0.413333333,4.41,16.62,5.43,0.06,0.7,48.62,6.21,81.38,Niger seed
1621,red,5.0,252.0,2.0,0.181,1.2,17.0,8.383333333,9.543333333,13.49,12.63666667,29.17333333,33.1,26.3,25.15333333,8.533333333,13.18333333,13.02666667,11.33666667,0.413333333,4.41,16.62,5.43,0.06,0.7,48.62,6.21,81.38,Niger seed
1622,red,5.4,240.0,3.0,0.1691,1.7,12.0,8.343333333,9.276666667,12.83666667,11.43333333,28.11333333,31.15666667,25.52666667,24.43,8.733333333,12.25333333,12.97666667,10.7,0.873333333,4.013333333,15.06,4.36,3.44,0.7,48.62,6.1,79.61,Niger seed
1623,red,5.4,343.0,2.0,0.1614,1.8,12.0,8.343333333,9.276666667,12.83666667,11.43333333,28.11333333,31.15666667,25.52666667,24.43,8.733333333,12.25333333,12.97666667,10.7,0.873333333,4.013333333,15.06,4.36,3.44,0.7,48.62,6.1,79.61,Niger seed
1624,red,4.9,290.0,2.0,0.1518,1.3,19.0,8.343333333,9.276666667,12.83666667,11.43333333,28.11333333,31.15666667,25.52666667,24.43,8.733333333,12.25333333,12.97666667,10.7,0.873333333,4.013333333,15.06,4.36,3.44,0.7,48.62,6.1,79.61,Niger seed
1625,red,5.7,306.0,3.0,0.2086,2.8,9.0,8.383333333,9.543333333,13.49,12.63666667,29.17333333,33.1,26.3,25.15333333,8.533333333,13.18333333,13.02666667,11.33666667,0.413333333,4.41,16.62,5.43,0.06,0.7,48.62,6.21,81.38,Niger seed
1626,brown,5.5,103.0,2.0,0.1151,1.2,15.0,8.91,9.48,12.24666667,11.10666667,25.20666667,29.71333333,23.59,22.8,5.76,9.296666667,11.20666667,8.26,2.293333333,4.61,17.44666667,5.803333333,68.94,0.73,59.11,5.44,78.25,Niger seed
1627,brown,5.5,328.0,2.0,0.1151,1.5,11.0,8.91,9.48,12.24666667,11.10666667,25.20666667,29.71333333,23.59,22.8,5.76,9.296666667,11.20666667,8.26,2.293333333,4.61,17.44666667,5.803333333,68.94,0.73,59.11,5.44,78.25,Niger seed
1628,other,5.7,952.33,5.45,0.252834987,1.76,16.78,8.91,9.48,12.24666667,11.10666667,25.20666667,29.71333333,23.59,22.8,5.76,9.296666667,11.20666667,8.26,2.293333333,4.61,17.44666667,5.803333333,68.94,0.73,59.11,5.44,78.25,Niger seed
1629,red,5.4,248.0,2.0,0.153057985,1.1,22.0,8.91,9.48,12.24666667,11.10666667,25.20666667,29.71333333,23.59,22.8,5.76,9.296666667,11.20666667,8.26,2.293333333,4.61,17.44666667,5.803333333,68.94,0.73,59.11,5.44,78.25,Niger seed
1630,other,5.3,450.0,2.0,0.207024612,1.3,24.0,8.91,9.48,12.24666667,11.10666667,25.20666667,29.71333333,23.59,22.8,5.76,9.296666667,11.20666667,8.26,2.293333333,4.61,17.44666667,5.803333333,68.94,0.73,59.11,5.44,78.25,Niger seed
1631,black,6.0,202.53,4.9,0.226129295,1.84,5.49,8.91,9.48,12.24666667,11.10666667,25.20666667,29.71333333,23.59,22.8,5.76,9.296666667,11.20666667,8.26,2.293333333,4.61,17.44666667,5.803333333,68.94,0.73,59.11,5.44,78.25,Niger seed
1632,black,6.56,259.0,1.0,0.16,0.8,6.0,7.586666667,8.136666667,11.43,10.15,26.32666667,28.97,24.37666667,22.67333333,7.513333333,11.38333333,11.81,10.08666667,0.91,2.266666667,11.76666667,2.96,88.31,0.63,59.11,6.01,77.15,Niger seed
1633,brown,6.0,344.0,8.0,0.1339,3.1,9.0,8.506666667,9.34,12.16666667,10.92666667,25.34333333,28.87,23.33666667,22.28,6.053333333,9.353333333,10.93333333,8.29,1.736666667,5.203333333,17.81666667,5.823333333,36.06,0.77,59.11,5.41,77.29,Niger seed
1634,brown,6.1,171.0,3.0,0.1177,1.8,5.0,8.506666667,9.34,12.16666667,10.92666667,25.34333333,28.87,23.33666667,22.28,6.053333333,9.353333333,10.93333333,8.29,1.736666667,5.203333333,17.81666667,5.823333333,36.06,0.77,59.11,5.41,77.29,Niger seed
1635,black,6.8,518.0,18.0,0.024284862,1.7,7.0,7.586666667,8.136666667,11.43,10.15,26.32666667,28.97,24.37666667,22.67333333,7.513333333,11.38333333,11.81,10.08666667,0.91,2.266666667,11.76666667,2.96,88.31,0.63,59.11,6.01,77.15,Niger seed
1636,brown,6.1,336.38,10.53,0.1177,3.64,10.73,8.566666667,9.663333333,12.73666667,11.78,25.88333333,30.05666667,23.65,22.84666667,6.626666667,10.35,11.17333333,9.1,1.343333333,5.66,19.92,7.42,14.25,0.8,59.11,6.06,78.58,Niger seed
1637,brown,6.1,160.0,2.0,0.1177,1.8,8.0,8.506666667,9.34,12.16666667,10.92666667,25.34333333,28.87,23.33666667,22.28,6.053333333,9.353333333,10.93333333,8.29,1.736666667,5.203333333,17.81666667,5.823333333,36.06,0.77,59.11,5.41,77.29,Niger seed
1638,black,6.1,220.0,1.0,0.1177,1.1,8.0,8.506666667,9.34,12.16666667,10.92666667,25.34333333,28.87,23.33666667,22.28,6.053333333,9.353333333,10.93333333,8.29,1.736666667,5.203333333,17.81666667,5.823333333,36.06,0.77,59.11,5.41,77.29,Niger seed
1639,black,6.1,251.0,2.0,0.1177,1.1,10.0,8.506666667,9.34,12.16666667,10.92666667,25.34333333,28.87,23.33666667,22.28,6.053333333,9.353333333,10.93333333,8.29,1.736666667,5.203333333,17.81666667,5.823333333,36.06,0.77,59.11,5.41,77.29,Niger seed
1640,brown,5.8,297.0,1.0,0.250293402,1.7,7.0,8.506666667,9.34,12.16666667,10.92666667,25.34333333,28.87,23.33666667,22.28,6.053333333,9.353333333,10.93333333,8.29,1.736666667,5.203333333,17.81666667,5.823333333,36.06,0.77,59.11,5.41,77.29,Niger seed
1641,brown,6.3,113.08,10.42,0.000261711,0.89,5.14,7.586666667,8.136666667,11.43,10.15,26.32666667,28.97,24.37666667,22.67333333,7.513333333,11.38333333,11.81,10.08666667,0.91,2.266666667,11.76666667,2.96,88.31,0.63,59.11,6.01,77.15,Niger seed
1642,black,5.8,211.06,2.59,0.250293402,1.74,4.56,8.506666667,9.34,12.16666667,10.92666667,25.34333333,28.87,23.33666667,22.28,6.053333333,9.353333333,10.93333333,8.29,1.736666667,5.203333333,17.81666667,5.823333333,36.06,0.77,59.11,5.41,77.29,Niger seed
1643,black,5.85,163.0,3.0,0.2289,1.6,6.0,8.506666667,9.34,12.16666667,10.92666667,25.34333333,28.87,23.33666667,22.28,6.053333333,9.353333333,10.93333333,8.29,1.736666667,5.203333333,17.81666667,5.823333333,36.06,0.77,59.11,5.41,77.29,Niger seed
1644,red,5.41,218.0,2.0,0.16,2.3,20.0,8.566666667,9.663333333,12.73666667,11.78,25.88333333,30.05666667,23.65,22.84666667,6.626666667,10.35,11.17333333,9.1,1.343333333,5.66,19.92,7.42,14.25,0.8,59.11,6.06,78.58,Niger seed
1645,brown,6.1,385.0,24.0,0.16,1.7,8.0,7.586666667,8.136666667,11.43,10.15,26.32666667,28.97,24.37666667,22.67333333,7.513333333,11.38333333,11.81,10.08666667,0.91,2.266666667,11.76666667,2.96,88.31,0.63,59.11,6.01,77.15,Niger seed
1646,black,6.74,280.0,1.0,0.2289,1.2,5.0,8.506666667,9.34,12.16666667,10.92666667,25.34333333,28.87,23.33666667,22.28,6.053333333,9.353333333,10.93333333,8.29,1.736666667,5.203333333,17.81666667,5.823333333,36.06,0.77,59.11,5.41,77.29,Niger seed
1647,brown,5.17,141.63,2.58,0.2289,1.67,13.46,7.586666667,8.136666667,11.43,10.15,26.32666667,28.97,24.37666667,22.67333333,7.513333333,11.38333333,11.81,10.08666667,0.91,2.266666667,11.76666667,2.96,88.31,0.63,59.11,6.01,77.15,Niger seed
1648,red,5.0,121.0,2.0,0.2289,0.5,19.0,7.586666667,8.136666667,11.43,10.15,26.32666667,28.97,24.37666667,22.67333333,7.513333333,11.38333333,11.81,10.08666667,0.91,2.266666667,11.76666667,2.96,88.31,0.63,59.11,6.01,77.15,Niger seed
1649,red,5.4,298.0,9.0,0.1915,1.8,12.0,9.723333333,10.70333333,13.77333333,12.65666667,28.04,32.58,25.64333333,25.47333333,8.783333333,12.89,14.08666667,11.01,2.78,5.403333333,19.36333333,6.98,343.44,0.73,59.11,5.19,82.6,Pea
1650,black,6.26,143.0,0.05,0.143060792,0.8,0.05,9.723333333,10.70333333,13.77333333,12.65666667,28.04,32.58,25.64333333,25.47333333,8.783333333,12.89,14.08666667,11.01,2.78,5.403333333,19.36333333,6.98,343.44,0.73,59.11,5.19,82.6,Pea
1651,black,7.3,275.0,12.0,0.1242,3.4,17.0,9.256666667,9.886666667,13.57,12.14666667,29.72333333,33.97333333,27.76666667,26.52,9.426666667,14.21333333,14.34666667,12.08666667,1.986666667,4.086666667,11.86666667,4.486666667,15.62,0.55,4.86,4.86,83.76,Pea
1652,black,7.6,335.0,15.0,0.101,1.7,5.0,9.256666667,9.886666667,13.57,12.14666667,29.72333333,33.97333333,27.76666667,26.52,9.426666667,14.21333333,14.34666667,12.08666667,1.986666667,4.086666667,11.86666667,4.486666667,15.62,0.55,4.86,4.86,83.76,Pea
1653,black,8.0,239.0,9.0,0.069,2.5,5.0,9.256666667,9.886666667,13.57,12.14666667,29.72333333,33.97333333,27.76666667,26.52,9.426666667,14.21333333,14.34666667,12.08666667,1.986666667,4.086666667,11.86666667,4.486666667,15.62,0.55,4.86,4.86,83.76,Pea
1654,black,6.9,315.0,24.0,0.0906,2.8,8.0,9.256666667,9.886666667,13.57,12.14666667,29.72333333,33.97333333,27.76666667,26.52,9.426666667,14.21333333,14.34666667,12.08666667,1.986666667,4.086666667,11.86666667,4.486666667,15.62,0.55,4.86,4.86,83.76,Pea
1655,black,8.3,682.0,1.0,0.0719,1.0,29.0,8.016666667,8.503333333,12.59333333,10.98666667,30.62333333,33.21666667,27.53333333,26.29,8.883333333,12.68666667,13.17,10.74666667,0.75,2.37,8.35,2.156666667,67.12,0.62,57.49,5.56,81.4,Pea
1656,black,6.3,355.0,1.0,0.0669,1.6,6.0,9.256666667,9.886666667,13.57,12.14666667,29.72333333,33.97333333,27.76666667,26.52,9.426666667,14.21333333,14.34666667,12.08666667,1.986666667,4.086666667,11.86666667,4.486666667,15.62,0.55,4.86,4.86,83.76,Pea
1657,brown,6.4,425.0,3.0,0.178,2.6,8.0,9.256666667,9.886666667,13.57,12.14666667,29.72333333,33.97333333,27.76666667,26.52,9.426666667,14.21333333,14.34666667,12.08666667,1.986666667,4.086666667,11.86666667,4.486666667,15.62,0.55,4.86,4.86,83.76,Pea
1658,black,6.7,659.0,78.0,0.156,3.1,9.0,7.933333333,8.403333333,11.41333333,10.15,24.85,28.5,23.53333333,21.64666667,6.253333333,9.81,10.58666667,8.38,1.763333333,3.246666667,13.01333333,3.463333333,88.38,0.74,59.11,6.26,76.54,Pea
1659,black,7.3,586.0,15.0,0.1039,1.2,9.0,7.933333333,8.403333333,11.41333333,10.15,24.85,28.5,23.53333333,21.64666667,6.253333333,9.81,10.58666667,8.38,1.763333333,3.246666667,13.01333333,3.463333333,88.38,0.74,59.11,6.26,76.54,Pea
1660,black,5.9,402.0,2.0,0.1237,1.8,8.0,8.91,9.48,12.24666667,11.10666667,25.20666667,29.71333333,23.59,22.8,5.76,9.296666667,11.20666667,8.26,2.293333333,4.61,17.44666667,5.803333333,68.94,0.73,59.11,5.44,78.25,Pea
1661,black,7.87,425.0,3.0,0.09,1.8,6.0,7.933333333,8.403333333,11.41333333,10.15,24.85,28.5,23.53333333,21.64666667,6.253333333,9.81,10.58666667,8.38,1.763333333,3.246666667,13.01333333,3.463333333,88.38,0.74,59.11,6.26,76.54,Pea
1662,black,6.1,214.01,2.0,0.167037589,1.79,3.09,8.91,9.48,12.24666667,11.10666667,25.20666667,29.71333333,23.59,22.8,5.76,9.296666667,11.20666667,8.26,2.293333333,4.61,17.44666667,5.803333333,68.94,0.73,59.11,5.44,78.25,Pea
1663,black,6.1,333.0,3.0,0.1177,1.5,11.0,8.506666667,9.34,12.16666667,10.92666667,25.34333333,28.87,23.33666667,22.28,6.053333333,9.353333333,10.93333333,8.29,1.736666667,5.203333333,17.81666667,5.823333333,36.06,0.77,59.11,5.41,77.29,Pea
1664,black,6.1,326.0,3.0,0.1177,1.0,7.0,8.506666667,9.34,12.16666667,10.92666667,25.34333333,28.87,23.33666667,22.28,6.053333333,9.353333333,10.93333333,8.29,1.736666667,5.203333333,17.81666667,5.823333333,36.06,0.77,59.11,5.41,77.29,Pea
1665,black,5.85,190.0,2.0,0.2289,2.6,10.0,8.506666667,9.34,12.16666667,10.92666667,25.34333333,28.87,23.33666667,22.28,6.053333333,9.353333333,10.93333333,8.29,1.736666667,5.203333333,17.81666667,5.823333333,36.06,0.77,59.11,5.41,77.29,Pea
1666,black,5.85,306.0,1.0,0.2289,1.2,6.0,8.506666667,9.34,12.16666667,10.92666667,25.34333333,28.87,23.33666667,22.28,6.053333333,9.353333333,10.93333333,8.29,1.736666667,5.203333333,17.81666667,5.823333333,36.06,0.77,59.11,5.41,77.29,Pea
1667,black,5.85,430.0,2.0,0.2289,0.7,5.0,8.506666667,9.34,12.16666667,10.92666667,25.34333333,28.87,23.33666667,22.28,6.053333333,9.353333333,10.93333333,8.29,1.736666667,5.203333333,17.81666667,5.823333333,36.06,0.77,59.11,5.41,77.29,Pea
1668,black,5.85,289.0,2.0,0.2289,1.1,6.0,8.506666667,9.34,12.16666667,10.92666667,25.34333333,28.87,23.33666667,22.28,6.053333333,9.353333333,10.93333333,8.29,1.736666667,5.203333333,17.81666667,5.823333333,36.06,0.77,59.11,5.41,77.29,Pea
1669,black,5.85,460.0,5.0,0.2289,1.6,6.0,8.506666667,9.34,12.16666667,10.92666667,25.34333333,28.87,23.33666667,22.28,6.053333333,9.353333333,10.93333333,8.29,1.736666667,5.203333333,17.81666667,5.823333333,36.06,0.77,59.11,5.41,77.29,Pea
1670,brown,6.4,214.0,3.0,0.1073,1.2,4.0,8.506666667,9.34,12.16666667,10.92666667,25.34333333,28.87,23.33666667,22.28,6.053333333,9.353333333,10.93333333,8.29,1.736666667,5.203333333,17.81666667,5.823333333,36.06,0.77,59.11,5.41,77.29,Pea
1671,black,7.3,287.0,1.0,0.0709,1.7,6.0,8.506666667,9.34,12.16666667,10.92666667,25.34333333,28.87,23.33666667,22.28,6.053333333,9.353333333,10.93333333,8.29,1.736666667,5.203333333,17.81666667,5.823333333,36.06,0.77,59.11,5.41,77.29,Pea
1672,brown,6.1,216.0,6.0,0.1859,1.2,5.0,8.506666667,9.34,12.16666667,10.92666667,25.34333333,28.87,23.33666667,22.28,6.053333333,9.353333333,10.93333333,8.29,1.736666667,5.203333333,17.81666667,5.823333333,36.06,0.77,59.11,5.41,77.29,Pea
1673,black,6.3,246.0,1.4,0.109118423,1.1,2.3,8.506666667,9.34,12.16666667,10.92666667,25.34333333,28.87,23.33666667,22.28,6.053333333,9.353333333,10.93333333,8.29,1.736666667,5.203333333,17.81666667,5.823333333,36.06,0.77,59.11,5.41,77.29,Pea
1674,brown,5.84,552.0,95.6,0.150259886,3.1,6.9,8.506666667,9.34,12.16666667,10.92666667,25.34333333,28.87,23.33666667,22.28,6.053333333,9.353333333,10.93333333,8.29,1.736666667,5.203333333,17.81666667,5.823333333,36.06,0.77,59.11,5.41,77.29,Pea
1675,red,5.84,78.0,1.5,0.150259886,1.3,4.7,8.506666667,9.34,12.16666667,10.92666667,25.34333333,28.87,23.33666667,22.28,6.053333333,9.353333333,10.93333333,8.29,1.736666667,5.203333333,17.81666667,5.823333333,36.06,0.77,59.11,5.41,77.29,Pea
1676,black,6.76,354.0,1.7,0.106543564,1.0,2.0,8.506666667,9.34,12.16666667,10.92666667,25.34333333,28.87,23.33666667,22.28,6.053333333,9.353333333,10.93333333,8.29,1.736666667,5.203333333,17.81666667,5.823333333,36.06,0.77,59.11,5.41,77.29,Pea
1677,brown,6.2,185.0,2.0,0.0658,1.2,3.0,8.506666667,9.34,12.16666667,10.92666667,25.34333333,28.87,23.33666667,22.28,6.053333333,9.353333333,10.93333333,8.29,1.736666667,5.203333333,17.81666667,5.823333333,36.06,0.77,59.11,5.41,77.29,Pea
1678,brown,7.1,259.0,2.0,0.0571,0.8,5.0,8.343333333,9.276666667,12.83666667,11.43333333,28.11333333,31.15666667,25.52666667,24.43,8.733333333,12.25333333,12.97666667,10.7,0.873333333,4.013333333,15.06,4.36,3.44,0.7,48.62,6.1,79.61,Pea
1679,black,6.4,386.0,1.0,0.0807,0.9,5.0,8.343333333,9.276666667,12.83666667,11.43333333,28.11333333,31.15666667,25.52666667,24.43,8.733333333,12.25333333,12.97666667,10.7,0.873333333,4.013333333,15.06,4.36,3.44,0.7,48.62,6.1,79.61,Pea
1680,black,5.9,466.0,3.0,0.1314,1.0,5.0,8.343333333,9.276666667,12.83666667,11.43333333,28.11333333,31.15666667,25.52666667,24.43,8.733333333,12.25333333,12.97666667,10.7,0.873333333,4.013333333,15.06,4.36,3.44,0.7,48.62,6.1,79.61,Pea
1681,black,6.27,434.0,8.66,0.13,3.83,18.1,7.73,9.563333333,13.85333333,12.8,30.82666667,33.61666667,27.11,26.51,11.39,15.65666667,14.20666667,13.64333333,0.38,2.85,14.68666667,3.316666667,354.88,0.65,53.49,8.15,82.67,Pea
1682,black,6.3,303.0,7.0,0.0732,1.2,7.0,8.506666667,9.34,12.16666667,10.92666667,25.34333333,28.87,23.33666667,22.28,6.053333333,9.353333333,10.93333333,8.29,1.736666667,5.203333333,17.81666667,5.823333333,36.06,0.77,59.11,5.41,77.29,Pea
1683,black,7.9,261.0,3.0,0.0834,1.1,19.0,9.256666667,9.886666667,13.57,12.14666667,29.72333333,33.97333333,27.76666667,26.52,9.426666667,14.21333333,14.34666667,12.08666667,1.986666667,4.086666667,11.86666667,4.486666667,15.62,0.55,4.86,4.86,83.76,Pea
1684,black,6.1,466.0,17.0,0.1582,3.6,9.0,8.016666667,8.503333333,12.59333333,10.98666667,30.62333333,33.21666667,27.53333333,26.29,8.883333333,12.68666667,13.17,10.74666667,0.75,2.37,8.35,2.156666667,67.12,0.62,57.49,5.56,81.4,Pea
1685,black,6.95,640.0,7.0,0.09,1.2,7.0,7.933333333,8.403333333,11.41333333,10.15,24.85,28.5,23.53333333,21.64666667,6.253333333,9.81,10.58666667,8.38,1.763333333,3.246666667,13.01333333,3.463333333,88.38,0.74,59.11,6.26,76.54,Pea
1686,black,7.68,444.0,2.0,0.09,1.1,5.0,7.933333333,8.403333333,11.41333333,10.15,24.85,28.5,23.53333333,21.64666667,6.253333333,9.81,10.58666667,8.38,1.763333333,3.246666667,13.01333333,3.463333333,88.38,0.74,59.11,6.26,76.54,Pea
1687,brown,5.4,299.0,4.0,0.1333,0.9,6.0,8.506666667,9.34,12.16666667,10.92666667,25.34333333,28.87,23.33666667,22.28,6.053333333,9.353333333,10.93333333,8.29,1.736666667,5.203333333,17.81666667,5.823333333,36.06,0.77,59.11,5.41,77.29,Pea
1688,red,5.8,245.0,8.0,0.195910715,1.6,6.0,7.586666667,8.136666667,11.43,10.15,26.32666667,28.97,24.37666667,22.67333333,7.513333333,11.38333333,11.81,10.08666667,0.91,2.266666667,11.76666667,2.96,88.31,0.63,59.11,6.01,77.15,Pea
1689,black,5.85,347.0,2.0,0.2289,1.2,6.0,8.506666667,9.34,12.16666667,10.92666667,25.34333333,28.87,23.33666667,22.28,6.053333333,9.353333333,10.93333333,8.29,1.736666667,5.203333333,17.81666667,5.823333333,36.06,0.77,59.11,5.41,77.29,Pea
1690,brown,5.8,260.0,9.0,0.195910715,1.2,7.0,8.566666667,9.663333333,12.73666667,11.78,25.88333333,30.05666667,23.65,22.84666667,6.626666667,10.35,11.17333333,9.1,1.343333333,5.66,19.92,7.42,14.25,0.8,59.11,6.06,78.58,Pea
1691,gray,6.1,128.0,8.0,0.253708879,0.6,14.0,8.91,9.48,12.24666667,11.10666667,25.20666667,29.71333333,23.59,22.8,5.76,9.296666667,11.20666667,8.26,2.293333333,4.61,17.44666667,5.803333333,68.94,0.73,59.11,5.44,78.25,Pea
1692,red,5.8,461.0,2.0,0.217,1.4,7.0,8.91,9.48,12.24666667,11.10666667,25.20666667,29.71333333,23.59,22.8,5.76,9.296666667,11.20666667,8.26,2.293333333,4.61,17.44666667,5.803333333,68.94,0.73,59.11,5.44,78.25,Pea
1693,brown,5.3,287.0,1.0,0.207024612,1.0,20.0,8.91,9.48,12.24666667,11.10666667,25.20666667,29.71333333,23.59,22.8,5.76,9.296666667,11.20666667,8.26,2.293333333,4.61,17.44666667,5.803333333,68.94,0.73,59.11,5.44,78.25,Pea
1694,gray,5.37,128.0,3.0,0.1639,1.3,25.0,8.91,9.48,12.24666667,11.10666667,25.20666667,29.71333333,23.59,22.8,5.76,9.296666667,11.20666667,8.26,2.293333333,4.61,17.44666667,5.803333333,68.94,0.73,59.11,5.44,78.25,Pea
1695,red,5.7,345.0,3.0,0.217347627,1.1,19.0,8.91,9.48,12.24666667,11.10666667,25.20666667,29.71333333,23.59,22.8,5.76,9.296666667,11.20666667,8.26,2.293333333,4.61,17.44666667,5.803333333,68.94,0.73,59.11,5.44,78.25,Pea
1696,brown,5.51,103.0,2.1,0.16,1.06,11.5,8.383333333,9.543333333,13.49,12.63666667,29.17333333,33.1,26.3,25.15333333,8.533333333,13.18333333,13.02666667,11.33666667,0.413333333,4.41,16.62,5.43,0.06,0.7,48.62,6.21,81.38,Pea
1697,red,6.34,499.0,5.16,0.18,1.93,12.3,7.73,9.563333333,13.85333333,12.8,30.82666667,33.61666667,27.11,26.51,11.39,15.65666667,14.20666667,13.64333333,0.38,2.85,14.68666667,3.316666667,354.88,0.65,53.49,8.15,82.67,Pea
1698,brown,6.18,504.0,10.0,0.15,2.64,11.0,7.73,9.563333333,13.85333333,12.8,30.82666667,33.61666667,27.11,26.51,11.39,15.65666667,14.20666667,13.64333333,0.38,2.85,14.68666667,3.316666667,354.88,0.65,53.49,8.15,82.67,Pea
1699,black,6.48,467.0,9.41,0.11,2.0,13.1,7.73,9.563333333,13.85333333,12.8,30.82666667,33.61666667,27.11,26.51,11.39,15.65666667,14.20666667,13.64333333,0.38,2.85,14.68666667,3.316666667,354.88,0.65,53.49,8.15,82.67,Pea
1700,brown,5.8,235.76,10.36,0.250293402,2.16,3.73,8.506666667,9.34,12.16666667,10.92666667,25.34333333,28.87,23.33666667,22.28,6.053333333,9.353333333,10.93333333,8.29,1.736666667,5.203333333,17.81666667,5.823333333,36.06,0.77,59.11,5.41,77.29,Pea
1701,black,6.62,241.0,1.0,0.156888135,1.5,7.7,8.506666667,9.34,12.16666667,10.92666667,25.34333333,28.87,23.33666667,22.28,6.053333333,9.353333333,10.93333333,8.29,1.736666667,5.203333333,17.81666667,5.823333333,36.06,0.77,59.11,5.41,77.29,Pea
1702,black,6.62,169.0,0.7,0.156888135,1.3,2.7,8.506666667,9.34,12.16666667,10.92666667,25.34333333,28.87,23.33666667,22.28,6.053333333,9.353333333,10.93333333,8.29,1.736666667,5.203333333,17.81666667,5.823333333,36.06,0.77,59.11,5.41,77.29,Pea
1703,brown,5.58,287.0,2.2,0.107446046,1.2,5.4,8.506666667,9.34,12.16666667,10.92666667,25.34333333,28.87,23.33666667,22.28,6.053333333,9.353333333,10.93333333,8.29,1.736666667,5.203333333,17.81666667,5.823333333,36.06,0.77,59.11,5.41,77.29,Pea
1704,black,6.62,166.0,0.05,0.075877274,1.3,0.05,8.506666667,9.34,12.16666667,10.92666667,25.34333333,28.87,23.33666667,22.28,6.053333333,9.353333333,10.93333333,8.29,1.736666667,5.203333333,17.81666667,5.823333333,36.06,0.77,59.11,5.41,77.29,Pea
1705,black,6.06,326.0,0.7,0.083567161,1.4,3.2,8.506666667,9.34,12.16666667,10.92666667,25.34333333,28.87,23.33666667,22.28,6.053333333,9.353333333,10.93333333,8.29,1.736666667,5.203333333,17.81666667,5.823333333,36.06,0.77,59.11,5.41,77.29,Pea
1706,black,6.06,114.0,1.9,0.083567161,1.0,2.2,8.506666667,9.34,12.16666667,10.92666667,25.34333333,28.87,23.33666667,22.28,6.053333333,9.353333333,10.93333333,8.29,1.736666667,5.203333333,17.81666667,5.823333333,36.06,0.77,59.11,5.41,77.29,Pea
1707,black,5.4,280.0,2.0,0.2543,1.3,11.0,8.506666667,9.34,12.16666667,10.92666667,25.34333333,28.87,23.33666667,22.28,6.053333333,9.353333333,10.93333333,8.29,1.736666667,5.203333333,17.81666667,5.823333333,36.06,0.77,59.11,5.41,77.29,Pea
1708,brown,5.3,212.0,3.0,0.1993,1.2,13.0,8.506666667,9.34,12.16666667,10.92666667,25.34333333,28.87,23.33666667,22.28,6.053333333,9.353333333,10.93333333,8.29,1.736666667,5.203333333,17.81666667,5.823333333,36.06,0.77,59.11,5.41,77.29,Pea
1709,black,6.7,550.0,10.0,0.071,1.8,4.0,8.506666667,9.34,12.16666667,10.92666667,25.34333333,28.87,23.33666667,22.28,6.053333333,9.353333333,10.93333333,8.29,1.736666667,5.203333333,17.81666667,5.823333333,36.06,0.77,59.11,5.41,77.29,Pea
1710,black,7.1,295.0,2.0,0.083,1.1,4.0,8.506666667,9.34,12.16666667,10.92666667,25.34333333,28.87,23.33666667,22.28,6.053333333,9.353333333,10.93333333,8.29,1.736666667,5.203333333,17.81666667,5.823333333,36.06,0.77,59.11,5.41,77.29,Pea
1711,black,5.9,233.0,0.05,0.0785,0.8,5.5,8.506666667,9.34,12.16666667,10.92666667,25.34333333,28.87,23.33666667,22.28,6.053333333,9.353333333,10.93333333,8.29,1.736666667,5.203333333,17.81666667,5.823333333,36.06,0.77,59.11,5.41,77.29,Pea
1712,black,6.2,407.0,2.0,0.0625,1.4,9.0,8.343333333,9.276666667,12.83666667,11.43333333,28.11333333,31.15666667,25.52666667,24.43,8.733333333,12.25333333,12.97666667,10.7,0.873333333,4.013333333,15.06,4.36,3.44,0.7,48.62,6.1,79.61,Pea
1713,black,6.7,372.0,2.0,0.0741,0.8,3.0,8.343333333,9.276666667,12.83666667,11.43333333,28.11333333,31.15666667,25.52666667,24.43,8.733333333,12.25333333,12.97666667,10.7,0.873333333,4.013333333,15.06,4.36,3.44,0.7,48.62,6.1,79.61,Pea
1714,black,7.3,342.0,3.0,0.0664,1.0,7.0,8.343333333,9.276666667,12.83666667,11.43333333,28.11333333,31.15666667,25.52666667,24.43,8.733333333,12.25333333,12.97666667,10.7,0.873333333,4.013333333,15.06,4.36,3.44,0.7,48.62,6.1,79.61,Pea
1715,black,7.6,504.0,3.0,0.0855,1.4,6.0,8.343333333,9.276666667,12.83666667,11.43333333,28.11333333,31.15666667,25.52666667,24.43,8.733333333,12.25333333,12.97666667,10.7,0.873333333,4.013333333,15.06,4.36,3.44,0.7,48.62,6.1,79.61,Pea
1716,black,7.5,298.0,1.0,0.0507,0.7,3.0,8.343333333,9.276666667,12.83666667,11.43333333,28.11333333,31.15666667,25.52666667,24.43,8.733333333,12.25333333,12.97666667,10.7,0.873333333,4.013333333,15.06,4.36,3.44,0.7,48.62,6.1,79.61,Pea
1717,black,7.0,348.0,1.0,0.0713,0.9,3.0,8.343333333,9.276666667,12.83666667,11.43333333,28.11333333,31.15666667,25.52666667,24.43,8.733333333,12.25333333,12.97666667,10.7,0.873333333,4.013333333,15.06,4.36,3.44,0.7,48.62,6.1,79.61,Pea
1718,black,6.7,359.0,1.0,0.0696,0.8,3.0,8.343333333,9.276666667,12.83666667,11.43333333,28.11333333,31.15666667,25.52666667,24.43,8.733333333,12.25333333,12.97666667,10.7,0.873333333,4.013333333,15.06,4.36,3.44,0.7,48.62,6.1,79.61,Pea
1719,black,7.7,371.0,1.0,0.0489,1.0,3.0,8.343333333,9.276666667,12.83666667,11.43333333,28.11333333,31.15666667,25.52666667,24.43,8.733333333,12.25333333,12.97666667,10.7,0.873333333,4.013333333,15.06,4.36,3.44,0.7,48.62,6.1,79.61,Pea
1720,black,7.1,193.0,3.0,0.0683,1.0,4.0,8.343333333,9.276666667,12.83666667,11.43333333,28.11333333,31.15666667,25.52666667,24.43,8.733333333,12.25333333,12.97666667,10.7,0.873333333,4.013333333,15.06,4.36,3.44,0.7,48.62,6.1,79.61,Pea
1721,black,6.0,411.0,2.0,0.0969,1.0,5.0,8.343333333,9.276666667,12.83666667,11.43333333,28.11333333,31.15666667,25.52666667,24.43,8.733333333,12.25333333,12.97666667,10.7,0.873333333,4.013333333,15.06,4.36,3.44,0.7,48.62,6.1,79.61,Pea
1722,black,6.2,406.0,1.0,0.1007,0.8,4.0,8.343333333,9.276666667,12.83666667,11.43333333,28.11333333,31.15666667,25.52666667,24.43,8.733333333,12.25333333,12.97666667,10.7,0.873333333,4.013333333,15.06,4.36,3.44,0.7,48.62,6.1,79.61,Pea
1723,black,6.5,390.0,1.0,0.129,0.8,4.0,8.343333333,9.276666667,12.83666667,11.43333333,28.11333333,31.15666667,25.52666667,24.43,8.733333333,12.25333333,12.97666667,10.7,0.873333333,4.013333333,15.06,4.36,3.44,0.7,48.62,6.1,79.61,Pea
1724,black,6.0,301.0,2.0,0.1138,1.1,4.0,8.343333333,9.276666667,12.83666667,11.43333333,28.11333333,31.15666667,25.52666667,24.43,8.733333333,12.25333333,12.97666667,10.7,0.873333333,4.013333333,15.06,4.36,3.44,0.7,48.62,6.1,79.61,Pea
1725,black,6.3,297.0,12.0,0.0798,5.8,8.0,9.256666667,9.886666667,13.57,12.14666667,29.72333333,33.97333333,27.76666667,26.52,9.426666667,14.21333333,14.34666667,12.08666667,1.986666667,4.086666667,11.86666667,4.486666667,15.62,0.55,4.86,4.86,83.76,Pea
1726,black,6.6,245.0,29.0,0.0442,1.5,3.0,9.256666667,9.886666667,13.57,12.14666667,29.72333333,33.97333333,27.76666667,26.52,9.426666667,14.21333333,14.34666667,12.08666667,1.986666667,4.086666667,11.86666667,4.486666667,15.62,0.55,4.86,4.86,83.76,Pea
1727,red,5.6,503.0,1.0,0.112,1.4,10.0,8.016666667,8.503333333,12.59333333,10.98666667,30.62333333,33.21666667,27.53333333,26.29,8.883333333,12.68666667,13.17,10.74666667,0.75,2.37,8.35,2.156666667,67.12,0.62,57.49,5.56,81.4,Pea
1728,black,6.4,338.0,5.0,0.144,2.5,8.0,9.256666667,9.886666667,13.57,12.14666667,29.72333333,33.97333333,27.76666667,26.52,9.426666667,14.21333333,14.34666667,12.08666667,1.986666667,4.086666667,11.86666667,4.486666667,15.62,0.55,4.86,4.86,83.76,Pea
1729,red,5.4,448.0,12.0,0.1695,1.5,6.0,7.933333333,8.403333333,11.41333333,10.15,24.85,28.5,23.53333333,21.64666667,6.253333333,9.81,10.58666667,8.38,1.763333333,3.246666667,13.01333333,3.463333333,88.38,0.74,59.11,6.26,76.54,Pea
1730,black,6.0,133.0,8.0,0.179883668,2.9,13.0,8.91,9.48,12.24666667,11.10666667,25.20666667,29.71333333,23.59,22.8,5.76,9.296666667,11.20666667,8.26,2.293333333,4.61,17.44666667,5.803333333,68.94,0.73,59.11,5.44,78.25,Pea
1731,black,7.7,435.0,6.0,0.1058,1.1,7.0,7.933333333,8.403333333,11.41333333,10.15,24.85,28.5,23.53333333,21.64666667,6.253333333,9.81,10.58666667,8.38,1.763333333,3.246666667,13.01333333,3.463333333,88.38,0.74,59.11,6.26,76.54,Pea
1732,black,7.1,507.0,1.0,0.0837,0.7,3.0,7.933333333,8.403333333,11.41333333,10.15,24.85,28.5,23.53333333,21.64666667,6.253333333,9.81,10.58666667,8.38,1.763333333,3.246666667,13.01333333,3.463333333,88.38,0.74,59.11,6.26,76.54,Pea
1733,black,6.0,384.0,2.0,0.133,0.9,7.0,7.933333333,8.403333333,11.41333333,10.15,24.85,28.5,23.53333333,21.64666667,6.253333333,9.81,10.58666667,8.38,1.763333333,3.246666667,13.01333333,3.463333333,88.38,0.74,59.11,6.26,76.54,Pea
1734,dark reddish brown,7.09,165.0,0.72,0.09,1.23,8.32,7.933333333,8.403333333,11.41333333,10.15,24.85,28.5,23.53333333,21.64666667,6.253333333,9.81,10.58666667,8.38,1.763333333,3.246666667,13.01333333,3.463333333,88.38,0.74,59.11,6.26,76.54,Pea
1735,dark reddish brown,6.4,202.0,1.42,0.13,1.53,6.89,7.933333333,8.403333333,11.41333333,10.15,24.85,28.5,23.53333333,21.64666667,6.253333333,9.81,10.58666667,8.38,1.763333333,3.246666667,13.01333333,3.463333333,88.38,0.74,59.11,6.26,76.54,Pea
1736,brown,6.38,188.0,3.0,0.12,1.5,6.0,7.933333333,8.403333333,11.41333333,10.15,24.85,28.5,23.53333333,21.64666667,6.253333333,9.81,10.58666667,8.38,1.763333333,3.246666667,13.01333333,3.463333333,88.38,0.74,59.11,6.26,76.54,Pea
1737,other,6.5,139.0,9.0,0.076,0.9,4.0,8.506666667,9.34,12.16666667,10.92666667,25.34333333,28.87,23.33666667,22.28,6.053333333,9.353333333,10.93333333,8.29,1.736666667,5.203333333,17.81666667,5.823333333,36.06,0.77,59.11,5.41,77.29,Pea
1738,brown,5.0,183.0,4.0,0.1666,1.0,8.0,8.506666667,9.34,12.16666667,10.92666667,25.34333333,28.87,23.33666667,22.28,6.053333333,9.353333333,10.93333333,8.29,1.736666667,5.203333333,17.81666667,5.823333333,36.06,0.77,59.11,5.41,77.29,Pea
1739,red,5.3,124.0,2.0,0.2164,0.9,12.0,8.506666667,9.34,12.16666667,10.92666667,25.34333333,28.87,23.33666667,22.28,6.053333333,9.353333333,10.93333333,8.29,1.736666667,5.203333333,17.81666667,5.823333333,36.06,0.77,59.11,5.41,77.29,Pea
1740,black,5.9,191.0,4.0,0.1304,1.0,4.0,8.506666667,9.34,12.16666667,10.92666667,25.34333333,28.87,23.33666667,22.28,6.053333333,9.353333333,10.93333333,8.29,1.736666667,5.203333333,17.81666667,5.823333333,36.06,0.77,59.11,5.41,77.29,Pea
1741,black,6.8,287.0,2.0,0.052,1.2,4.0,8.343333333,9.276666667,12.83666667,11.43333333,28.11333333,31.15666667,25.52666667,24.43,8.733333333,12.25333333,12.97666667,10.7,0.873333333,4.013333333,15.06,4.36,3.44,0.7,48.62,6.1,79.61,Pea
1742,brown,6.08,224.0,4.58,0.1,2.06,12.6,8.383333333,9.543333333,13.49,12.63666667,29.17333333,33.1,26.3,25.15333333,8.533333333,13.18333333,13.02666667,11.33666667,0.413333333,4.41,16.62,5.43,0.06,0.7,48.62,6.21,81.38,Pea
1743,brown,6.2,680.0,9.0,0.18,3.2,13.0,8.91,9.48,12.24666667,11.10666667,25.20666667,29.71333333,23.59,22.8,5.76,9.296666667,11.20666667,8.26,2.293333333,4.61,17.44666667,5.803333333,68.94,0.73,59.11,5.44,78.25,Potato
1744,brown,5.04,154.0,3.0,0.1639,0.8,23.0,9.723333333,10.70333333,13.77333333,12.65666667,28.04,32.58,25.64333333,25.47333333,8.783333333,12.89,14.08666667,11.01,2.78,5.403333333,19.36333333,6.98,343.44,0.73,59.11,5.19,82.6,Potato
1745,red,5.67,1007.0,21.0,0.17,3.7,11.0,8.91,9.48,12.24666667,11.10666667,25.20666667,29.71333333,23.59,22.8,5.76,9.296666667,11.20666667,8.26,2.293333333,4.61,17.44666667,5.803333333,68.94,0.73,59.11,5.44,78.25,Potato
1746,red,6.9,959.0,22.0,0.1965,3.2,9.0,7.933333333,8.403333333,11.41333333,10.15,24.85,28.5,23.53333333,21.64666667,6.253333333,9.81,10.58666667,8.38,1.763333333,3.246666667,13.01333333,3.463333333,88.38,0.74,59.11,6.26,76.54,Potato
1747,brown,5.37,357.0,5.0,0.1639,2.4,10.0,8.91,9.48,12.24666667,11.10666667,25.20666667,29.71333333,23.59,22.8,5.76,9.296666667,11.20666667,8.26,2.293333333,4.61,17.44666667,5.803333333,68.94,0.73,59.11,5.44,78.25,Potato
1748,red,5.4,799.94,20.23,0.1255,3.61,6.03,8.91,9.48,12.24666667,11.10666667,25.20666667,29.71333333,23.59,22.8,5.76,9.296666667,11.20666667,8.26,2.293333333,4.61,17.44666667,5.803333333,68.94,0.73,59.11,5.44,78.25,Potato
1749,red,5.4,429.0,11.0,0.1255,1.7,13.0,9.723333333,10.70333333,13.77333333,12.65666667,28.04,32.58,25.64333333,25.47333333,8.783333333,12.89,14.08666667,11.01,2.78,5.403333333,19.36333333,6.98,343.44,0.73,59.11,5.19,82.6,Potato
1750,brown,5.3,257.0,8.0,0.2884,2.8,11.0,7.933333333,8.403333333,11.41333333,10.15,24.85,28.5,23.53333333,21.64666667,6.253333333,9.81,10.58666667,8.38,1.763333333,3.246666667,13.01333333,3.463333333,88.38,0.74,59.11,6.26,76.54,Potato
1751,black,5.4,449.0,18.0,0.1255,2.5,6.0,8.91,9.48,12.24666667,11.10666667,25.20666667,29.71333333,23.59,22.8,5.76,9.296666667,11.20666667,8.26,2.293333333,4.61,17.44666667,5.803333333,68.94,0.73,59.11,5.44,78.25,Potato
1752,brown,5.8,384.0,10.0,0.2656,2.9,7.0,8.91,9.48,12.24666667,11.10666667,25.20666667,29.71333333,23.59,22.8,5.76,9.296666667,11.20666667,8.26,2.293333333,4.61,17.44666667,5.803333333,68.94,0.73,59.11,5.44,78.25,Potato
1753,brown,5.8,700.0,47.0,0.2451,4.3,5.0,8.91,9.48,12.24666667,11.10666667,25.20666667,29.71333333,23.59,22.8,5.76,9.296666667,11.20666667,8.26,2.293333333,4.61,17.44666667,5.803333333,68.94,0.73,59.11,5.44,78.25,Potato
1754,brown,5.6,213.45,4.37,0.372455231,2.88,8.33,8.91,9.48,12.24666667,11.10666667,25.20666667,29.71333333,23.59,22.8,5.76,9.296666667,11.20666667,8.26,2.293333333,4.61,17.44666667,5.803333333,68.94,0.73,59.11,5.44,78.25,Potato
1755,brown,5.8,334.0,3.0,0.250293402,1.7,9.0,8.91,9.48,12.24666667,11.10666667,25.20666667,29.71333333,23.59,22.8,5.76,9.296666667,11.20666667,8.26,2.293333333,4.61,17.44666667,5.803333333,68.94,0.73,59.11,5.44,78.25,Potato
1756,brown,5.8,281.0,18.0,0.250293402,2.2,9.0,8.91,9.48,12.24666667,11.10666667,25.20666667,29.71333333,23.59,22.8,5.76,9.296666667,11.20666667,8.26,2.293333333,4.61,17.44666667,5.803333333,68.94,0.73,59.11,5.44,78.25,Potato
1757,brown,5.8,355.8,6.68,0.250293402,1.22,16.26,8.91,9.48,12.24666667,11.10666667,25.20666667,29.71333333,23.59,22.8,5.76,9.296666667,11.20666667,8.26,2.293333333,4.61,17.44666667,5.803333333,68.94,0.73,59.11,5.44,78.25,Potato
1758,other,5.3,213.0,9.0,0.2279,1.3,21.0,8.91,9.48,12.24666667,11.10666667,25.20666667,29.71333333,23.59,22.8,5.76,9.296666667,11.20666667,8.26,2.293333333,4.61,17.44666667,5.803333333,68.94,0.73,59.11,5.44,78.25,Potato
1759,brown,5.3,468.0,83.0,0.2279,3.5,15.0,7.933333333,8.403333333,11.41333333,10.15,24.85,28.5,23.53333333,21.64666667,6.253333333,9.81,10.58666667,8.38,1.763333333,3.246666667,13.01333333,3.463333333,88.38,0.74,59.11,6.26,76.54,Potato
1760,brown,5.8,503.0,11.0,0.250293402,2.0,11.0,8.506666667,9.34,12.16666667,10.92666667,25.34333333,28.87,23.33666667,22.28,6.053333333,9.353333333,10.93333333,8.29,1.736666667,5.203333333,17.81666667,5.823333333,36.06,0.77,59.11,5.41,77.29,Potato
1761,brown,5.8,275.0,5.0,0.250293402,1.1,14.0,8.506666667,9.34,12.16666667,10.92666667,25.34333333,28.87,23.33666667,22.28,6.053333333,9.353333333,10.93333333,8.29,1.736666667,5.203333333,17.81666667,5.823333333,36.06,0.77,59.11,5.41,77.29,Potato
1762,black,5.8,761.47,45.7,0.250293402,3.65,8.12,8.506666667,9.34,12.16666667,10.92666667,25.34333333,28.87,23.33666667,22.28,6.053333333,9.353333333,10.93333333,8.29,1.736666667,5.203333333,17.81666667,5.823333333,36.06,0.77,59.11,5.41,77.29,Potato
1763,brown,5.3,446.0,22.0,0.2279,1.3,19.0,8.506666667,9.34,12.16666667,10.92666667,25.34333333,28.87,23.33666667,22.28,6.053333333,9.353333333,10.93333333,8.29,1.736666667,5.203333333,17.81666667,5.823333333,36.06,0.77,59.11,5.41,77.29,Potato
1764,brown,5.3,514.0,21.0,0.2279,1.4,22.0,8.506666667,9.34,12.16666667,10.92666667,25.34333333,28.87,23.33666667,22.28,6.053333333,9.353333333,10.93333333,8.29,1.736666667,5.203333333,17.81666667,5.823333333,36.06,0.77,59.11,5.41,77.29,Potato
1765,red,5.8,476.31,8.57,0.250293402,2.69,12.58,8.506666667,9.34,12.16666667,10.92666667,25.34333333,28.87,23.33666667,22.28,6.053333333,9.353333333,10.93333333,8.29,1.736666667,5.203333333,17.81666667,5.823333333,36.06,0.77,59.11,5.41,77.29,Potato
1766,brown,5.3,495.0,34.0,0.2279,1.6,18.0,8.506666667,9.34,12.16666667,10.92666667,25.34333333,28.87,23.33666667,22.28,6.053333333,9.353333333,10.93333333,8.29,1.736666667,5.203333333,17.81666667,5.823333333,36.06,0.77,59.11,5.41,77.29,Potato
1767,brown,5.3,304.0,6.0,0.2279,1.2,15.0,8.506666667,9.34,12.16666667,10.92666667,25.34333333,28.87,23.33666667,22.28,6.053333333,9.353333333,10.93333333,8.29,1.736666667,5.203333333,17.81666667,5.823333333,36.06,0.77,59.11,5.41,77.29,Potato
1768,brown,5.3,715.0,31.0,0.2279,2.5,13.0,8.506666667,9.34,12.16666667,10.92666667,25.34333333,28.87,23.33666667,22.28,6.053333333,9.353333333,10.93333333,8.29,1.736666667,5.203333333,17.81666667,5.823333333,36.06,0.77,59.11,5.41,77.29,Potato
1769,black,5.8,183.0,67.0,0.250293402,0.9,7.0,8.506666667,9.34,12.16666667,10.92666667,25.34333333,28.87,23.33666667,22.28,6.053333333,9.353333333,10.93333333,8.29,1.736666667,5.203333333,17.81666667,5.823333333,36.06,0.77,59.11,5.41,77.29,Potato
1770,brown,6.08,792.0,14.0,0.2289,3.1,13.0,8.566666667,9.663333333,12.73666667,11.78,25.88333333,30.05666667,23.65,22.84666667,6.626666667,10.35,11.17333333,9.1,1.343333333,5.66,19.92,7.42,14.25,0.8,59.11,6.06,78.58,Potato
1771,brown,5.4,204.0,4.0,0.1333,0.9,15.0,8.506666667,9.34,12.16666667,10.92666667,25.34333333,28.87,23.33666667,22.28,6.053333333,9.353333333,10.93333333,8.29,1.736666667,5.203333333,17.81666667,5.823333333,36.06,0.77,59.11,5.41,77.29,Potato
1772,brown,5.4,602.0,43.0,0.1333,4.1,10.0,8.506666667,9.34,12.16666667,10.92666667,25.34333333,28.87,23.33666667,22.28,6.053333333,9.353333333,10.93333333,8.29,1.736666667,5.203333333,17.81666667,5.823333333,36.06,0.77,59.11,5.41,77.29,Potato
1773,brown,5.8,299.0,33.0,0.250293402,3.1,9.0,8.506666667,9.34,12.16666667,10.92666667,25.34333333,28.87,23.33666667,22.28,6.053333333,9.353333333,10.93333333,8.29,1.736666667,5.203333333,17.81666667,5.823333333,36.06,0.77,59.11,5.41,77.29,Potato
1774,black,7.02,271.0,1.0,0.134622792,2.0,11.0,7.586666667,8.136666667,11.43,10.15,26.32666667,28.97,24.37666667,22.67333333,7.513333333,11.38333333,11.81,10.08666667,0.91,2.266666667,11.76666667,2.96,88.31,0.63,59.11,6.01,77.15,Potato
1775,black,5.8,483.0,23.0,0.250293402,1.0,17.0,8.506666667,9.34,12.16666667,10.92666667,25.34333333,28.87,23.33666667,22.28,6.053333333,9.353333333,10.93333333,8.29,1.736666667,5.203333333,17.81666667,5.823333333,36.06,0.77,59.11,5.41,77.29,Potato
1776,brown,5.8,357.0,8.0,0.250293402,1.5,15.0,8.506666667,9.34,12.16666667,10.92666667,25.34333333,28.87,23.33666667,22.28,6.053333333,9.353333333,10.93333333,8.29,1.736666667,5.203333333,17.81666667,5.823333333,36.06,0.77,59.11,5.41,77.29,Potato
1777,brown,5.6,242.07,2.44,0.2289,1.17,18.02,8.566666667,9.663333333,12.73666667,11.78,25.88333333,30.05666667,23.65,22.84666667,6.626666667,10.35,11.17333333,9.1,1.343333333,5.66,19.92,7.42,14.25,0.8,59.11,6.06,78.58,Potato
1778,red,5.8,181.0,1.0,0.250293402,1.3,7.0,8.506666667,9.34,12.16666667,10.92666667,25.34333333,28.87,23.33666667,22.28,6.053333333,9.353333333,10.93333333,8.29,1.736666667,5.203333333,17.81666667,5.823333333,36.06,0.77,59.11,5.41,77.29,Potato
1779,gray,5.8,132.6,5.49,0.250293402,1.52,12.7,8.506666667,9.34,12.16666667,10.92666667,25.34333333,28.87,23.33666667,22.28,6.053333333,9.353333333,10.93333333,8.29,1.736666667,5.203333333,17.81666667,5.823333333,36.06,0.77,59.11,5.41,77.29,Potato
1780,red,5.72,430.51,10.95,0.2289,1.78,12.0,8.566666667,9.663333333,12.73666667,11.78,25.88333333,30.05666667,23.65,22.84666667,6.626666667,10.35,11.17333333,9.1,1.343333333,5.66,19.92,7.42,14.25,0.8,59.11,6.06,78.58,Potato
1781,brown,6.37,147.0,7.0,0.111842553,1.5,6.0,8.506666667,9.34,12.16666667,10.92666667,25.34333333,28.87,23.33666667,22.28,6.053333333,9.353333333,10.93333333,8.29,1.736666667,5.203333333,17.81666667,5.823333333,36.06,0.77,59.11,5.41,77.29,Potato
1782,brown,5.1,252.71,13.87,0.3044,1.49,5.17,8.506666667,9.34,12.16666667,10.92666667,25.34333333,28.87,23.33666667,22.28,6.053333333,9.353333333,10.93333333,8.29,1.736666667,5.203333333,17.81666667,5.823333333,36.06,0.77,59.11,5.41,77.29,Potato
1783,brown,6.25,680.5,9.31,0.2289,3.14,15.89,8.506666667,9.34,12.16666667,10.92666667,25.34333333,28.87,23.33666667,22.28,6.053333333,9.353333333,10.93333333,8.29,1.736666667,5.203333333,17.81666667,5.823333333,36.06,0.77,59.11,5.41,77.29,Potato
1784,brown,5.45,500.0,25.0,0.2289,3.2,10.0,8.506666667,9.34,12.16666667,10.92666667,25.34333333,28.87,23.33666667,22.28,6.053333333,9.353333333,10.93333333,8.29,1.736666667,5.203333333,17.81666667,5.823333333,36.06,0.77,59.11,5.41,77.29,Potato
1785,brown,5.2,220.0,3.0,0.3723,1.1,8.0,8.506666667,9.34,12.16666667,10.92666667,25.34333333,28.87,23.33666667,22.28,6.053333333,9.353333333,10.93333333,8.29,1.736666667,5.203333333,17.81666667,5.823333333,36.06,0.77,59.11,5.41,77.29,Potato
1786,black,5.1,89.0,8.0,0.3044,0.6,12.0,8.506666667,9.34,12.16666667,10.92666667,25.34333333,28.87,23.33666667,22.28,6.053333333,9.353333333,10.93333333,8.29,1.736666667,5.203333333,17.81666667,5.823333333,36.06,0.77,59.11,5.41,77.29,Potato
1787,brown,5.1,346.0,25.0,0.3044,1.7,14.0,8.506666667,9.34,12.16666667,10.92666667,25.34333333,28.87,23.33666667,22.28,6.053333333,9.353333333,10.93333333,8.29,1.736666667,5.203333333,17.81666667,5.823333333,36.06,0.77,59.11,5.41,77.29,Potato
1788,red,5.45,165.0,4.0,0.2289,2.0,12.0,8.506666667,9.34,12.16666667,10.92666667,25.34333333,28.87,23.33666667,22.28,6.053333333,9.353333333,10.93333333,8.29,1.736666667,5.203333333,17.81666667,5.823333333,36.06,0.77,59.11,5.41,77.29,Potato
1789,black,4.5,224.0,15.0,0.6956,1.7,22.0,8.506666667,9.34,12.16666667,10.92666667,25.34333333,28.87,23.33666667,22.28,6.053333333,9.353333333,10.93333333,8.29,1.736666667,5.203333333,17.81666667,5.823333333,36.06,0.77,59.11,5.41,77.29,Potato
1790,brown,5.49,144.0,39.0,0.195910715,1.2,12.0,7.586666667,8.136666667,11.43,10.15,26.32666667,28.97,24.37666667,22.67333333,7.513333333,11.38333333,11.81,10.08666667,0.91,2.266666667,11.76666667,2.96,88.31,0.63,59.11,6.01,77.15,Potato
1791,black,6.5,384.0,1.0,0.0941,2.0,7.0,8.91,9.48,12.24666667,11.10666667,25.20666667,29.71333333,23.59,22.8,5.76,9.296666667,11.20666667,8.26,2.293333333,4.61,17.44666667,5.803333333,68.94,0.73,59.11,5.44,78.25,Red Pepper
1792,brown,7.55,189.0,1.5,0.120258613,0.8,0.05,9.723333333,10.70333333,13.77333333,12.65666667,28.04,32.58,25.64333333,25.47333333,8.783333333,12.89,14.08666667,11.01,2.78,5.403333333,19.36333333,6.98,343.44,0.73,59.11,5.19,82.6,Red Pepper
1793,black,6.0,450.0,2.0,0.111,1.5,8.0,9.723333333,10.70333333,13.77333333,12.65666667,28.04,32.58,25.64333333,25.47333333,8.783333333,12.89,14.08666667,11.01,2.78,5.403333333,19.36333333,6.98,343.44,0.73,59.11,5.19,82.6,Red Pepper
1794,red,5.3,464.0,17.0,0.2072,2.5,14.0,9.723333333,10.70333333,13.77333333,12.65666667,28.04,32.58,25.64333333,25.47333333,8.783333333,12.89,14.08666667,11.01,2.78,5.403333333,19.36333333,6.98,343.44,0.73,59.11,5.19,82.6,Red Pepper
1795,red,5.2,272.0,3.0,0.2489,2.0,9.0,8.383333333,9.543333333,13.49,12.63666667,29.17333333,33.1,26.3,25.15333333,8.533333333,13.18333333,13.02666667,11.33666667,0.413333333,4.41,16.62,5.43,0.06,0.7,48.62,6.21,81.38,Red Pepper
1796,red,5.2,148.0,5.0,0.2489,2.5,8.0,8.383333333,9.543333333,13.49,12.63666667,29.17333333,33.1,26.3,25.15333333,8.533333333,13.18333333,13.02666667,11.33666667,0.413333333,4.41,16.62,5.43,0.06,0.7,48.62,6.21,81.38,Red Pepper
1797,red,5.2,167.0,4.0,0.2489,2.2,7.0,8.343333333,9.276666667,12.83666667,11.43333333,28.11333333,31.15666667,25.52666667,24.43,8.733333333,12.25333333,12.97666667,10.7,0.873333333,4.013333333,15.06,4.36,3.44,0.7,48.62,6.1,79.61,Red Pepper
1798,red,5.8,483.0,8.39,0.27,3.54,12.5,9.723333333,10.70333333,13.77333333,12.65666667,28.04,32.58,25.64333333,25.47333333,8.783333333,12.89,14.08666667,11.01,2.78,5.403333333,19.36333333,6.98,343.44,0.73,59.11,5.19,82.6,Red Pepper
1799,red,5.17,393.0,4.95,0.22,1.89,17.9,9.723333333,10.70333333,13.77333333,12.65666667,28.04,32.58,25.64333333,25.47333333,8.783333333,12.89,14.08666667,11.01,2.78,5.403333333,19.36333333,6.98,343.44,0.73,59.11,5.19,82.6,Red Pepper
1800,red,5.1,332.0,8.88,0.29,1.48,17.9,8.91,9.48,12.24666667,11.10666667,25.20666667,29.71333333,23.59,22.8,5.76,9.296666667,11.20666667,8.26,2.293333333,4.61,17.44666667,5.803333333,68.94,0.73,59.11,5.44,78.25,Red Pepper
1801,black,6.0,217.25,3.28,0.179883668,1.25,5.41,9.723333333,10.70333333,13.77333333,12.65666667,28.04,32.58,25.64333333,25.47333333,8.783333333,12.89,14.08666667,11.01,2.78,5.403333333,19.36333333,6.98,343.44,0.73,59.11,5.19,82.6,Red Pepper
1802,other,5.5,323.0,4.0,0.247345527,1.2,21.0,8.91,9.48,12.24666667,11.10666667,25.20666667,29.71333333,23.59,22.8,5.76,9.296666667,11.20666667,8.26,2.293333333,4.61,17.44666667,5.803333333,68.94,0.73,59.11,5.44,78.25,Red Pepper
1803,gray,5.8,76.22,10.1,0.234542158,1.13,5.63,8.91,9.48,12.24666667,11.10666667,25.20666667,29.71333333,23.59,22.8,5.76,9.296666667,11.20666667,8.26,2.293333333,4.61,17.44666667,5.803333333,68.94,0.73,59.11,5.44,78.25,Red Pepper
1804,black,6.5,365.0,2.0,0.109,1.7,6.0,9.723333333,10.70333333,13.77333333,12.65666667,28.04,32.58,25.64333333,25.47333333,8.783333333,12.89,14.08666667,11.01,2.78,5.403333333,19.36333333,6.98,343.44,0.73,59.11,5.19,82.6,Red Pepper
1805,red,5.5,214.0,2.0,0.14,0.7,21.0,8.91,9.48,12.24666667,11.10666667,25.20666667,29.71333333,23.59,22.8,5.76,9.296666667,11.20666667,8.26,2.293333333,4.61,17.44666667,5.803333333,68.94,0.73,59.11,5.44,78.25,Red Pepper
1806,red,6.0,237.0,3.0,0.118456249,1.4,22.0,8.91,9.48,12.24666667,11.10666667,25.20666667,29.71333333,23.59,22.8,5.76,9.296666667,11.20666667,8.26,2.293333333,4.61,17.44666667,5.803333333,68.94,0.73,59.11,5.44,78.25,Red Pepper
1807,brown,5.7,913.0,4.0,0.252834987,1.4,25.0,8.91,9.48,12.24666667,11.10666667,25.20666667,29.71333333,23.59,22.8,5.76,9.296666667,11.20666667,8.26,2.293333333,4.61,17.44666667,5.803333333,68.94,0.73,59.11,5.44,78.25,Red Pepper
1808,red,5.1,309.0,4.0,0.19890058,1.3,24.0,8.91,9.48,12.24666667,11.10666667,25.20666667,29.71333333,23.59,22.8,5.76,9.296666667,11.20666667,8.26,2.293333333,4.61,17.44666667,5.803333333,68.94,0.73,59.11,5.44,78.25,Red Pepper
1809,black,6.36,308.0,15.4,0.12,1.73,14.9,9.723333333,10.70333333,13.77333333,12.65666667,28.04,32.58,25.64333333,25.47333333,8.783333333,12.89,14.08666667,11.01,2.78,5.403333333,19.36333333,6.98,343.44,0.73,59.11,5.19,82.6,Red Pepper
1810,red,5.05,393.0,14.1,0.207232783,1.5,23.8,8.91,9.48,12.24666667,11.10666667,25.20666667,29.71333333,23.59,22.8,5.76,9.296666667,11.20666667,8.26,2.293333333,4.61,17.44666667,5.803333333,68.94,0.73,59.11,5.44,78.25,Red Pepper
1811,brown,6.45,190.0,4.6,0.17766525,1.8,5.2,9.723333333,10.70333333,13.77333333,12.65666667,28.04,32.58,25.64333333,25.47333333,8.783333333,12.89,14.08666667,11.01,2.78,5.403333333,19.36333333,6.98,343.44,0.73,59.11,5.19,82.6,Red Pepper
1812,black,6.45,246.0,2.7,0.123209616,1.0,0.05,9.723333333,10.70333333,13.77333333,12.65666667,28.04,32.58,25.64333333,25.47333333,8.783333333,12.89,14.08666667,11.01,2.78,5.403333333,19.36333333,6.98,343.44,0.73,59.11,5.19,82.6,Red Pepper
1813,black,6.7,251.0,3.4,0.156611988,1.7,0.05,9.723333333,10.70333333,13.77333333,12.65666667,28.04,32.58,25.64333333,25.47333333,8.783333333,12.89,14.08666667,11.01,2.78,5.403333333,19.36333333,6.98,343.44,0.73,59.11,5.19,82.6,Red Pepper
1814,black,7.46,285.0,3.0,0.160150894,1.2,0.05,9.723333333,10.70333333,13.77333333,12.65666667,28.04,32.58,25.64333333,25.47333333,8.783333333,12.89,14.08666667,11.01,2.78,5.403333333,19.36333333,6.98,343.44,0.73,59.11,5.19,82.6,Red Pepper
1815,black,7.38,256.0,6.8,0.149328474,1.5,0.05,9.723333333,10.70333333,13.77333333,12.65666667,28.04,32.58,25.64333333,25.47333333,8.783333333,12.89,14.08666667,11.01,2.78,5.403333333,19.36333333,6.98,343.44,0.73,59.11,5.19,82.6,Red Pepper
1816,red,5.6,154.0,2.6,0.195970713,1.8,3.4,9.723333333,10.70333333,13.77333333,12.65666667,28.04,32.58,25.64333333,25.47333333,8.783333333,12.89,14.08666667,11.01,2.78,5.403333333,19.36333333,6.98,343.44,0.73,59.11,5.19,82.6,Red Pepper
1817,red,5.83,519.0,6.1,0.213033196,3.2,0.05,9.723333333,10.70333333,13.77333333,12.65666667,28.04,32.58,25.64333333,25.47333333,8.783333333,12.89,14.08666667,11.01,2.78,5.403333333,19.36333333,6.98,343.44,0.73,59.11,5.19,82.6,Red Pepper
1818,red,5.15,432.0,5.8,0.182053831,1.8,21.0,9.723333333,10.70333333,13.77333333,12.65666667,28.04,32.58,25.64333333,25.47333333,8.783333333,12.89,14.08666667,11.01,2.78,5.403333333,19.36333333,6.98,343.44,0.73,59.11,5.19,82.6,Red Pepper
1819,red,5.95,454.0,8.2,0.168362965,2.5,7.1,9.723333333,10.70333333,13.77333333,12.65666667,28.04,32.58,25.64333333,25.47333333,8.783333333,12.89,14.08666667,11.01,2.78,5.403333333,19.36333333,6.98,343.44,0.73,59.11,5.19,82.6,Red Pepper
1820,black,6.3,305.0,2.0,0.0809,1.1,3.0,8.506666667,9.34,12.16666667,10.92666667,25.34333333,28.87,23.33666667,22.28,6.053333333,9.353333333,10.93333333,8.29,1.736666667,5.203333333,17.81666667,5.823333333,36.06,0.77,59.11,5.41,77.29,Sorghum
1821,brown,6.84,123.0,14.4,0.06,0.93,8.46,8.91,9.48,12.24666667,11.10666667,25.20666667,29.71333333,23.59,22.8,5.76,9.296666667,11.20666667,8.26,2.293333333,4.61,17.44666667,5.803333333,68.94,0.73,59.11,5.44,78.25,Sorghum
1822,red,6.62,245.0,1.2,0.156888135,1.3,12.7,8.506666667,9.34,12.16666667,10.92666667,25.34333333,28.87,23.33666667,22.28,6.053333333,9.353333333,10.93333333,8.29,1.736666667,5.203333333,17.81666667,5.823333333,36.06,0.77,59.11,5.41,77.29,Sorghum
1823,red,5.3,339.0,2.0,0.1525,1.3,15.0,8.343333333,9.276666667,12.83666667,11.43333333,28.11333333,31.15666667,25.52666667,24.43,8.733333333,12.25333333,12.97666667,10.7,0.873333333,4.013333333,15.06,4.36,3.44,0.7,48.62,6.1,79.61,Sorghum
1824,red,6.0,590.0,7.0,0.1893,1.7,8.0,9.723333333,10.70333333,13.77333333,12.65666667,28.04,32.58,25.64333333,25.47333333,8.783333333,12.89,14.08666667,11.01,2.78,5.403333333,19.36333333,6.98,343.44,0.73,59.11,5.19,82.6,Sorghum
1825,red,6.1,409.0,3.0,0.1611,1.3,7.0,9.723333333,10.70333333,13.77333333,12.65666667,28.04,32.58,25.64333333,25.47333333,8.783333333,12.89,14.08666667,11.01,2.78,5.403333333,19.36333333,6.98,343.44,0.73,59.11,5.19,82.6,Sorghum
1826,black,6.18,379.0,5.2,0.12,1.71,10.5,7.73,9.563333333,13.85333333,12.8,30.82666667,33.61666667,27.11,26.51,11.39,15.65666667,14.20666667,13.64333333,0.38,2.85,14.68666667,3.316666667,354.88,0.65,53.49,8.15,82.67,Sorghum
1827,black,5.1,227.0,1.0,0.2344,1.3,14.0,8.343333333,9.276666667,12.83666667,11.43333333,28.11333333,31.15666667,25.52666667,24.43,8.733333333,12.25333333,12.97666667,10.7,0.873333333,4.013333333,15.06,4.36,3.44,0.7,48.62,6.1,79.61,Sorghum
1828,brown,7.53,473.0,30.0,0.09,2.0,7.0,7.933333333,8.403333333,11.41333333,10.15,24.85,28.5,23.53333333,21.64666667,6.253333333,9.81,10.58666667,8.38,1.763333333,3.246666667,13.01333333,3.463333333,88.38,0.74,59.11,6.26,76.54,Sorghum
1829,brown,6.37,272.0,1.0,0.16,1.5,9.0,7.586666667,8.136666667,11.43,10.15,26.32666667,28.97,24.37666667,22.67333333,7.513333333,11.38333333,11.81,10.08666667,0.91,2.266666667,11.76666667,2.96,88.31,0.63,59.11,6.01,77.15,Sorghum
1830,black,5.3,259.0,12.0,0.2279,0.7,11.0,8.91,9.48,12.24666667,11.10666667,25.20666667,29.71333333,23.59,22.8,5.76,9.296666667,11.20666667,8.26,2.293333333,4.61,17.44666667,5.803333333,68.94,0.73,59.11,5.44,78.25,Sorghum
1831,black,5.3,642.0,21.0,0.2279,1.3,18.0,8.91,9.48,12.24666667,11.10666667,25.20666667,29.71333333,23.59,22.8,5.76,9.296666667,11.20666667,8.26,2.293333333,4.61,17.44666667,5.803333333,68.94,0.73,59.11,5.44,78.25,Sorghum
1832,red,5.3,138.0,1.0,0.2279,0.9,8.0,8.506666667,9.34,12.16666667,10.92666667,25.34333333,28.87,23.33666667,22.28,6.053333333,9.353333333,10.93333333,8.29,1.736666667,5.203333333,17.81666667,5.823333333,36.06,0.77,59.11,5.41,77.29,Sorghum
1833,red,5.4,92.0,15.0,0.1333,0.8,7.0,8.506666667,9.34,12.16666667,10.92666667,25.34333333,28.87,23.33666667,22.28,6.053333333,9.353333333,10.93333333,8.29,1.736666667,5.203333333,17.81666667,5.823333333,36.06,0.77,59.11,5.41,77.29,Sorghum
1834,brown,8.15,436.0,6.37,0.21,1.31,20.1,8.016666667,8.503333333,12.59333333,10.98666667,30.62333333,33.21666667,27.53333333,26.29,8.883333333,12.68666667,13.17,10.74666667,0.75,2.37,8.35,2.156666667,67.12,0.62,57.49,5.56,81.4,Sorghum
1835,very dark gray,8.18,177.0,21.7,0.16,2.9,14.0,8.016666667,8.503333333,12.59333333,10.98666667,30.62333333,33.21666667,27.53333333,26.29,8.883333333,12.68666667,13.17,10.74666667,0.75,2.37,8.35,2.156666667,67.12,0.62,57.49,5.56,81.4,Sorghum
1836,dark brown,8.28,324.0,6.43,0.16,1.59,28.1,8.016666667,8.503333333,12.59333333,10.98666667,30.62333333,33.21666667,27.53333333,26.29,8.883333333,12.68666667,13.17,10.74666667,0.75,2.37,8.35,2.156666667,67.12,0.62,57.49,5.56,81.4,Sorghum
1837,dark brown,7.85,107.0,10.6,0.14,4.08,10.3,8.016666667,8.503333333,12.59333333,10.98666667,30.62333333,33.21666667,27.53333333,26.29,8.883333333,12.68666667,13.17,10.74666667,0.75,2.37,8.35,2.156666667,67.12,0.62,57.49,5.56,81.4,Sorghum
1838,dark brown,8.19,275.0,3.15,0.09,1.81,22.1,8.016666667,8.503333333,12.59333333,10.98666667,30.62333333,33.21666667,27.53333333,26.29,8.883333333,12.68666667,13.17,10.74666667,0.75,2.37,8.35,2.156666667,67.12,0.62,57.49,5.56,81.4,Sorghum
1839,dark brown,8.07,379.0,2.48,0.14,1.43,10.7,8.016666667,8.503333333,12.59333333,10.98666667,30.62333333,33.21666667,27.53333333,26.29,8.883333333,12.68666667,13.17,10.74666667,0.75,2.37,8.35,2.156666667,67.12,0.62,57.49,5.56,81.4,Sorghum
1840,dark gray,5.12,146.0,5.36,0.12,0.77,8.9,8.016666667,8.503333333,12.59333333,10.98666667,30.62333333,33.21666667,27.53333333,26.29,8.883333333,12.68666667,13.17,10.74666667,0.75,2.37,8.35,2.156666667,67.12,0.62,57.49,5.56,81.4,Sorghum
1841,brown,6.77,585.0,47.2,0.08,2.06,12.3,9.723333333,10.70333333,13.77333333,12.65666667,28.04,32.58,25.64333333,25.47333333,8.783333333,12.89,14.08666667,11.01,2.78,5.403333333,19.36333333,6.98,343.44,0.73,59.11,5.19,82.6,Sorghum
1842,brown,7.19,429.0,44.0,0.1,3.89,11.0,8.91,9.48,12.24666667,11.10666667,25.20666667,29.71333333,23.59,22.8,5.76,9.296666667,11.20666667,8.26,2.293333333,4.61,17.44666667,5.803333333,68.94,0.73,59.11,5.44,78.25,Sorghum
1843,black,7.2,377.0,4.0,0.1109,1.4,5.0,9.723333333,10.70333333,13.77333333,12.65666667,28.04,32.58,25.64333333,25.47333333,8.783333333,12.89,14.08666667,11.01,2.78,5.403333333,19.36333333,6.98,343.44,0.73,59.11,5.19,82.6,Sorghum
1844,other,5.3,303.0,2.0,0.207024612,1.0,23.0,8.91,9.48,12.24666667,11.10666667,25.20666667,29.71333333,23.59,22.8,5.76,9.296666667,11.20666667,8.26,2.293333333,4.61,17.44666667,5.803333333,68.94,0.73,59.11,5.44,78.25,Sorghum
1845,dark gray,6.74,84.0,13.6,0.18,1.38,6.4,7.933333333,8.403333333,11.41333333,10.15,24.85,28.5,23.53333333,21.64666667,6.253333333,9.81,10.58666667,8.38,1.763333333,3.246666667,13.01333333,3.463333333,88.38,0.74,59.11,6.26,76.54,Sorghum
1846,brown,5.04,685.0,5.0,0.1639,2.1,10.0,8.91,9.48,12.24666667,11.10666667,25.20666667,29.71333333,23.59,22.8,5.76,9.296666667,11.20666667,8.26,2.293333333,4.61,17.44666667,5.803333333,68.94,0.73,59.11,5.44,78.25,Sorghum
1847,black,8.3,378.0,1.0,0.0835,1.0,8.0,7.933333333,8.403333333,11.41333333,10.15,24.85,28.5,23.53333333,21.64666667,6.253333333,9.81,10.58666667,8.38,1.763333333,3.246666667,13.01333333,3.463333333,88.38,0.74,59.11,6.26,76.54,Sorghum
1848,red,6.51,218.0,3.75,0.1,2.04,8.21,9.723333333,10.70333333,13.77333333,12.65666667,28.04,32.58,25.64333333,25.47333333,8.783333333,12.89,14.08666667,11.01,2.78,5.403333333,19.36333333,6.98,343.44,0.73,59.11,5.19,82.6,Sorghum
1849,brown,7.2,420.0,6.0,0.1042,1.2,10.0,7.933333333,8.403333333,11.41333333,10.15,24.85,28.5,23.53333333,21.64666667,6.253333333,9.81,10.58666667,8.38,1.763333333,3.246666667,13.01333333,3.463333333,88.38,0.74,59.11,6.26,76.54,Sorghum
1850,brown,5.6,1336.0,87.0,0.235689774,22.2,21.0,8.91,9.48,12.24666667,11.10666667,25.20666667,29.71333333,23.59,22.8,5.76,9.296666667,11.20666667,8.26,2.293333333,4.61,17.44666667,5.803333333,68.94,0.73,59.11,5.44,78.25,Sorghum
1851,red,6.7,645.0,4.0,0.252041054,2.6,17.0,8.91,9.48,12.24666667,11.10666667,25.20666667,29.71333333,23.59,22.8,5.76,9.296666667,11.20666667,8.26,2.293333333,4.61,17.44666667,5.803333333,68.94,0.73,59.11,5.44,78.25,Sorghum
1852,brown,7.87,564.0,88.0,0.09,2.5,8.0,7.933333333,8.403333333,11.41333333,10.15,24.85,28.5,23.53333333,21.64666667,6.253333333,9.81,10.58666667,8.38,1.763333333,3.246666667,13.01333333,3.463333333,88.38,0.74,59.11,6.26,76.54,Sorghum
1853,red,5.81,1080.0,9.59,0.14,5.05,17.3,9.723333333,10.70333333,13.77333333,12.65666667,28.04,32.58,25.64333333,25.47333333,8.783333333,12.89,14.08666667,11.01,2.78,5.403333333,19.36333333,6.98,343.44,0.73,59.11,5.19,82.6,Sorghum
1854,brown,7.87,866.0,112.0,0.11,3.6,10.0,7.933333333,8.403333333,11.41333333,10.15,24.85,28.5,23.53333333,21.64666667,6.253333333,9.81,10.58666667,8.38,1.763333333,3.246666667,13.01333333,3.463333333,88.38,0.74,59.11,6.26,76.54,Sorghum
1855,dark reddish brown,6.26,278.0,6.03,0.14,1.91,7.33,7.933333333,8.403333333,11.41333333,10.15,24.85,28.5,23.53333333,21.64666667,6.253333333,9.81,10.58666667,8.38,1.763333333,3.246666667,13.01333333,3.463333333,88.38,0.74,59.11,6.26,76.54,Sorghum
1856,gray,7.87,114.0,7.0,0.11,0.9,4.0,7.933333333,8.403333333,11.41333333,10.15,24.85,28.5,23.53333333,21.64666667,6.253333333,9.81,10.58666667,8.38,1.763333333,3.246666667,13.01333333,3.463333333,88.38,0.74,59.11,6.26,76.54,Sorghum
1857,gray,6.09,212.0,4.0,0.11,1.4,5.0,7.933333333,8.403333333,11.41333333,10.15,24.85,28.5,23.53333333,21.64666667,6.253333333,9.81,10.58666667,8.38,1.763333333,3.246666667,13.01333333,3.463333333,88.38,0.74,59.11,6.26,76.54,Sorghum
1858,red,6.09,162.0,4.0,0.11,0.8,10.0,8.91,9.48,12.24666667,11.10666667,25.20666667,29.71333333,23.59,22.8,5.76,9.296666667,11.20666667,8.26,2.293333333,4.61,17.44666667,5.803333333,68.94,0.73,59.11,5.44,78.25,Sorghum
1859,brown,7.53,521.0,26.0,0.09,1.5,9.0,7.933333333,8.403333333,11.41333333,10.15,24.85,28.5,23.53333333,21.64666667,6.253333333,9.81,10.58666667,8.38,1.763333333,3.246666667,13.01333333,3.463333333,88.38,0.74,59.11,6.26,76.54,Sorghum
1860,brown,7.2,1054.0,75.0,0.110631325,5.2,20.0,7.753333333,8.156666667,11.82,10.43666667,28.24666667,31.11666667,27.03,25.41,11.14333333,14.42666667,14.72666667,13.07333333,0.68,1.94,10.21333333,2.306666667,106.94,0.52,54.41,9.58,80.44,Sorghum
1861,red,5.6,448.0,3.0,0.372455231,2.4,15.0,8.91,9.48,12.24666667,11.10666667,25.20666667,29.71333333,23.59,22.8,5.76,9.296666667,11.20666667,8.26,2.293333333,4.61,17.44666667,5.803333333,68.94,0.73,59.11,5.44,78.25,Sorghum
1862,brown,6.2,195.0,2.0,0.260151402,1.5,7.0,8.91,9.48,12.24666667,11.10666667,25.20666667,29.71333333,23.59,22.8,5.76,9.296666667,11.20666667,8.26,2.293333333,4.61,17.44666667,5.803333333,68.94,0.73,59.11,5.44,78.25,Sorghum
1863,gray,8.1,112.416,2.394,0.184064201,1.352,12.939,7.753333333,8.156666667,11.82,10.43666667,28.24666667,31.11666667,27.03,25.41,11.14333333,14.42666667,14.72666667,13.07333333,0.68,1.94,10.21333333,2.306666667,106.94,0.52,54.41,9.58,80.44,Sorghum
1864,brown,7.1,434.0,3.0,0.069481704,1.4,8.0,7.933333333,8.403333333,11.41333333,10.15,24.85,28.5,23.53333333,21.64666667,6.253333333,9.81,10.58666667,8.38,1.763333333,3.246666667,13.01333333,3.463333333,88.38,0.74,59.11,6.26,76.54,Sorghum
1865,black,7.4,1084.0,90.0,0.043662318,3.5,20.0,7.586666667,8.136666667,11.43,10.15,26.32666667,28.97,24.37666667,22.67333333,7.513333333,11.38333333,11.81,10.08666667,0.91,2.266666667,11.76666667,2.96,88.31,0.63,59.11,6.01,77.15,Sorghum
1866,gray,7.4,490.0,20.0,0.043662318,1.8,9.0,7.586666667,8.136666667,11.43,10.15,26.32666667,28.97,24.37666667,22.67333333,7.513333333,11.38333333,11.81,10.08666667,0.91,2.266666667,11.76666667,2.96,88.31,0.63,59.11,6.01,77.15,Sorghum
1867,brown,7.4,746.0,50.0,0.043662318,1.4,13.0,7.586666667,8.136666667,11.43,10.15,26.32666667,28.97,24.37666667,22.67333333,7.513333333,11.38333333,11.81,10.08666667,0.91,2.266666667,11.76666667,2.96,88.31,0.63,59.11,6.01,77.15,Sorghum
1868,black,6.1,243.0,1.0,0.1177,1.4,9.0,8.506666667,9.34,12.16666667,10.92666667,25.34333333,28.87,23.33666667,22.28,6.053333333,9.353333333,10.93333333,8.29,1.736666667,5.203333333,17.81666667,5.823333333,36.06,0.77,59.11,5.41,77.29,Sorghum
1869,black,7.3,289.53,7.72,0.041178608,1.34,4.37,7.586666667,8.136666667,11.43,10.15,26.32666667,28.97,24.37666667,22.67333333,7.513333333,11.38333333,11.81,10.08666667,0.91,2.266666667,11.76666667,2.96,88.31,0.63,59.11,6.01,77.15,Sorghum
1870,gray,6.8,284.0,8.0,0.024284862,1.0,6.0,7.586666667,8.136666667,11.43,10.15,26.32666667,28.97,24.37666667,22.67333333,7.513333333,11.38333333,11.81,10.08666667,0.91,2.266666667,11.76666667,2.96,88.31,0.63,59.11,6.01,77.15,Sorghum
1871,red,7.1,248.57,6.07,0.022372247,0.97,6.34,8.566666667,9.663333333,12.73666667,11.78,25.88333333,30.05666667,23.65,22.84666667,6.626666667,10.35,11.17333333,9.1,1.343333333,5.66,19.92,7.42,14.25,0.8,59.11,6.06,78.58,Sorghum
1872,gray,8.1,218.78,6.2,0.019572758,1.2,3.94,7.586666667,8.136666667,11.43,10.15,26.32666667,28.97,24.37666667,22.67333333,7.513333333,11.38333333,11.81,10.08666667,0.91,2.266666667,11.76666667,2.96,88.31,0.63,59.11,6.01,77.15,Sorghum
1873,brown,5.57,482.0,8.0,0.219389893,2.8,12.0,8.566666667,9.663333333,12.73666667,11.78,25.88333333,30.05666667,23.65,22.84666667,6.626666667,10.35,11.17333333,9.1,1.343333333,5.66,19.92,7.42,14.25,0.8,59.11,6.06,78.58,Sorghum
1874,brown,6.8,900.0,72.0,0.024284862,1.8,7.0,7.586666667,8.136666667,11.43,10.15,26.32666667,28.97,24.37666667,22.67333333,7.513333333,11.38333333,11.81,10.08666667,0.91,2.266666667,11.76666667,2.96,88.31,0.63,59.11,6.01,77.15,Sorghum
1875,black,8.1,847.0,35.0,0.019572758,2.1,8.0,7.586666667,8.136666667,11.43,10.15,26.32666667,28.97,24.37666667,22.67333333,7.513333333,11.38333333,11.81,10.08666667,0.91,2.266666667,11.76666667,2.96,88.31,0.63,59.11,6.01,77.15,Sorghum
1876,brown,7.1,409.0,24.0,0.000261711,2.2,7.0,7.586666667,8.136666667,11.43,10.15,26.32666667,28.97,24.37666667,22.67333333,7.513333333,11.38333333,11.81,10.08666667,0.91,2.266666667,11.76666667,2.96,88.31,0.63,59.11,6.01,77.15,Sorghum
1877,brown,7.1,243.08,12.03,0.000261711,0.96,5.09,7.586666667,8.136666667,11.43,10.15,26.32666667,28.97,24.37666667,22.67333333,7.513333333,11.38333333,11.81,10.08666667,0.91,2.266666667,11.76666667,2.96,88.31,0.63,59.11,6.01,77.15,Sorghum
1878,other,5.8,714.0,24.0,0.195910715,5.1,13.0,7.586666667,8.136666667,11.43,10.15,26.32666667,28.97,24.37666667,22.67333333,7.513333333,11.38333333,11.81,10.08666667,0.91,2.266666667,11.76666667,2.96,88.31,0.63,59.11,6.01,77.15,Sorghum
1879,brown,5.8,114.0,4.0,0.250293402,1.0,7.0,8.506666667,9.34,12.16666667,10.92666667,25.34333333,28.87,23.33666667,22.28,6.053333333,9.353333333,10.93333333,8.29,1.736666667,5.203333333,17.81666667,5.823333333,36.06,0.77,59.11,5.41,77.29,Sorghum
1880,red,5.8,130.0,3.0,0.250293402,1.1,12.0,8.506666667,9.34,12.16666667,10.92666667,25.34333333,28.87,23.33666667,22.28,6.053333333,9.353333333,10.93333333,8.29,1.736666667,5.203333333,17.81666667,5.823333333,36.06,0.77,59.11,5.41,77.29,Sorghum
1881,brown,5.8,421.0,9.0,0.195910715,1.6,10.0,7.586666667,8.136666667,11.43,10.15,26.32666667,28.97,24.37666667,22.67333333,7.513333333,11.38333333,11.81,10.08666667,0.91,2.266666667,11.76666667,2.96,88.31,0.63,59.11,6.01,77.15,Sorghum
1882,black,5.8,875.77,52.87,0.250293402,4.33,11.66,8.506666667,9.34,12.16666667,10.92666667,25.34333333,28.87,23.33666667,22.28,6.053333333,9.353333333,10.93333333,8.29,1.736666667,5.203333333,17.81666667,5.823333333,36.06,0.77,59.11,5.41,77.29,Sorghum
1883,brown,5.8,529.0,22.0,0.250293402,3.9,15.0,8.506666667,9.34,12.16666667,10.92666667,25.34333333,28.87,23.33666667,22.28,6.053333333,9.353333333,10.93333333,8.29,1.736666667,5.203333333,17.81666667,5.823333333,36.06,0.77,59.11,5.41,77.29,Sorghum
1884,brown,5.81,680.0,3.0,0.2289,1.8,14.0,8.566666667,9.663333333,12.73666667,11.78,25.88333333,30.05666667,23.65,22.84666667,6.626666667,10.35,11.17333333,9.1,1.343333333,5.66,19.92,7.42,14.25,0.8,59.11,6.06,78.58,Sorghum
1885,red,5.1,146.0,2.0,0.1333,0.6,24.0,8.383333333,9.543333333,13.49,12.63666667,29.17333333,33.1,26.3,25.15333333,8.533333333,13.18333333,13.02666667,11.33666667,0.413333333,4.41,16.62,5.43,0.06,0.7,48.62,6.21,81.38,Sorghum
1886,black,6.32,546.0,4.16,0.21,2.4,7.78,7.73,9.563333333,13.85333333,12.8,30.82666667,33.61666667,27.11,26.51,11.39,15.65666667,14.20666667,13.64333333,0.38,2.85,14.68666667,3.316666667,354.88,0.65,53.49,8.15,82.67,Sorghum
1887,brown,6.95,265.0,2.0,0.16,0.9,8.0,7.933333333,8.403333333,11.41333333,10.15,24.85,28.5,23.53333333,21.64666667,6.253333333,9.81,10.58666667,8.38,1.763333333,3.246666667,13.01333333,3.463333333,88.38,0.74,59.11,6.26,76.54,Sorghum
1888,black,7.4,362.0,1.0,0.0548,1.1,5.0,8.506666667,9.34,12.16666667,10.92666667,25.34333333,28.87,23.33666667,22.28,6.053333333,9.353333333,10.93333333,8.29,1.736666667,5.203333333,17.81666667,5.823333333,36.06,0.77,59.11,5.41,77.29,Sorghum
1889,red,6.0,335.0,1.0,0.14,2.1,16.0,8.383333333,9.543333333,13.49,12.63666667,29.17333333,33.1,26.3,25.15333333,8.533333333,13.18333333,13.02666667,11.33666667,0.413333333,4.41,16.62,5.43,0.06,0.7,48.62,6.21,81.38,Sorghum
1890,brown,5.3,277.46,1.64,0.207024612,1.41,13.56,8.91,9.48,12.24666667,11.10666667,25.20666667,29.71333333,23.59,22.8,5.76,9.296666667,11.20666667,8.26,2.293333333,4.61,17.44666667,5.803333333,68.94,0.73,59.11,5.44,78.25,Sorghum
1891,black,5.9,407.0,5.0,0.211,3.0,12.0,8.383333333,9.543333333,13.49,12.63666667,29.17333333,33.1,26.3,25.15333333,8.533333333,13.18333333,13.02666667,11.33666667,0.413333333,4.41,16.62,5.43,0.06,0.7,48.62,6.21,81.38,Sorghum
1892,brown,7.2,451.0,23.0,0.1265,2.0,10.0,9.256666667,9.886666667,13.57,12.14666667,29.72333333,33.97333333,27.76666667,26.52,9.426666667,14.21333333,14.34666667,12.08666667,1.986666667,4.086666667,11.86666667,4.486666667,15.62,0.55,4.86,4.86,83.76,Teff
1893,brown,8.2,574.0,12.0,0.06,1.7,8.0,9.256666667,9.886666667,13.57,12.14666667,29.72333333,33.97333333,27.76666667,26.52,9.426666667,14.21333333,14.34666667,12.08666667,1.986666667,4.086666667,11.86666667,4.486666667,15.62,0.55,4.86,4.86,83.76,Teff
1894,brown,6.6,517.0,41.0,0.1522,2.3,10.0,9.256666667,9.886666667,13.57,12.14666667,29.72333333,33.97333333,27.76666667,26.52,9.426666667,14.21333333,14.34666667,12.08666667,1.986666667,4.086666667,11.86666667,4.486666667,15.62,0.55,4.86,4.86,83.76,Teff
1895,black,6.4,281.0,11.0,0.0817,2.1,8.0,9.256666667,9.886666667,13.57,12.14666667,29.72333333,33.97333333,27.76666667,26.52,9.426666667,14.21333333,14.34666667,12.08666667,1.986666667,4.086666667,11.86666667,4.486666667,15.62,0.55,4.86,4.86,83.76,Teff
1896,red,5.7,277.0,3.0,0.17,1.2,8.0,9.256666667,9.886666667,13.57,12.14666667,29.72333333,33.97333333,27.76666667,26.52,9.426666667,14.21333333,14.34666667,12.08666667,1.986666667,4.086666667,11.86666667,4.486666667,15.62,0.55,4.86,4.86,83.76,Teff
1897,black,6.5,309.0,29.0,0.1443,2.5,15.0,9.256666667,9.886666667,13.57,12.14666667,29.72333333,33.97333333,27.76666667,26.52,9.426666667,14.21333333,14.34666667,12.08666667,1.986666667,4.086666667,11.86666667,4.486666667,15.62,0.55,4.86,4.86,83.76,Teff
1898,brown,7.4,653.0,15.0,0.1281,2.3,13.0,8.016666667,8.503333333,12.59333333,10.98666667,30.62333333,33.21666667,27.53333333,26.29,8.883333333,12.68666667,13.17,10.74666667,0.75,2.37,8.35,2.156666667,67.12,0.62,57.49,5.56,81.4,Teff
1899,brown,7.1,320.0,15.0,0.0724,1.8,8.0,9.256666667,9.886666667,13.57,12.14666667,29.72333333,33.97333333,27.76666667,26.52,9.426666667,14.21333333,14.34666667,12.08666667,1.986666667,4.086666667,11.86666667,4.486666667,15.62,0.55,4.86,4.86,83.76,Teff
1900,black,6.5,213.0,10.0,0.117,1.8,6.0,9.256666667,9.886666667,13.57,12.14666667,29.72333333,33.97333333,27.76666667,26.52,9.426666667,14.21333333,14.34666667,12.08666667,1.986666667,4.086666667,11.86666667,4.486666667,15.62,0.55,4.86,4.86,83.76,Teff
1901,brown,6.9,172.0,7.0,0.101,1.8,8.0,8.016666667,8.503333333,12.59333333,10.98666667,30.62333333,33.21666667,27.53333333,26.29,8.883333333,12.68666667,13.17,10.74666667,0.75,2.37,8.35,2.156666667,67.12,0.62,57.49,5.56,81.4,Teff
1902,brown,7.3,394.0,4.0,0.106,1.1,6.0,8.016666667,8.503333333,12.59333333,10.98666667,30.62333333,33.21666667,27.53333333,26.29,8.883333333,12.68666667,13.17,10.74666667,0.75,2.37,8.35,2.156666667,67.12,0.62,57.49,5.56,81.4,Teff
1903,black,8.1,427.0,2.0,0.0916,1.0,9.0,8.016666667,8.503333333,12.59333333,10.98666667,30.62333333,33.21666667,27.53333333,26.29,8.883333333,12.68666667,13.17,10.74666667,0.75,2.37,8.35,2.156666667,67.12,0.62,57.49,5.56,81.4,Teff
1904,black,7.2,352.0,22.0,0.098,2.0,13.0,8.016666667,8.503333333,12.59333333,10.98666667,30.62333333,33.21666667,27.53333333,26.29,8.883333333,12.68666667,13.17,10.74666667,0.75,2.37,8.35,2.156666667,67.12,0.62,57.49,5.56,81.4,Teff
1905,black,7.2,784.0,54.0,0.0849,2.2,8.0,8.016666667,8.503333333,12.59333333,10.98666667,30.62333333,33.21666667,27.53333333,26.29,8.883333333,12.68666667,13.17,10.74666667,0.75,2.37,8.35,2.156666667,67.12,0.62,57.49,5.56,81.4,Teff
1906,brown,8.1,541.0,4.0,0.1014,2.8,11.0,8.016666667,8.503333333,12.59333333,10.98666667,30.62333333,33.21666667,27.53333333,26.29,8.883333333,12.68666667,13.17,10.74666667,0.75,2.37,8.35,2.156666667,67.12,0.62,57.49,5.56,81.4,Teff
1907,red,5.7,528.0,7.0,0.156,1.4,17.0,9.256666667,9.886666667,13.57,12.14666667,29.72333333,33.97333333,27.76666667,26.52,9.426666667,14.21333333,14.34666667,12.08666667,1.986666667,4.086666667,11.86666667,4.486666667,15.62,0.55,4.86,4.86,83.76,Teff
1908,brown,6.9,418.0,19.0,0.0562,2.0,9.0,9.256666667,9.886666667,13.57,12.14666667,29.72333333,33.97333333,27.76666667,26.52,9.426666667,14.21333333,14.34666667,12.08666667,1.986666667,4.086666667,11.86666667,4.486666667,15.62,0.55,4.86,4.86,83.76,Teff
1909,black,6.6,475.0,19.0,0.184,6.8,7.0,9.256666667,9.886666667,13.57,12.14666667,29.72333333,33.97333333,27.76666667,26.52,9.426666667,14.21333333,14.34666667,12.08666667,1.986666667,4.086666667,11.86666667,4.486666667,15.62,0.55,4.86,4.86,83.76,Teff
1910,black,6.3,290.0,6.0,0.107,1.2,7.0,9.256666667,9.886666667,13.57,12.14666667,29.72333333,33.97333333,27.76666667,26.52,9.426666667,14.21333333,14.34666667,12.08666667,1.986666667,4.086666667,11.86666667,4.486666667,15.62,0.55,4.86,4.86,83.76,Teff
1911,other,6.1,169.0,9.0,0.0585,3.1,6.0,8.016666667,8.503333333,12.59333333,10.98666667,30.62333333,33.21666667,27.53333333,26.29,8.883333333,12.68666667,13.17,10.74666667,0.75,2.37,8.35,2.156666667,67.12,0.62,57.49,5.56,81.4,Teff
1912,black,6.9,426.0,18.0,0.112,1.8,10.0,9.256666667,9.886666667,13.57,12.14666667,29.72333333,33.97333333,27.76666667,26.52,9.426666667,14.21333333,14.34666667,12.08666667,1.986666667,4.086666667,11.86666667,4.486666667,15.62,0.55,4.86,4.86,83.76,Teff
1913,red,5.3,401.0,5.0,0.133,1.1,21.0,9.256666667,9.886666667,13.57,12.14666667,29.72333333,33.97333333,27.76666667,26.52,9.426666667,14.21333333,14.34666667,12.08666667,1.986666667,4.086666667,11.86666667,4.486666667,15.62,0.55,4.86,4.86,83.76,Teff
1914,brown,6.3,207.0,18.0,0.089,7.3,6.0,8.016666667,8.503333333,12.59333333,10.98666667,30.62333333,33.21666667,27.53333333,26.29,8.883333333,12.68666667,13.17,10.74666667,0.75,2.37,8.35,2.156666667,67.12,0.62,57.49,5.56,81.4,Teff
1915,black,6.6,192.0,2.0,0.125,1.9,5.0,8.016666667,8.503333333,12.59333333,10.98666667,30.62333333,33.21666667,27.53333333,26.29,8.883333333,12.68666667,13.17,10.74666667,0.75,2.37,8.35,2.156666667,67.12,0.62,57.49,5.56,81.4,Teff
1916,red,5.1,187.0,5.0,0.1266,1.3,11.0,8.016666667,8.503333333,12.59333333,10.98666667,30.62333333,33.21666667,27.53333333,26.29,8.883333333,12.68666667,13.17,10.74666667,0.75,2.37,8.35,2.156666667,67.12,0.62,57.49,5.56,81.4,Teff
1917,brown,5.7,245.0,3.0,0.108,1.3,10.0,8.016666667,8.503333333,12.59333333,10.98666667,30.62333333,33.21666667,27.53333333,26.29,8.883333333,12.68666667,13.17,10.74666667,0.75,2.37,8.35,2.156666667,67.12,0.62,57.49,5.56,81.4,Teff
1918,black,6.3,258.0,10.0,0.113,4.9,7.0,8.016666667,8.503333333,12.59333333,10.98666667,30.62333333,33.21666667,27.53333333,26.29,8.883333333,12.68666667,13.17,10.74666667,0.75,2.37,8.35,2.156666667,67.12,0.62,57.49,5.56,81.4,Teff
1919,black,6.7,251.0,53.0,0.0503,2.8,5.0,8.016666667,8.503333333,12.59333333,10.98666667,30.62333333,33.21666667,27.53333333,26.29,8.883333333,12.68666667,13.17,10.74666667,0.75,2.37,8.35,2.156666667,67.12,0.62,57.49,5.56,81.4,Teff
1920,black,5.5,177.0,5.0,0.115,1.3,9.0,8.016666667,8.503333333,12.59333333,10.98666667,30.62333333,33.21666667,27.53333333,26.29,8.883333333,12.68666667,13.17,10.74666667,0.75,2.37,8.35,2.156666667,67.12,0.62,57.49,5.56,81.4,Teff
1921,black,5.6,238.0,6.0,0.147,1.6,14.0,8.016666667,8.503333333,12.59333333,10.98666667,30.62333333,33.21666667,27.53333333,26.29,8.883333333,12.68666667,13.17,10.74666667,0.75,2.37,8.35,2.156666667,67.12,0.62,57.49,5.56,81.4,Teff
1922,red,5.2,404.0,4.0,0.105,1.0,20.0,8.016666667,8.503333333,12.59333333,10.98666667,30.62333333,33.21666667,27.53333333,26.29,8.883333333,12.68666667,13.17,10.74666667,0.75,2.37,8.35,2.156666667,67.12,0.62,57.49,5.56,81.4,Teff
1923,red,5.2,394.0,18.0,0.111,2.2,13.0,8.016666667,8.503333333,12.59333333,10.98666667,30.62333333,33.21666667,27.53333333,26.29,8.883333333,12.68666667,13.17,10.74666667,0.75,2.37,8.35,2.156666667,67.12,0.62,57.49,5.56,81.4,Teff
1924,black,6.1,441.0,7.0,0.1745,2.8,8.0,8.016666667,8.503333333,12.59333333,10.98666667,30.62333333,33.21666667,27.53333333,26.29,8.883333333,12.68666667,13.17,10.74666667,0.75,2.37,8.35,2.156666667,67.12,0.62,57.49,5.56,81.4,Teff
1925,brown,6.8,332.0,45.0,0.0668,2.0,5.0,9.256666667,9.886666667,13.57,12.14666667,29.72333333,33.97333333,27.76666667,26.52,9.426666667,14.21333333,14.34666667,12.08666667,1.986666667,4.086666667,11.86666667,4.486666667,15.62,0.55,4.86,4.86,83.76,Teff
1926,brown,5.1,260.0,4.0,0.147,1.7,19.0,9.256666667,9.886666667,13.57,12.14666667,29.72333333,33.97333333,27.76666667,26.52,9.426666667,14.21333333,14.34666667,12.08666667,1.986666667,4.086666667,11.86666667,4.486666667,15.62,0.55,4.86,4.86,83.76,Teff
1927,red,5.5,507.0,46.0,0.144,3.9,9.0,8.016666667,8.503333333,12.59333333,10.98666667,30.62333333,33.21666667,27.53333333,26.29,8.883333333,12.68666667,13.17,10.74666667,0.75,2.37,8.35,2.156666667,67.12,0.62,57.49,5.56,81.4,Teff
1928,red,5.2,401.0,4.0,0.128,1.8,15.0,8.016666667,8.503333333,12.59333333,10.98666667,30.62333333,33.21666667,27.53333333,26.29,8.883333333,12.68666667,13.17,10.74666667,0.75,2.37,8.35,2.156666667,67.12,0.62,57.49,5.56,81.4,Teff
1929,brown,5.4,371.0,3.0,0.125,1.1,12.0,9.256666667,9.886666667,13.57,12.14666667,29.72333333,33.97333333,27.76666667,26.52,9.426666667,14.21333333,14.34666667,12.08666667,1.986666667,4.086666667,11.86666667,4.486666667,15.62,0.55,4.86,4.86,83.76,Teff
1930,dark brown,8.38,188.0,9.73,0.15,2.4,16.7,8.016666667,8.503333333,12.59333333,10.98666667,30.62333333,33.21666667,27.53333333,26.29,8.883333333,12.68666667,13.17,10.74666667,0.75,2.37,8.35,2.156666667,67.12,0.62,57.49,5.56,81.4,Teff
1931,brown,5.2,372.0,5.0,0.133,1.3,13.0,8.016666667,8.503333333,12.59333333,10.98666667,30.62333333,33.21666667,27.53333333,26.29,8.883333333,12.68666667,13.17,10.74666667,0.75,2.37,8.35,2.156666667,67.12,0.62,57.49,5.56,81.4,Teff
1932,dark brown,8.29,475.0,4.3,0.14,1.7,43.3,8.016666667,8.503333333,12.59333333,10.98666667,30.62333333,33.21666667,27.53333333,26.29,8.883333333,12.68666667,13.17,10.74666667,0.75,2.37,8.35,2.156666667,67.12,0.62,57.49,5.56,81.4,Teff
1933,red,5.0,460.0,5.0,0.14,1.1,19.0,8.016666667,8.503333333,12.59333333,10.98666667,30.62333333,33.21666667,27.53333333,26.29,8.883333333,12.68666667,13.17,10.74666667,0.75,2.37,8.35,2.156666667,67.12,0.62,57.49,5.56,81.4,Teff
1934,brown,5.6,732.0,11.0,0.167,2.9,11.0,9.256666667,9.886666667,13.57,12.14666667,29.72333333,33.97333333,27.76666667,26.52,9.426666667,14.21333333,14.34666667,12.08666667,1.986666667,4.086666667,11.86666667,4.486666667,15.62,0.55,4.86,4.86,83.76,Teff
1935,brown,5.4,655.0,3.0,0.139,1.4,13.0,9.256666667,9.886666667,13.57,12.14666667,29.72333333,33.97333333,27.76666667,26.52,9.426666667,14.21333333,14.34666667,12.08666667,1.986666667,4.086666667,11.86666667,4.486666667,15.62,0.55,4.86,4.86,83.76,Teff
1936,red,5.1,255.0,2.0,0.134,1.2,19.0,8.016666667,8.503333333,12.59333333,10.98666667,30.62333333,33.21666667,27.53333333,26.29,8.883333333,12.68666667,13.17,10.74666667,0.75,2.37,8.35,2.156666667,67.12,0.62,57.49,5.56,81.4,Teff
1937,red,5.0,567.0,5.0,0.137,1.7,19.0,9.256666667,9.886666667,13.57,12.14666667,29.72333333,33.97333333,27.76666667,26.52,9.426666667,14.21333333,14.34666667,12.08666667,1.986666667,4.086666667,11.86666667,4.486666667,15.62,0.55,4.86,4.86,83.76,Teff
1938,brown,5.2,439.0,20.0,0.213,2.8,11.0,9.256666667,9.886666667,13.57,12.14666667,29.72333333,33.97333333,27.76666667,26.52,9.426666667,14.21333333,14.34666667,12.08666667,1.986666667,4.086666667,11.86666667,4.486666667,15.62,0.55,4.86,4.86,83.76,Teff
1939,black,6.5,438.0,1.0,0.066,1.6,8.0,9.256666667,9.886666667,13.57,12.14666667,29.72333333,33.97333333,27.76666667,26.52,9.426666667,14.21333333,14.34666667,12.08666667,1.986666667,4.086666667,11.86666667,4.486666667,15.62,0.55,4.86,4.86,83.76,Teff
1940,red,5.4,569.0,5.0,0.179,1.7,11.0,9.256666667,9.886666667,13.57,12.14666667,29.72333333,33.97333333,27.76666667,26.52,9.426666667,14.21333333,14.34666667,12.08666667,1.986666667,4.086666667,11.86666667,4.486666667,15.62,0.55,4.86,4.86,83.76,Teff
1941,black,7.0,236.0,5.0,0.1033,2.7,7.0,8.016666667,8.503333333,12.59333333,10.98666667,30.62333333,33.21666667,27.53333333,26.29,8.883333333,12.68666667,13.17,10.74666667,0.75,2.37,8.35,2.156666667,67.12,0.62,57.49,5.56,81.4,Teff
1942,dark brown,7.46,274.0,1.53,0.13,2.74,46.9,8.016666667,8.503333333,12.59333333,10.98666667,30.62333333,33.21666667,27.53333333,26.29,8.883333333,12.68666667,13.17,10.74666667,0.75,2.37,8.35,2.156666667,67.12,0.62,57.49,5.56,81.4,Teff
1943,black,7.4,223.0,7.0,0.06,1.9,5.0,8.016666667,8.503333333,12.59333333,10.98666667,30.62333333,33.21666667,27.53333333,26.29,8.883333333,12.68666667,13.17,10.74666667,0.75,2.37,8.35,2.156666667,67.12,0.62,57.49,5.56,81.4,Teff
1944,other,6.5,159.0,19.0,0.0892,2.9,4.0,8.016666667,8.503333333,12.59333333,10.98666667,30.62333333,33.21666667,27.53333333,26.29,8.883333333,12.68666667,13.17,10.74666667,0.75,2.37,8.35,2.156666667,67.12,0.62,57.49,5.56,81.4,Teff
1945,black,6.8,173.0,12.0,0.1653,2.6,5.0,8.016666667,8.503333333,12.59333333,10.98666667,30.62333333,33.21666667,27.53333333,26.29,8.883333333,12.68666667,13.17,10.74666667,0.75,2.37,8.35,2.156666667,67.12,0.62,57.49,5.56,81.4,Teff
1946,brown,6.0,462.0,5.0,0.227,1.5,9.0,9.256666667,9.886666667,13.57,12.14666667,29.72333333,33.97333333,27.76666667,26.52,9.426666667,14.21333333,14.34666667,12.08666667,1.986666667,4.086666667,11.86666667,4.486666667,15.62,0.55,4.86,4.86,83.76,Teff
1947,black,6.5,429.0,19.0,0.0862,2.7,6.0,8.016666667,8.503333333,12.59333333,10.98666667,30.62333333,33.21666667,27.53333333,26.29,8.883333333,12.68666667,13.17,10.74666667,0.75,2.37,8.35,2.156666667,67.12,0.62,57.49,5.56,81.4,Teff
1948,black,6.3,149.0,20.0,0.1586,2.5,5.0,8.016666667,8.503333333,12.59333333,10.98666667,30.62333333,33.21666667,27.53333333,26.29,8.883333333,12.68666667,13.17,10.74666667,0.75,2.37,8.35,2.156666667,67.12,0.62,57.49,5.56,81.4,Teff
1949,black,6.4,330.0,5.0,0.118,2.1,8.0,8.016666667,8.503333333,12.59333333,10.98666667,30.62333333,33.21666667,27.53333333,26.29,8.883333333,12.68666667,13.17,10.74666667,0.75,2.37,8.35,2.156666667,67.12,0.62,57.49,5.56,81.4,Teff
1950,red,5.7,306.0,2.0,0.1481,1.9,12.0,8.016666667,8.503333333,12.59333333,10.98666667,30.62333333,33.21666667,27.53333333,26.29,8.883333333,12.68666667,13.17,10.74666667,0.75,2.37,8.35,2.156666667,67.12,0.62,57.49,5.56,81.4,Teff
1951,red,5.2,232.0,5.0,0.204,1.3,20.0,8.016666667,8.503333333,12.59333333,10.98666667,30.62333333,33.21666667,27.53333333,26.29,8.883333333,12.68666667,13.17,10.74666667,0.75,2.37,8.35,2.156666667,67.12,0.62,57.49,5.56,81.4,Teff
1952,black,6.7,303.0,3.0,0.0668,0.7,3.0,8.016666667,8.503333333,12.59333333,10.98666667,30.62333333,33.21666667,27.53333333,26.29,8.883333333,12.68666667,13.17,10.74666667,0.75,2.37,8.35,2.156666667,67.12,0.62,57.49,5.56,81.4,Teff
1953,red,5.2,442.0,3.0,0.221,1.3,17.0,9.256666667,9.886666667,13.57,12.14666667,29.72333333,33.97333333,27.76666667,26.52,9.426666667,14.21333333,14.34666667,12.08666667,1.986666667,4.086666667,11.86666667,4.486666667,15.62,0.55,4.86,4.86,83.76,Teff
1954,brown,5.0,472.0,3.0,0.196,1.4,19.0,9.256666667,9.886666667,13.57,12.14666667,29.72333333,33.97333333,27.76666667,26.52,9.426666667,14.21333333,14.34666667,12.08666667,1.986666667,4.086666667,11.86666667,4.486666667,15.62,0.55,4.86,4.86,83.76,Teff
1955,brown,5.6,166.0,4.0,0.1405,1.1,12.0,8.016666667,8.503333333,12.59333333,10.98666667,30.62333333,33.21666667,27.53333333,26.29,8.883333333,12.68666667,13.17,10.74666667,0.75,2.37,8.35,2.156666667,67.12,0.62,57.49,5.56,81.4,Teff
1956,black,6.8,290.0,1.0,0.0616,1.1,5.0,8.016666667,8.503333333,12.59333333,10.98666667,30.62333333,33.21666667,27.53333333,26.29,8.883333333,12.68666667,13.17,10.74666667,0.75,2.37,8.35,2.156666667,67.12,0.62,57.49,5.56,81.4,Teff
1957,dark brown,8.46,118.0,1.36,0.13,0.41,23.0,8.016666667,8.503333333,12.59333333,10.98666667,30.62333333,33.21666667,27.53333333,26.29,8.883333333,12.68666667,13.17,10.74666667,0.75,2.37,8.35,2.156666667,67.12,0.62,57.49,5.56,81.4,Teff
1958,red,4.8,524.0,5.0,0.213,1.3,25.0,9.256666667,9.886666667,13.57,12.14666667,29.72333333,33.97333333,27.76666667,26.52,9.426666667,14.21333333,14.34666667,12.08666667,1.986666667,4.086666667,11.86666667,4.486666667,15.62,0.55,4.86,4.86,83.76,Teff
1959,brown,6.45,288.0,4.16,0.07,1.25,8.82,8.016666667,8.503333333,12.59333333,10.98666667,30.62333333,33.21666667,27.53333333,26.29,8.883333333,12.68666667,13.17,10.74666667,0.75,2.37,8.35,2.156666667,67.12,0.62,57.49,5.56,81.4,Teff
1960,dark brown,6.69,93.0,7.99,0.11,1.51,7.06,8.016666667,8.503333333,12.59333333,10.98666667,30.62333333,33.21666667,27.53333333,26.29,8.883333333,12.68666667,13.17,10.74666667,0.75,2.37,8.35,2.156666667,67.12,0.62,57.49,5.56,81.4,Teff
1961,black,5.3,138.0,6.0,0.1471,1.9,17.0,8.016666667,8.503333333,12.59333333,10.98666667,30.62333333,33.21666667,27.53333333,26.29,8.883333333,12.68666667,13.17,10.74666667,0.75,2.37,8.35,2.156666667,67.12,0.62,57.49,5.56,81.4,Teff
1962,red,5.2,508.0,11.0,0.205,1.6,16.0,9.256666667,9.886666667,13.57,12.14666667,29.72333333,33.97333333,27.76666667,26.52,9.426666667,14.21333333,14.34666667,12.08666667,1.986666667,4.086666667,11.86666667,4.486666667,15.62,0.55,4.86,4.86,83.76,Teff
1963,red,5.3,434.0,5.0,0.196,1.5,17.0,8.016666667,8.503333333,12.59333333,10.98666667,30.62333333,33.21666667,27.53333333,26.29,8.883333333,12.68666667,13.17,10.74666667,0.75,2.37,8.35,2.156666667,67.12,0.62,57.49,5.56,81.4,Teff
1964,black,5.0,121.0,4.0,0.1512,2.5,17.0,8.016666667,8.503333333,12.59333333,10.98666667,30.62333333,33.21666667,27.53333333,26.29,8.883333333,12.68666667,13.17,10.74666667,0.75,2.37,8.35,2.156666667,67.12,0.62,57.49,5.56,81.4,Teff
1965,black,5.9,236.0,3.0,0.1649,1.3,11.0,8.016666667,8.503333333,12.59333333,10.98666667,30.62333333,33.21666667,27.53333333,26.29,8.883333333,12.68666667,13.17,10.74666667,0.75,2.37,8.35,2.156666667,67.12,0.62,57.49,5.56,81.4,Teff
1966,red,4.8,281.0,5.0,0.1645,1.6,16.0,8.016666667,8.503333333,12.59333333,10.98666667,30.62333333,33.21666667,27.53333333,26.29,8.883333333,12.68666667,13.17,10.74666667,0.75,2.37,8.35,2.156666667,67.12,0.62,57.49,5.56,81.4,Teff
1967,black,6.6,427.0,25.0,0.0648,1.2,6.0,8.016666667,8.503333333,12.59333333,10.98666667,30.62333333,33.21666667,27.53333333,26.29,8.883333333,12.68666667,13.17,10.74666667,0.75,2.37,8.35,2.156666667,67.12,0.62,57.49,5.56,81.4,Teff
1968,red,4.8,458.0,6.0,0.1785,1.4,16.0,8.016666667,8.503333333,12.59333333,10.98666667,30.62333333,33.21666667,27.53333333,26.29,8.883333333,12.68666667,13.17,10.74666667,0.75,2.37,8.35,2.156666667,67.12,0.62,57.49,5.56,81.4,Teff
1969,red,5.84,191.0,2.33,0.1394745,0.71,11.8,9.256666667,9.886666667,13.57,12.14666667,29.72333333,33.97333333,27.76666667,26.52,9.426666667,14.21333333,14.34666667,12.08666667,1.986666667,4.086666667,11.86666667,4.486666667,15.62,0.55,4.86,4.86,83.76,Teff
1970,black,6.0,228.0,2.0,0.127,1.2,9.0,8.016666667,8.503333333,12.59333333,10.98666667,30.62333333,33.21666667,27.53333333,26.29,8.883333333,12.68666667,13.17,10.74666667,0.75,2.37,8.35,2.156666667,67.12,0.62,57.49,5.56,81.4,Teff
1971,black,6.6,598.0,11.0,0.108,1.5,7.0,8.016666667,8.503333333,12.59333333,10.98666667,30.62333333,33.21666667,27.53333333,26.29,8.883333333,12.68666667,13.17,10.74666667,0.75,2.37,8.35,2.156666667,67.12,0.62,57.49,5.56,81.4,Teff
1972,black,6.6,455.0,18.0,0.1045,3.2,7.0,8.016666667,8.503333333,12.59333333,10.98666667,30.62333333,33.21666667,27.53333333,26.29,8.883333333,12.68666667,13.17,10.74666667,0.75,2.37,8.35,2.156666667,67.12,0.62,57.49,5.56,81.4,Teff
1973,brown,6.1,676.0,32.0,0.239,2.9,8.0,9.256666667,9.886666667,13.57,12.14666667,29.72333333,33.97333333,27.76666667,26.52,9.426666667,14.21333333,14.34666667,12.08666667,1.986666667,4.086666667,11.86666667,4.486666667,15.62,0.55,4.86,4.86,83.76,Teff
1974,red,5.31,243.0,4.33,0.0879285,0.93,16.7,9.256666667,9.886666667,13.57,12.14666667,29.72333333,33.97333333,27.76666667,26.52,9.426666667,14.21333333,14.34666667,12.08666667,1.986666667,4.086666667,11.86666667,4.486666667,15.62,0.55,4.86,4.86,83.76,Teff
1975,black,5.6,300.0,6.0,0.1074,0.9,7.0,8.016666667,8.503333333,12.59333333,10.98666667,30.62333333,33.21666667,27.53333333,26.29,8.883333333,12.68666667,13.17,10.74666667,0.75,2.37,8.35,2.156666667,67.12,0.62,57.49,5.56,81.4,Teff
1976,red,5.38,501.0,3.89,0.083578,2.2,17.2,9.256666667,9.886666667,13.57,12.14666667,29.72333333,33.97333333,27.76666667,26.52,9.426666667,14.21333333,14.34666667,12.08666667,1.986666667,4.086666667,11.86666667,4.486666667,15.62,0.55,4.86,4.86,83.76,Teff
1977,black,5.4,458.0,6.0,0.184,2.2,13.0,9.256666667,9.886666667,13.57,12.14666667,29.72333333,33.97333333,27.76666667,26.52,9.426666667,14.21333333,14.34666667,12.08666667,1.986666667,4.086666667,11.86666667,4.486666667,15.62,0.55,4.86,4.86,83.76,Teff
1978,black,6.0,267.0,14.0,0.1162,1.1,4.0,8.016666667,8.503333333,12.59333333,10.98666667,30.62333333,33.21666667,27.53333333,26.29,8.883333333,12.68666667,13.17,10.74666667,0.75,2.37,8.35,2.156666667,67.12,0.62,57.49,5.56,81.4,Teff
1979,brown,5.6,345.0,2.0,0.168,1.0,13.0,9.256666667,9.886666667,13.57,12.14666667,29.72333333,33.97333333,27.76666667,26.52,9.426666667,14.21333333,14.34666667,12.08666667,1.986666667,4.086666667,11.86666667,4.486666667,15.62,0.55,4.86,4.86,83.76,Teff
1980,dark brown,5.9,91.0,2.1,0.12,0.99,7.61,8.016666667,8.503333333,12.59333333,10.98666667,30.62333333,33.21666667,27.53333333,26.29,8.883333333,12.68666667,13.17,10.74666667,0.75,2.37,8.35,2.156666667,67.12,0.62,57.49,5.56,81.4,Teff
1981,black,5.4,234.0,6.0,0.1177,1.3,12.0,8.016666667,8.503333333,12.59333333,10.98666667,30.62333333,33.21666667,27.53333333,26.29,8.883333333,12.68666667,13.17,10.74666667,0.75,2.37,8.35,2.156666667,67.12,0.62,57.49,5.56,81.4,Teff
1982,red,5.79,262.0,4.58,0.16,1.54,14.8,9.256666667,9.886666667,13.57,12.14666667,29.72333333,33.97333333,27.76666667,26.52,9.426666667,14.21333333,14.34666667,12.08666667,1.986666667,4.086666667,11.86666667,4.486666667,15.62,0.55,4.86,4.86,83.76,Teff
1983,black,5.8,310.0,4.0,0.0986,1.2,9.0,8.016666667,8.503333333,12.59333333,10.98666667,30.62333333,33.21666667,27.53333333,26.29,8.883333333,12.68666667,13.17,10.74666667,0.75,2.37,8.35,2.156666667,67.12,0.62,57.49,5.56,81.4,Teff
1984,black,6.5,320.0,2.0,0.125,2.8,7.0,9.256666667,9.886666667,13.57,12.14666667,29.72333333,33.97333333,27.76666667,26.52,9.426666667,14.21333333,14.34666667,12.08666667,1.986666667,4.086666667,11.86666667,4.486666667,15.62,0.55,4.86,4.86,83.76,Teff
1985,dark gray,6.0,188.0,1.83,0.11,0.83,6.58,8.016666667,8.503333333,12.59333333,10.98666667,30.62333333,33.21666667,27.53333333,26.29,8.883333333,12.68666667,13.17,10.74666667,0.75,2.37,8.35,2.156666667,67.12,0.62,57.49,5.56,81.4,Teff
1986,reddish brown,5.42,183.0,1.79,0.22,1.79,13.1,9.256666667,9.886666667,13.57,12.14666667,29.72333333,33.97333333,27.76666667,26.52,9.426666667,14.21333333,14.34666667,12.08666667,1.986666667,4.086666667,11.86666667,4.486666667,15.62,0.55,4.86,4.86,83.76,Teff
1987,brown,6.7,342.0,3.0,0.122,2.7,5.0,9.256666667,9.886666667,13.57,12.14666667,29.72333333,33.97333333,27.76666667,26.52,9.426666667,14.21333333,14.34666667,12.08666667,1.986666667,4.086666667,11.86666667,4.486666667,15.62,0.55,4.86,4.86,83.76,Teff
1988,black,6.0,261.0,4.0,0.1023,1.0,8.0,8.016666667,8.503333333,12.59333333,10.98666667,30.62333333,33.21666667,27.53333333,26.29,8.883333333,12.68666667,13.17,10.74666667,0.75,2.37,8.35,2.156666667,67.12,0.62,57.49,5.56,81.4,Teff
1989,brown,8.2,467.0,7.0,0.1307,1.4,11.0,8.016666667,8.503333333,12.59333333,10.98666667,30.62333333,33.21666667,27.53333333,26.29,8.883333333,12.68666667,13.17,10.74666667,0.75,2.37,8.35,2.156666667,67.12,0.62,57.49,5.56,81.4,Teff
1990,brown,5.8,268.0,9.0,0.1019,1.6,6.0,8.016666667,8.503333333,12.59333333,10.98666667,30.62333333,33.21666667,27.53333333,26.29,8.883333333,12.68666667,13.17,10.74666667,0.75,2.37,8.35,2.156666667,67.12,0.62,57.49,5.56,81.4,Teff
1991,black,6.5,377.0,8.0,0.109,1.8,6.0,8.016666667,8.503333333,12.59333333,10.98666667,30.62333333,33.21666667,27.53333333,26.29,8.883333333,12.68666667,13.17,10.74666667,0.75,2.37,8.35,2.156666667,67.12,0.62,57.49,5.56,81.4,Teff
1992,black,6.6,218.0,3.0,0.1028,1.0,6.0,8.016666667,8.503333333,12.59333333,10.98666667,30.62333333,33.21666667,27.53333333,26.29,8.883333333,12.68666667,13.17,10.74666667,0.75,2.37,8.35,2.156666667,67.12,0.62,57.49,5.56,81.4,Teff
1993,black,6.24,191.0,10.0,0.12,1.74,12.0,9.256666667,9.886666667,13.57,12.14666667,29.72333333,33.97333333,27.76666667,26.52,9.426666667,14.21333333,14.34666667,12.08666667,1.986666667,4.086666667,11.86666667,4.486666667,15.62,0.55,4.86,4.86,83.76,Teff
1994,red,6.08,472.0,7.08,0.17,2.71,11.0,9.256666667,9.886666667,13.57,12.14666667,29.72333333,33.97333333,27.76666667,26.52,9.426666667,14.21333333,14.34666667,12.08666667,1.986666667,4.086666667,11.86666667,4.486666667,15.62,0.55,4.86,4.86,83.76,Teff
1995,red,5.7,783.0,10.0,0.1976,2.9,11.0,8.016666667,8.503333333,12.59333333,10.98666667,30.62333333,33.21666667,27.53333333,26.29,8.883333333,12.68666667,13.17,10.74666667,0.75,2.37,8.35,2.156666667,67.12,0.62,57.49,5.56,81.4,Teff
1996,black,5.9,365.0,2.0,0.187,1.9,9.0,9.256666667,9.886666667,13.57,12.14666667,29.72333333,33.97333333,27.76666667,26.52,9.426666667,14.21333333,14.34666667,12.08666667,1.986666667,4.086666667,11.86666667,4.486666667,15.62,0.55,4.86,4.86,83.76,Teff
1997,black,6.12,338.0,23.5,0.09,3.27,13.8,8.016666667,8.503333333,12.59333333,10.98666667,30.62333333,33.21666667,27.53333333,26.29,8.883333333,12.68666667,13.17,10.74666667,0.75,2.37,8.35,2.156666667,67.12,0.62,57.49,5.56,81.4,Teff
1998,black,5.3,149.0,3.0,0.2578,1.7,18.0,8.016666667,8.503333333,12.59333333,10.98666667,30.62333333,33.21666667,27.53333333,26.29,8.883333333,12.68666667,13.17,10.74666667,0.75,2.37,8.35,2.156666667,67.12,0.62,57.49,5.56,81.4,Teff
1999,red,5.2,730.0,13.0,0.25,2.6,19.0,8.016666667,8.503333333,12.59333333,10.98666667,30.62333333,33.21666667,27.53333333,26.29,8.883333333,12.68666667,13.17,10.74666667,0.75,2.37,8.35,2.156666667,67.12,0.62,57.49,5.56,81.4,Teff
2000,black,5.6,271.0,5.0,0.1149,1.2,10.0,8.016666667,8.503333333,12.59333333,10.98666667,30.62333333,33.21666667,27.53333333,26.29,8.883333333,12.68666667,13.17,10.74666667,0.75,2.37,8.35,2.156666667,67.12,0.62,57.49,5.56,81.4,Teff
2001,dark brown,8.08,304.0,4.78,0.19,2.18,10.2,8.016666667,8.503333333,12.59333333,10.98666667,30.62333333,33.21666667,27.53333333,26.29,8.883333333,12.68666667,13.17,10.74666667,0.75,2.37,8.35,2.156666667,67.12,0.62,57.49,5.56,81.4,Teff
2002,black,6.4,487.0,16.0,0.1804,1.6,8.0,8.016666667,8.503333333,12.59333333,10.98666667,30.62333333,33.21666667,27.53333333,26.29,8.883333333,12.68666667,13.17,10.74666667,0.75,2.37,8.35,2.156666667,67.12,0.62,57.49,5.56,81.4,Teff
2003,brown,7.2,631.0,58.0,0.143,3.6,7.0,8.016666667,8.503333333,12.59333333,10.98666667,30.62333333,33.21666667,27.53333333,26.29,8.883333333,12.68666667,13.17,10.74666667,0.75,2.37,8.35,2.156666667,67.12,0.62,57.49,5.56,81.4,Teff
2004,red,5.16,84.0,4.85,0.1,0.71,19.3,9.256666667,9.886666667,13.57,12.14666667,29.72333333,33.97333333,27.76666667,26.52,9.426666667,14.21333333,14.34666667,12.08666667,1.986666667,4.086666667,11.86666667,4.486666667,15.62,0.55,4.86,4.86,83.76,Teff
2005,red,5.2,405.0,2.0,0.162,2.1,28.0,9.256666667,9.886666667,13.57,12.14666667,29.72333333,33.97333333,27.76666667,26.52,9.426666667,14.21333333,14.34666667,12.08666667,1.986666667,4.086666667,11.86666667,4.486666667,15.62,0.55,4.86,4.86,83.76,Teff
2006,black,5.9,295.0,7.0,0.1143,1.1,7.0,8.016666667,8.503333333,12.59333333,10.98666667,30.62333333,33.21666667,27.53333333,26.29,8.883333333,12.68666667,13.17,10.74666667,0.75,2.37,8.35,2.156666667,67.12,0.62,57.49,5.56,81.4,Teff
2007,red,5.3,474.0,4.0,0.163,1.8,16.0,8.016666667,8.503333333,12.59333333,10.98666667,30.62333333,33.21666667,27.53333333,26.29,8.883333333,12.68666667,13.17,10.74666667,0.75,2.37,8.35,2.156666667,67.12,0.62,57.49,5.56,81.4,Teff
2008,red,5.68,495.0,18.3,0.2,3.5,11.8,9.256666667,9.886666667,13.57,12.14666667,29.72333333,33.97333333,27.76666667,26.52,9.426666667,14.21333333,14.34666667,12.08666667,1.986666667,4.086666667,11.86666667,4.486666667,15.62,0.55,4.86,4.86,83.76,Teff
2009,dark brown,8.28,289.0,3.42,0.15,1.7,17.5,8.016666667,8.503333333,12.59333333,10.98666667,30.62333333,33.21666667,27.53333333,26.29,8.883333333,12.68666667,13.17,10.74666667,0.75,2.37,8.35,2.156666667,67.12,0.62,57.49,5.56,81.4,Teff
2010,black,5.5,275.0,5.0,0.1039,1.3,7.0,8.016666667,8.503333333,12.59333333,10.98666667,30.62333333,33.21666667,27.53333333,26.29,8.883333333,12.68666667,13.17,10.74666667,0.75,2.37,8.35,2.156666667,67.12,0.62,57.49,5.56,81.4,Teff
2011,dark gray,6.39,190.0,2.1,0.11,1.23,6.28,8.016666667,8.503333333,12.59333333,10.98666667,30.62333333,33.21666667,27.53333333,26.29,8.883333333,12.68666667,13.17,10.74666667,0.75,2.37,8.35,2.156666667,67.12,0.62,57.49,5.56,81.4,Teff
2012,red,5.62,387.0,3.54,0.2,1.22,14.4,9.256666667,9.886666667,13.57,12.14666667,29.72333333,33.97333333,27.76666667,26.52,9.426666667,14.21333333,14.34666667,12.08666667,1.986666667,4.086666667,11.86666667,4.486666667,15.62,0.55,4.86,4.86,83.76,Teff
2013,black,5.0,245.0,5.0,0.242,2.2,19.0,9.256666667,9.886666667,13.57,12.14666667,29.72333333,33.97333333,27.76666667,26.52,9.426666667,14.21333333,14.34666667,12.08666667,1.986666667,4.086666667,11.86666667,4.486666667,15.62,0.55,4.86,4.86,83.76,Teff
2014,black,6.9,368.0,2.0,0.1469,1.6,7.0,8.016666667,8.503333333,12.59333333,10.98666667,30.62333333,33.21666667,27.53333333,26.29,8.883333333,12.68666667,13.17,10.74666667,0.75,2.37,8.35,2.156666667,67.12,0.62,57.49,5.56,81.4,Teff
2015,black,6.9,373.0,46.0,0.2341,3.6,9.0,8.016666667,8.503333333,12.59333333,10.98666667,30.62333333,33.21666667,27.53333333,26.29,8.883333333,12.68666667,13.17,10.74666667,0.75,2.37,8.35,2.156666667,67.12,0.62,57.49,5.56,81.4,Teff
2016,black,4.8,171.0,4.0,0.284,2.4,23.0,9.256666667,9.886666667,13.57,12.14666667,29.72333333,33.97333333,27.76666667,26.52,9.426666667,14.21333333,14.34666667,12.08666667,1.986666667,4.086666667,11.86666667,4.486666667,15.62,0.55,4.86,4.86,83.76,Teff
2017,black,6.8,215.0,3.81,0.08,0.88,6.44,9.256666667,9.886666667,13.57,12.14666667,29.72333333,33.97333333,27.76666667,26.52,9.426666667,14.21333333,14.34666667,12.08666667,1.986666667,4.086666667,11.86666667,4.486666667,15.62,0.55,4.86,4.86,83.76,Teff
2018,brown,6.0,456.0,14.0,0.184,2.0,7.0,8.016666667,8.503333333,12.59333333,10.98666667,30.62333333,33.21666667,27.53333333,26.29,8.883333333,12.68666667,13.17,10.74666667,0.75,2.37,8.35,2.156666667,67.12,0.62,57.49,5.56,81.4,Teff
2019,black,6.2,336.0,4.0,0.1025,0.9,6.0,8.016666667,8.503333333,12.59333333,10.98666667,30.62333333,33.21666667,27.53333333,26.29,8.883333333,12.68666667,13.17,10.74666667,0.75,2.37,8.35,2.156666667,67.12,0.62,57.49,5.56,81.4,Teff
2020,red,5.6,405.0,2.0,0.1672,1.1,9.0,8.016666667,8.503333333,12.59333333,10.98666667,30.62333333,33.21666667,27.53333333,26.29,8.883333333,12.68666667,13.17,10.74666667,0.75,2.37,8.35,2.156666667,67.12,0.62,57.49,5.56,81.4,Teff
2021,black,5.8,298.0,3.0,0.225,1.3,13.0,8.016666667,8.503333333,12.59333333,10.98666667,30.62333333,33.21666667,27.53333333,26.29,8.883333333,12.68666667,13.17,10.74666667,0.75,2.37,8.35,2.156666667,67.12,0.62,57.49,5.56,81.4,Teff
2022,black,5.2,152.0,2.0,0.1369,1.3,17.0,8.016666667,8.503333333,12.59333333,10.98666667,30.62333333,33.21666667,27.53333333,26.29,8.883333333,12.68666667,13.17,10.74666667,0.75,2.37,8.35,2.156666667,67.12,0.62,57.49,5.56,81.4,Teff
2023,black,6.45,275.0,7.04,0.11,1.86,8.76,8.016666667,8.503333333,12.59333333,10.98666667,30.62333333,33.21666667,27.53333333,26.29,8.883333333,12.68666667,13.17,10.74666667,0.75,2.37,8.35,2.156666667,67.12,0.62,57.49,5.56,81.4,Teff
2024,black,5.4,146.0,4.0,0.241,1.5,15.0,8.016666667,8.503333333,12.59333333,10.98666667,30.62333333,33.21666667,27.53333333,26.29,8.883333333,12.68666667,13.17,10.74666667,0.75,2.37,8.35,2.156666667,67.12,0.62,57.49,5.56,81.4,Teff
2025,red,5.7,167.0,2.0,0.202,1.4,9.0,8.016666667,8.503333333,12.59333333,10.98666667,30.62333333,33.21666667,27.53333333,26.29,8.883333333,12.68666667,13.17,10.74666667,0.75,2.37,8.35,2.156666667,67.12,0.62,57.49,5.56,81.4,Teff
2026,black,7.4,278.0,2.0,0.1071,2.0,5.0,8.016666667,8.503333333,12.59333333,10.98666667,30.62333333,33.21666667,27.53333333,26.29,8.883333333,12.68666667,13.17,10.74666667,0.75,2.37,8.35,2.156666667,67.12,0.62,57.49,5.56,81.4,Teff
2027,red,6.3,256.0,2.0,0.1261,1.3,6.0,8.016666667,8.503333333,12.59333333,10.98666667,30.62333333,33.21666667,27.53333333,26.29,8.883333333,12.68666667,13.17,10.74666667,0.75,2.37,8.35,2.156666667,67.12,0.62,57.49,5.56,81.4,Teff
2028,red,5.7,190.0,0.65,0.16,1.48,10.0,9.256666667,9.886666667,13.57,12.14666667,29.72333333,33.97333333,27.76666667,26.52,9.426666667,14.21333333,14.34666667,12.08666667,1.986666667,4.086666667,11.86666667,4.486666667,15.62,0.55,4.86,4.86,83.76,Teff
2029,dark gray,5.59,191.0,5.88,0.1,1.07,7.45,8.016666667,8.503333333,12.59333333,10.98666667,30.62333333,33.21666667,27.53333333,26.29,8.883333333,12.68666667,13.17,10.74666667,0.75,2.37,8.35,2.156666667,67.12,0.62,57.49,5.56,81.4,Teff
2030,dark gray,6.88,130.0,10.0,0.12,1.32,5.67,8.016666667,8.503333333,12.59333333,10.98666667,30.62333333,33.21666667,27.53333333,26.29,8.883333333,12.68666667,13.17,10.74666667,0.75,2.37,8.35,2.156666667,67.12,0.62,57.49,5.56,81.4,Teff
2031,brown,5.8,594.0,61.0,0.1919,3.7,8.0,8.016666667,8.503333333,12.59333333,10.98666667,30.62333333,33.21666667,27.53333333,26.29,8.883333333,12.68666667,13.17,10.74666667,0.75,2.37,8.35,2.156666667,67.12,0.62,57.49,5.56,81.4,Teff
2032,black,6.2,351.0,3.0,0.1411,1.3,8.0,8.016666667,8.503333333,12.59333333,10.98666667,30.62333333,33.21666667,27.53333333,26.29,8.883333333,12.68666667,13.17,10.74666667,0.75,2.37,8.35,2.156666667,67.12,0.62,57.49,5.56,81.4,Teff
2033,black,8.32,328.0,6.32,0.2,1.94,26.6,8.016666667,8.503333333,12.59333333,10.98666667,30.62333333,33.21666667,27.53333333,26.29,8.883333333,12.68666667,13.17,10.74666667,0.75,2.37,8.35,2.156666667,67.12,0.62,57.49,5.56,81.4,Teff
2034,reddish brown,5.49,557.0,3.86,0.2,2.03,16.3,9.256666667,9.886666667,13.57,12.14666667,29.72333333,33.97333333,27.76666667,26.52,9.426666667,14.21333333,14.34666667,12.08666667,1.986666667,4.086666667,11.86666667,4.486666667,15.62,0.55,4.86,4.86,83.76,Teff
2035,dark gray,5.85,140.0,1.86,0.09,2.04,7.99,8.016666667,8.503333333,12.59333333,10.98666667,30.62333333,33.21666667,27.53333333,26.29,8.883333333,12.68666667,13.17,10.74666667,0.75,2.37,8.35,2.156666667,67.12,0.62,57.49,5.56,81.4,Teff
2036,dark gray,6.57,172.0,3.3,0.11,1.07,6.18,8.016666667,8.503333333,12.59333333,10.98666667,30.62333333,33.21666667,27.53333333,26.29,8.883333333,12.68666667,13.17,10.74666667,0.75,2.37,8.35,2.156666667,67.12,0.62,57.49,5.56,81.4,Teff
2037,dark gray,5.51,210.0,2.41,0.12,0.86,7.09,8.016666667,8.503333333,12.59333333,10.98666667,30.62333333,33.21666667,27.53333333,26.29,8.883333333,12.68666667,13.17,10.74666667,0.75,2.37,8.35,2.156666667,67.12,0.62,57.49,5.56,81.4,Teff
2038,black,6.4,347.0,5.0,0.1763,1.2,11.0,8.016666667,8.503333333,12.59333333,10.98666667,30.62333333,33.21666667,27.53333333,26.29,8.883333333,12.68666667,13.17,10.74666667,0.75,2.37,8.35,2.156666667,67.12,0.62,57.49,5.56,81.4,Teff
2039,black,5.8,262.0,3.0,0.168,1.3,12.0,8.016666667,8.503333333,12.59333333,10.98666667,30.62333333,33.21666667,27.53333333,26.29,8.883333333,12.68666667,13.17,10.74666667,0.75,2.37,8.35,2.156666667,67.12,0.62,57.49,5.56,81.4,Teff
2040,black,5.8,261.0,4.0,0.1645,1.4,7.0,8.016666667,8.503333333,12.59333333,10.98666667,30.62333333,33.21666667,27.53333333,26.29,8.883333333,12.68666667,13.17,10.74666667,0.75,2.37,8.35,2.156666667,67.12,0.62,57.49,5.56,81.4,Teff
2041,black,6.96,315.0,6.4,0.11,1.58,8.57,8.016666667,8.503333333,12.59333333,10.98666667,30.62333333,33.21666667,27.53333333,26.29,8.883333333,12.68666667,13.17,10.74666667,0.75,2.37,8.35,2.156666667,67.12,0.62,57.49,5.56,81.4,Teff
2042,black,6.3,311.0,5.0,0.1308,0.8,5.0,8.016666667,8.503333333,12.59333333,10.98666667,30.62333333,33.21666667,27.53333333,26.29,8.883333333,12.68666667,13.17,10.74666667,0.75,2.37,8.35,2.156666667,67.12,0.62,57.49,5.56,81.4,Teff
2043,black,6.7,367.0,12.0,0.168,1.4,5.0,9.256666667,9.886666667,13.57,12.14666667,29.72333333,33.97333333,27.76666667,26.52,9.426666667,14.21333333,14.34666667,12.08666667,1.986666667,4.086666667,11.86666667,4.486666667,15.62,0.55,4.86,4.86,83.76,Teff
2044,reddish brown,5.42,271.0,2.97,0.22,2.44,15.8,9.256666667,9.886666667,13.57,12.14666667,29.72333333,33.97333333,27.76666667,26.52,9.426666667,14.21333333,14.34666667,12.08666667,1.986666667,4.086666667,11.86666667,4.486666667,15.62,0.55,4.86,4.86,83.76,Teff
2045,red,5.1,301.0,2.0,0.2586,2.1,16.0,8.016666667,8.503333333,12.59333333,10.98666667,30.62333333,33.21666667,27.53333333,26.29,8.883333333,12.68666667,13.17,10.74666667,0.75,2.37,8.35,2.156666667,67.12,0.62,57.49,5.56,81.4,Teff
2046,black,6.32,220.0,9.58,0.16,2.16,11.8,9.256666667,9.886666667,13.57,12.14666667,29.72333333,33.97333333,27.76666667,26.52,9.426666667,14.21333333,14.34666667,12.08666667,1.986666667,4.086666667,11.86666667,4.486666667,15.62,0.55,4.86,4.86,83.76,Teff
2047,brown,6.08,122.0,1.09,0.16,1.39,9.16,9.256666667,9.886666667,13.57,12.14666667,29.72333333,33.97333333,27.76666667,26.52,9.426666667,14.21333333,14.34666667,12.08666667,1.986666667,4.086666667,11.86666667,4.486666667,15.62,0.55,4.86,4.86,83.76,Teff
2048,black,5.8,251.0,4.0,0.1655,0.8,8.0,8.016666667,8.503333333,12.59333333,10.98666667,30.62333333,33.21666667,27.53333333,26.29,8.883333333,12.68666667,13.17,10.74666667,0.75,2.37,8.35,2.156666667,67.12,0.62,57.49,5.56,81.4,Teff
2049,dark gray,5.21,274.0,6.07,0.1,0.91,8.06,8.016666667,8.503333333,12.59333333,10.98666667,30.62333333,33.21666667,27.53333333,26.29,8.883333333,12.68666667,13.17,10.74666667,0.75,2.37,8.35,2.156666667,67.12,0.62,57.49,5.56,81.4,Teff
2050,black,5.5,253.0,4.0,0.2722,2.2,21.0,8.016666667,8.503333333,12.59333333,10.98666667,30.62333333,33.21666667,27.53333333,26.29,8.883333333,12.68666667,13.17,10.74666667,0.75,2.37,8.35,2.156666667,67.12,0.62,57.49,5.56,81.4,Teff
2051,brown,5.4,176.0,1.0,0.1358,1.3,16.0,9.256666667,9.886666667,13.57,12.14666667,29.72333333,33.97333333,27.76666667,26.52,9.426666667,14.21333333,14.34666667,12.08666667,1.986666667,4.086666667,11.86666667,4.486666667,15.62,0.55,4.86,4.86,83.76,Teff
2052,brown,6.09,653.0,14.6,0.16,2.27,12.1,9.256666667,9.886666667,13.57,12.14666667,29.72333333,33.97333333,27.76666667,26.52,9.426666667,14.21333333,14.34666667,12.08666667,1.986666667,4.086666667,11.86666667,4.486666667,15.62,0.55,4.86,4.86,83.76,Teff
2053,reddish brown,5.42,681.0,4.8,0.23,1.17,18.4,9.256666667,9.886666667,13.57,12.14666667,29.72333333,33.97333333,27.76666667,26.52,9.426666667,14.21333333,14.34666667,12.08666667,1.986666667,4.086666667,11.86666667,4.486666667,15.62,0.55,4.86,4.86,83.76,Teff
2054,dark gray,7.75,228.0,7.52,0.1,1.54,23.7,8.016666667,8.503333333,12.59333333,10.98666667,30.62333333,33.21666667,27.53333333,26.29,8.883333333,12.68666667,13.17,10.74666667,0.75,2.37,8.35,2.156666667,67.12,0.62,57.49,5.56,81.4,Teff
2055,black,5.6,249.0,2.0,0.1645,1.7,17.0,9.256666667,9.886666667,13.57,12.14666667,29.72333333,33.97333333,27.76666667,26.52,9.426666667,14.21333333,14.34666667,12.08666667,1.986666667,4.086666667,11.86666667,4.486666667,15.62,0.55,4.86,4.86,83.76,Teff
2056,brown,5.3,167.0,2.0,0.1776,0.9,18.0,8.016666667,8.503333333,12.59333333,10.98666667,30.62333333,33.21666667,27.53333333,26.29,8.883333333,12.68666667,13.17,10.74666667,0.75,2.37,8.35,2.156666667,67.12,0.62,57.49,5.56,81.4,Teff
2057,dark gray,6.02,246.0,3.19,0.12,1.12,5.09,8.016666667,8.503333333,12.59333333,10.98666667,30.62333333,33.21666667,27.53333333,26.29,8.883333333,12.68666667,13.17,10.74666667,0.75,2.37,8.35,2.156666667,67.12,0.62,57.49,5.56,81.4,Teff
2058,black,5.5,317.0,4.0,0.1575,1.1,8.0,8.016666667,8.503333333,12.59333333,10.98666667,30.62333333,33.21666667,27.53333333,26.29,8.883333333,12.68666667,13.17,10.74666667,0.75,2.37,8.35,2.156666667,67.12,0.62,57.49,5.56,81.4,Teff
2059,black,6.1,274.0,4.0,0.1536,1.8,7.0,8.016666667,8.503333333,12.59333333,10.98666667,30.62333333,33.21666667,27.53333333,26.29,8.883333333,12.68666667,13.17,10.74666667,0.75,2.37,8.35,2.156666667,67.12,0.62,57.49,5.56,81.4,Teff
2060,red,5.07,217.0,4.24,0.21,0.7,20.7,9.256666667,9.886666667,13.57,12.14666667,29.72333333,33.97333333,27.76666667,26.52,9.426666667,14.21333333,14.34666667,12.08666667,1.986666667,4.086666667,11.86666667,4.486666667,15.62,0.55,4.86,4.86,83.76,Teff
2061,black,5.9,209.0,5.0,0.235,2.0,9.0,8.016666667,8.503333333,12.59333333,10.98666667,30.62333333,33.21666667,27.53333333,26.29,8.883333333,12.68666667,13.17,10.74666667,0.75,2.37,8.35,2.156666667,67.12,0.62,57.49,5.56,81.4,Teff
2062,red,5.4,511.0,2.0,0.2355,1.6,11.0,8.016666667,8.503333333,12.59333333,10.98666667,30.62333333,33.21666667,27.53333333,26.29,8.883333333,12.68666667,13.17,10.74666667,0.75,2.37,8.35,2.156666667,67.12,0.62,57.49,5.56,81.4,Teff
2063,dark gray,6.53,219.0,2.25,0.07,0.95,6.39,8.016666667,8.503333333,12.59333333,10.98666667,30.62333333,33.21666667,27.53333333,26.29,8.883333333,12.68666667,13.17,10.74666667,0.75,2.37,8.35,2.156666667,67.12,0.62,57.49,5.56,81.4,Teff
2064,red,6.3,312.0,1.0,0.1321,1.6,14.0,8.016666667,8.503333333,12.59333333,10.98666667,30.62333333,33.21666667,27.53333333,26.29,8.883333333,12.68666667,13.17,10.74666667,0.75,2.37,8.35,2.156666667,67.12,0.62,57.49,5.56,81.4,Teff
2065,dark gray,6.48,316.0,20.5,0.11,1.3,7.34,8.016666667,8.503333333,12.59333333,10.98666667,30.62333333,33.21666667,27.53333333,26.29,8.883333333,12.68666667,13.17,10.74666667,0.75,2.37,8.35,2.156666667,67.12,0.62,57.49,5.56,81.4,Teff
2066,red,5.6,316.0,2.0,0.1698,1.4,13.0,8.016666667,8.503333333,12.59333333,10.98666667,30.62333333,33.21666667,27.53333333,26.29,8.883333333,12.68666667,13.17,10.74666667,0.75,2.37,8.35,2.156666667,67.12,0.62,57.49,5.56,81.4,Teff
2067,black,6.2,246.0,2.0,0.1703,1.6,7.0,8.016666667,8.503333333,12.59333333,10.98666667,30.62333333,33.21666667,27.53333333,26.29,8.883333333,12.68666667,13.17,10.74666667,0.75,2.37,8.35,2.156666667,67.12,0.62,57.49,5.56,81.4,Teff
2068,dark gray,6.66,194.0,0.89,0.08,1.06,5.7,8.016666667,8.503333333,12.59333333,10.98666667,30.62333333,33.21666667,27.53333333,26.29,8.883333333,12.68666667,13.17,10.74666667,0.75,2.37,8.35,2.156666667,67.12,0.62,57.49,5.56,81.4,Teff
2069,black,7.3,334.0,2.0,0.1005,0.9,5.0,8.016666667,8.503333333,12.59333333,10.98666667,30.62333333,33.21666667,27.53333333,26.29,8.883333333,12.68666667,13.17,10.74666667,0.75,2.37,8.35,2.156666667,67.12,0.62,57.49,5.56,81.4,Teff
2070,black,6.3,381.0,3.0,0.1505,1.6,9.0,8.016666667,8.503333333,12.59333333,10.98666667,30.62333333,33.21666667,27.53333333,26.29,8.883333333,12.68666667,13.17,10.74666667,0.75,2.37,8.35,2.156666667,67.12,0.62,57.49,5.56,81.4,Teff
2071,dark grayish brown,5.7,214.0,7.87,0.11,1.5,6.59,8.016666667,8.503333333,12.59333333,10.98666667,30.62333333,33.21666667,27.53333333,26.29,8.883333333,12.68666667,13.17,10.74666667,0.75,2.37,8.35,2.156666667,67.12,0.62,57.49,5.56,81.4,Teff
2072,dark gray,6.53,308.0,4.98,0.09,0.88,6.67,8.016666667,8.503333333,12.59333333,10.98666667,30.62333333,33.21666667,27.53333333,26.29,8.883333333,12.68666667,13.17,10.74666667,0.75,2.37,8.35,2.156666667,67.12,0.62,57.49,5.56,81.4,Teff
2073,black,6.74,1010.0,294.0,0.12,2.64,13.0,7.933333333,8.403333333,11.41333333,10.15,24.85,28.5,23.53333333,21.64666667,6.253333333,9.81,10.58666667,8.38,1.763333333,3.246666667,13.01333333,3.463333333,88.38,0.74,59.11,6.26,76.54,Teff
2074,dark gray,6.49,273.0,10.0,0.16,2.47,6.75,7.933333333,8.403333333,11.41333333,10.15,24.85,28.5,23.53333333,21.64666667,6.253333333,9.81,10.58666667,8.38,1.763333333,3.246666667,13.01333333,3.463333333,88.38,0.74,59.11,6.26,76.54,Teff
2075,reddish brown,4.95,201.0,3.31,0.23,1.43,21.3,8.91,9.48,12.24666667,11.10666667,25.20666667,29.71333333,23.59,22.8,5.76,9.296666667,11.20666667,8.26,2.293333333,4.61,17.44666667,5.803333333,68.94,0.73,59.11,5.44,78.25,Teff
2076,brown,8.2,386.0,4.0,0.1476,1.5,18.0,7.933333333,8.403333333,11.41333333,10.15,24.85,28.5,23.53333333,21.64666667,6.253333333,9.81,10.58666667,8.38,1.763333333,3.246666667,13.01333333,3.463333333,88.38,0.74,59.11,6.26,76.54,Teff
2077,red,5.0,448.0,5.19,0.22,1.89,18.0,8.91,9.48,12.24666667,11.10666667,25.20666667,29.71333333,23.59,22.8,5.76,9.296666667,11.20666667,8.26,2.293333333,4.61,17.44666667,5.803333333,68.94,0.73,59.11,5.44,78.25,Teff
2078,dark gray,6.33,261.0,4.26,0.15,0.71,6.92,7.933333333,8.403333333,11.41333333,10.15,24.85,28.5,23.53333333,21.64666667,6.253333333,9.81,10.58666667,8.38,1.763333333,3.246666667,13.01333333,3.463333333,88.38,0.74,59.11,6.26,76.54,Teff
2079,brown,5.4,266.0,3.0,0.2028,1.3,14.0,7.933333333,8.403333333,11.41333333,10.15,24.85,28.5,23.53333333,21.64666667,6.253333333,9.81,10.58666667,8.38,1.763333333,3.246666667,13.01333333,3.463333333,88.38,0.74,59.11,6.26,76.54,Teff
2080,reddish brown,5.52,198.0,0.78,0.16,1.94,12.9,8.91,9.48,12.24666667,11.10666667,25.20666667,29.71333333,23.59,22.8,5.76,9.296666667,11.20666667,8.26,2.293333333,4.61,17.44666667,5.803333333,68.94,0.73,59.11,5.44,78.25,Teff
2081,black,7.19,264.0,4.65,0.1,1.13,6.92,7.933333333,8.403333333,11.41333333,10.15,24.85,28.5,23.53333333,21.64666667,6.253333333,9.81,10.58666667,8.38,1.763333333,3.246666667,13.01333333,3.463333333,88.38,0.74,59.11,6.26,76.54,Teff
2082,brown,5.6,305.0,1.0,0.1704,0.7,14.0,8.91,9.48,12.24666667,11.10666667,25.20666667,29.71333333,23.59,22.8,5.76,9.296666667,11.20666667,8.26,2.293333333,4.61,17.44666667,5.803333333,68.94,0.73,59.11,5.44,78.25,Teff
2083,red,5.2,191.0,3.0,0.2066,1.1,14.0,7.933333333,8.403333333,11.41333333,10.15,24.85,28.5,23.53333333,21.64666667,6.253333333,9.81,10.58666667,8.38,1.763333333,3.246666667,13.01333333,3.463333333,88.38,0.74,59.11,6.26,76.54,Teff
2084,black,5.8,192.0,5.0,0.1751,1.0,8.0,7.933333333,8.403333333,11.41333333,10.15,24.85,28.5,23.53333333,21.64666667,6.253333333,9.81,10.58666667,8.38,1.763333333,3.246666667,13.01333333,3.463333333,88.38,0.74,59.11,6.26,76.54,Teff
2085,brown,8.0,387.0,3.0,0.1696,1.3,11.0,7.933333333,8.403333333,11.41333333,10.15,24.85,28.5,23.53333333,21.64666667,6.253333333,9.81,10.58666667,8.38,1.763333333,3.246666667,13.01333333,3.463333333,88.38,0.74,59.11,6.26,76.54,Teff
2086,black,5.8,265.0,3.0,0.1517,1.4,10.0,7.933333333,8.403333333,11.41333333,10.15,24.85,28.5,23.53333333,21.64666667,6.253333333,9.81,10.58666667,8.38,1.763333333,3.246666667,13.01333333,3.463333333,88.38,0.74,59.11,6.26,76.54,Teff
2087,black,6.8,404.0,2.0,0.085,1.0,5.0,7.933333333,8.403333333,11.41333333,10.15,24.85,28.5,23.53333333,21.64666667,6.253333333,9.81,10.58666667,8.38,1.763333333,3.246666667,13.01333333,3.463333333,88.38,0.74,59.11,6.26,76.54,Teff
2088,black,6.74,272.0,25.6,0.08,3.14,15.0,7.933333333,8.403333333,11.41333333,10.15,24.85,28.5,23.53333333,21.64666667,6.253333333,9.81,10.58666667,8.38,1.763333333,3.246666667,13.01333333,3.463333333,88.38,0.74,59.11,6.26,76.54,Teff
2089,red,5.36,269.0,6.16,0.23,1.93,17.1,8.91,9.48,12.24666667,11.10666667,25.20666667,29.71333333,23.59,22.8,5.76,9.296666667,11.20666667,8.26,2.293333333,4.61,17.44666667,5.803333333,68.94,0.73,59.11,5.44,78.25,Teff
2090,dark gray,6.36,228.0,12.4,0.13,1.25,7.26,7.933333333,8.403333333,11.41333333,10.15,24.85,28.5,23.53333333,21.64666667,6.253333333,9.81,10.58666667,8.38,1.763333333,3.246666667,13.01333333,3.463333333,88.38,0.74,59.11,6.26,76.54,Teff
2091,black,6.5,634.0,40.0,0.2052,2.6,6.0,7.933333333,8.403333333,11.41333333,10.15,24.85,28.5,23.53333333,21.64666667,6.253333333,9.81,10.58666667,8.38,1.763333333,3.246666667,13.01333333,3.463333333,88.38,0.74,59.11,6.26,76.54,Teff
2092,brown,6.7,263.0,1.0,0.1224,1.0,5.0,7.933333333,8.403333333,11.41333333,10.15,24.85,28.5,23.53333333,21.64666667,6.253333333,9.81,10.58666667,8.38,1.763333333,3.246666667,13.01333333,3.463333333,88.38,0.74,59.11,6.26,76.54,Teff
2093,black,5.4,266.0,4.0,0.166,1.2,8.0,7.933333333,8.403333333,11.41333333,10.15,24.85,28.5,23.53333333,21.64666667,6.253333333,9.81,10.58666667,8.38,1.763333333,3.246666667,13.01333333,3.463333333,88.38,0.74,59.11,6.26,76.54,Teff
2094,brown,7.1,1060.0,104.0,0.1556,3.4,11.0,7.933333333,8.403333333,11.41333333,10.15,24.85,28.5,23.53333333,21.64666667,6.253333333,9.81,10.58666667,8.38,1.763333333,3.246666667,13.01333333,3.463333333,88.38,0.74,59.11,6.26,76.54,Teff
2095,black,5.6,268.0,5.0,0.2242,1.5,13.0,8.91,9.48,12.24666667,11.10666667,25.20666667,29.71333333,23.59,22.8,5.76,9.296666667,11.20666667,8.26,2.293333333,4.61,17.44666667,5.803333333,68.94,0.73,59.11,5.44,78.25,Teff
2096,black,6.5,331.0,4.0,0.1256,1.4,6.0,7.933333333,8.403333333,11.41333333,10.15,24.85,28.5,23.53333333,21.64666667,6.253333333,9.81,10.58666667,8.38,1.763333333,3.246666667,13.01333333,3.463333333,88.38,0.74,59.11,6.26,76.54,Teff
2097,dark gray,7.17,160.0,1.03,0.11,1.36,6.5,7.933333333,8.403333333,11.41333333,10.15,24.85,28.5,23.53333333,21.64666667,6.253333333,9.81,10.58666667,8.38,1.763333333,3.246666667,13.01333333,3.463333333,88.38,0.74,59.11,6.26,76.54,Teff
2098,reddish brown,5.32,700.0,4.04,0.23,3.26,13.0,8.91,9.48,12.24666667,11.10666667,25.20666667,29.71333333,23.59,22.8,5.76,9.296666667,11.20666667,8.26,2.293333333,4.61,17.44666667,5.803333333,68.94,0.73,59.11,5.44,78.25,Teff
2099,reddish brown,5.8,452.0,1.1,0.18,1.35,7.34,8.91,9.48,12.24666667,11.10666667,25.20666667,29.71333333,23.59,22.8,5.76,9.296666667,11.20666667,8.26,2.293333333,4.61,17.44666667,5.803333333,68.94,0.73,59.11,5.44,78.25,Teff
2100,dark gray,5.9,285.0,3.44,0.16,0.85,5.32,7.933333333,8.403333333,11.41333333,10.15,24.85,28.5,23.53333333,21.64666667,6.253333333,9.81,10.58666667,8.38,1.763333333,3.246666667,13.01333333,3.463333333,88.38,0.74,59.11,6.26,76.54,Teff
2101,brown,6.3,482.0,5.0,0.1631,2.1,5.0,7.933333333,8.403333333,11.41333333,10.15,24.85,28.5,23.53333333,21.64666667,6.253333333,9.81,10.58666667,8.38,1.763333333,3.246666667,13.01333333,3.463333333,88.38,0.74,59.11,6.26,76.54,Teff
2102,red,5.27,193.0,1.22,0.19,1.92,15.8,7.933333333,8.403333333,11.41333333,10.15,24.85,28.5,23.53333333,21.64666667,6.253333333,9.81,10.58666667,8.38,1.763333333,3.246666667,13.01333333,3.463333333,88.38,0.74,59.11,6.26,76.54,Teff
2103,red,5.13,155.0,2.08,0.19,0.72,22.0,8.91,9.48,12.24666667,11.10666667,25.20666667,29.71333333,23.59,22.8,5.76,9.296666667,11.20666667,8.26,2.293333333,4.61,17.44666667,5.803333333,68.94,0.73,59.11,5.44,78.25,Teff
2104,black,6.3,349.0,8.0,0.2462,1.5,10.0,7.933333333,8.403333333,11.41333333,10.15,24.85,28.5,23.53333333,21.64666667,6.253333333,9.81,10.58666667,8.38,1.763333333,3.246666667,13.01333333,3.463333333,88.38,0.74,59.11,6.26,76.54,Teff
2105,dark reddish brown,4.81,205.0,3.15,0.23,1.47,23.1,8.91,9.48,12.24666667,11.10666667,25.20666667,29.71333333,23.59,22.8,5.76,9.296666667,11.20666667,8.26,2.293333333,4.61,17.44666667,5.803333333,68.94,0.73,59.11,5.44,78.25,Teff
2106,brown,6.1,304.0,15.0,0.4593,4.0,8.0,7.933333333,8.403333333,11.41333333,10.15,24.85,28.5,23.53333333,21.64666667,6.253333333,9.81,10.58666667,8.38,1.763333333,3.246666667,13.01333333,3.463333333,88.38,0.74,59.11,6.26,76.54,Teff
2107,dark gray,7.08,223.0,7.17,0.12,1.13,6.32,7.933333333,8.403333333,11.41333333,10.15,24.85,28.5,23.53333333,21.64666667,6.253333333,9.81,10.58666667,8.38,1.763333333,3.246666667,13.01333333,3.463333333,88.38,0.74,59.11,6.26,76.54,Teff
2108,dark gray,7.09,239.0,13.9,0.13,0.71,5.79,7.933333333,8.403333333,11.41333333,10.15,24.85,28.5,23.53333333,21.64666667,6.253333333,9.81,10.58666667,8.38,1.763333333,3.246666667,13.01333333,3.463333333,88.38,0.74,59.11,6.26,76.54,Teff
2109,brown,6.7,244.0,3.0,0.0504,1.0,5.0,7.933333333,8.403333333,11.41333333,10.15,24.85,28.5,23.53333333,21.64666667,6.253333333,9.81,10.58666667,8.38,1.763333333,3.246666667,13.01333333,3.463333333,88.38,0.74,59.11,6.26,76.54,Teff
2110,brown,6.8,543.0,10.0,0.084,1.6,8.0,7.933333333,8.403333333,11.41333333,10.15,24.85,28.5,23.53333333,21.64666667,6.253333333,9.81,10.58666667,8.38,1.763333333,3.246666667,13.01333333,3.463333333,88.38,0.74,59.11,6.26,76.54,Teff
2111,black,7.9,359.0,2.0,0.024,0.7,6.0,7.933333333,8.403333333,11.41333333,10.15,24.85,28.5,23.53333333,21.64666667,6.253333333,9.81,10.58666667,8.38,1.763333333,3.246666667,13.01333333,3.463333333,88.38,0.74,59.11,6.26,76.54,Teff
2112,dark gray,5.66,272.0,5.64,0.18,1.83,9.81,7.933333333,8.403333333,11.41333333,10.15,24.85,28.5,23.53333333,21.64666667,6.253333333,9.81,10.58666667,8.38,1.763333333,3.246666667,13.01333333,3.463333333,88.38,0.74,59.11,6.26,76.54,Teff
2113,dark reddish brown,5.02,224.0,3.02,0.18,1.78,19.7,7.933333333,8.403333333,11.41333333,10.15,24.85,28.5,23.53333333,21.64666667,6.253333333,9.81,10.58666667,8.38,1.763333333,3.246666667,13.01333333,3.463333333,88.38,0.74,59.11,6.26,76.54,Teff
2114,black,6.2,407.0,8.0,0.1867,1.4,7.0,7.933333333,8.403333333,11.41333333,10.15,24.85,28.5,23.53333333,21.64666667,6.253333333,9.81,10.58666667,8.38,1.763333333,3.246666667,13.01333333,3.463333333,88.38,0.74,59.11,6.26,76.54,Teff
2115,black,5.6,271.0,5.0,0.212,1.4,8.0,7.933333333,8.403333333,11.41333333,10.15,24.85,28.5,23.53333333,21.64666667,6.253333333,9.81,10.58666667,8.38,1.763333333,3.246666667,13.01333333,3.463333333,88.38,0.74,59.11,6.26,76.54,Teff
2116,black,5.38,344.0,15.5,0.11,1.64,18.3,7.933333333,8.403333333,11.41333333,10.15,24.85,28.5,23.53333333,21.64666667,6.253333333,9.81,10.58666667,8.38,1.763333333,3.246666667,13.01333333,3.463333333,88.38,0.74,59.11,6.26,76.54,Teff
2117,dark reddish brown,5.21,285.0,7.97,0.1,1.02,8.22,7.933333333,8.403333333,11.41333333,10.15,24.85,28.5,23.53333333,21.64666667,6.253333333,9.81,10.58666667,8.38,1.763333333,3.246666667,13.01333333,3.463333333,88.38,0.74,59.11,6.26,76.54,Teff
2118,brown,8.1,450.0,13.0,0.2038,1.4,8.0,7.933333333,8.403333333,11.41333333,10.15,24.85,28.5,23.53333333,21.64666667,6.253333333,9.81,10.58666667,8.38,1.763333333,3.246666667,13.01333333,3.463333333,88.38,0.74,59.11,6.26,76.54,Teff
2119,dark gray,5.62,281.0,10.4,0.13,1.04,7.48,7.933333333,8.403333333,11.41333333,10.15,24.85,28.5,23.53333333,21.64666667,6.253333333,9.81,10.58666667,8.38,1.763333333,3.246666667,13.01333333,3.463333333,88.38,0.74,59.11,6.26,76.54,Teff
2120,black,6.7,255.0,3.0,0.0295,1.3,6.0,7.933333333,8.403333333,11.41333333,10.15,24.85,28.5,23.53333333,21.64666667,6.253333333,9.81,10.58666667,8.38,1.763333333,3.246666667,13.01333333,3.463333333,88.38,0.74,59.11,6.26,76.54,Teff
2121,brown,5.5,359.0,4.0,0.1881,2.9,11.0,7.933333333,8.403333333,11.41333333,10.15,24.85,28.5,23.53333333,21.64666667,6.253333333,9.81,10.58666667,8.38,1.763333333,3.246666667,13.01333333,3.463333333,88.38,0.74,59.11,6.26,76.54,Teff
2122,brown,6.5,691.0,23.0,0.352,2.4,9.0,7.933333333,8.403333333,11.41333333,10.15,24.85,28.5,23.53333333,21.64666667,6.253333333,9.81,10.58666667,8.38,1.763333333,3.246666667,13.01333333,3.463333333,88.38,0.74,59.11,6.26,76.54,Teff
2123,red,5.7,296.0,2.0,0.1978,1.2,12.0,7.933333333,8.403333333,11.41333333,10.15,24.85,28.5,23.53333333,21.64666667,6.253333333,9.81,10.58666667,8.38,1.763333333,3.246666667,13.01333333,3.463333333,88.38,0.74,59.11,6.26,76.54,Teff
2124,red,5.2,229.0,1.0,0.1701,0.9,25.0,8.91,9.48,12.24666667,11.10666667,25.20666667,29.71333333,23.59,22.8,5.76,9.296666667,11.20666667,8.26,2.293333333,4.61,17.44666667,5.803333333,68.94,0.73,59.11,5.44,78.25,Teff
2125,black,5.98,281.0,7.5,0.11,1.46,9.06,7.933333333,8.403333333,11.41333333,10.15,24.85,28.5,23.53333333,21.64666667,6.253333333,9.81,10.58666667,8.38,1.763333333,3.246666667,13.01333333,3.463333333,88.38,0.74,59.11,6.26,76.54,Teff
2126,dark gray,6.07,276.0,7.07,0.11,2.11,8.44,7.933333333,8.403333333,11.41333333,10.15,24.85,28.5,23.53333333,21.64666667,6.253333333,9.81,10.58666667,8.38,1.763333333,3.246666667,13.01333333,3.463333333,88.38,0.74,59.11,6.26,76.54,Teff
2127,dark brown,5.56,563.0,2.52,0.16,1.15,18.1,8.91,9.48,12.24666667,11.10666667,25.20666667,29.71333333,23.59,22.8,5.76,9.296666667,11.20666667,8.26,2.293333333,4.61,17.44666667,5.803333333,68.94,0.73,59.11,5.44,78.25,Teff
2128,brown,5.2,315.0,3.0,0.2944,1.9,16.0,8.91,9.48,12.24666667,11.10666667,25.20666667,29.71333333,23.59,22.8,5.76,9.296666667,11.20666667,8.26,2.293333333,4.61,17.44666667,5.803333333,68.94,0.73,59.11,5.44,78.25,Teff
2129,black,6.5,225.0,1.0,0.0349,1.1,4.0,7.933333333,8.403333333,11.41333333,10.15,24.85,28.5,23.53333333,21.64666667,6.253333333,9.81,10.58666667,8.38,1.763333333,3.246666667,13.01333333,3.463333333,88.38,0.74,59.11,6.26,76.54,Teff
2130,reddish brown,5.61,165.0,0.49,0.17,1.04,10.6,8.91,9.48,12.24666667,11.10666667,25.20666667,29.71333333,23.59,22.8,5.76,9.296666667,11.20666667,8.26,2.293333333,4.61,17.44666667,5.803333333,68.94,0.73,59.11,5.44,78.25,Teff
2131,brown,5.3,196.0,3.0,0.1721,1.1,19.0,8.91,9.48,12.24666667,11.10666667,25.20666667,29.71333333,23.59,22.8,5.76,9.296666667,11.20666667,8.26,2.293333333,4.61,17.44666667,5.803333333,68.94,0.73,59.11,5.44,78.25,Teff
2132,reddish brown,5.87,216.0,1.73,0.19,2.07,8.31,8.91,9.48,12.24666667,11.10666667,25.20666667,29.71333333,23.59,22.8,5.76,9.296666667,11.20666667,8.26,2.293333333,4.61,17.44666667,5.803333333,68.94,0.73,59.11,5.44,78.25,Teff
2133,brown,6.0,400.0,2.0,0.1712,1.3,11.0,8.91,9.48,12.24666667,11.10666667,25.20666667,29.71333333,23.59,22.8,5.76,9.296666667,11.20666667,8.26,2.293333333,4.61,17.44666667,5.803333333,68.94,0.73,59.11,5.44,78.25,Teff
2134,red,5.13,495.0,3.57,0.21,1.57,19.3,8.91,9.48,12.24666667,11.10666667,25.20666667,29.71333333,23.59,22.8,5.76,9.296666667,11.20666667,8.26,2.293333333,4.61,17.44666667,5.803333333,68.94,0.73,59.11,5.44,78.25,Teff
2135,red,5.3,530.0,4.03,0.22,2.1,22.1,8.91,9.48,12.24666667,11.10666667,25.20666667,29.71333333,23.59,22.8,5.76,9.296666667,11.20666667,8.26,2.293333333,4.61,17.44666667,5.803333333,68.94,0.73,59.11,5.44,78.25,Teff
2136,dark gray,5.79,303.0,5.9,0.14,1.02,7.77,7.933333333,8.403333333,11.41333333,10.15,24.85,28.5,23.53333333,21.64666667,6.253333333,9.81,10.58666667,8.38,1.763333333,3.246666667,13.01333333,3.463333333,88.38,0.74,59.11,6.26,76.54,Teff
2137,black,5.8,341.0,32.0,0.1278,1.7,9.0,7.933333333,8.403333333,11.41333333,10.15,24.85,28.5,23.53333333,21.64666667,6.253333333,9.81,10.58666667,8.38,1.763333333,3.246666667,13.01333333,3.463333333,88.38,0.74,59.11,6.26,76.54,Teff
2138,brown,6.5,268.0,19.0,0.142,2.7,8.0,7.933333333,8.403333333,11.41333333,10.15,24.85,28.5,23.53333333,21.64666667,6.253333333,9.81,10.58666667,8.38,1.763333333,3.246666667,13.01333333,3.463333333,88.38,0.74,59.11,6.26,76.54,Teff
2139,reddish brown,5.16,218.0,1.34,0.17,1.8,18.7,8.91,9.48,12.24666667,11.10666667,25.20666667,29.71333333,23.59,22.8,5.76,9.296666667,11.20666667,8.26,2.293333333,4.61,17.44666667,5.803333333,68.94,0.73,59.11,5.44,78.25,Teff
2140,brown,7.1,283.0,16.0,0.0416,1.4,7.0,7.933333333,8.403333333,11.41333333,10.15,24.85,28.5,23.53333333,21.64666667,6.253333333,9.81,10.58666667,8.38,1.763333333,3.246666667,13.01333333,3.463333333,88.38,0.74,59.11,6.26,76.54,Teff
2141,brown,6.53,281.0,4.3,0.14,1.5,9.81,7.933333333,8.403333333,11.41333333,10.15,24.85,28.5,23.53333333,21.64666667,6.253333333,9.81,10.58666667,8.38,1.763333333,3.246666667,13.01333333,3.463333333,88.38,0.74,59.11,6.26,76.54,Teff
2142,black,6.2,407.0,128.0,0.1272,3.2,7.0,7.933333333,8.403333333,11.41333333,10.15,24.85,28.5,23.53333333,21.64666667,6.253333333,9.81,10.58666667,8.38,1.763333333,3.246666667,13.01333333,3.463333333,88.38,0.74,59.11,6.26,76.54,Teff
2143,red,5.43,89.0,4.06,0.29,1.17,12.5,8.91,9.48,12.24666667,11.10666667,25.20666667,29.71333333,23.59,22.8,5.76,9.296666667,11.20666667,8.26,2.293333333,4.61,17.44666667,5.803333333,68.94,0.73,59.11,5.44,78.25,Teff
2144,black,5.6,320.0,6.0,0.1283,1.4,6.0,7.933333333,8.403333333,11.41333333,10.15,24.85,28.5,23.53333333,21.64666667,6.253333333,9.81,10.58666667,8.38,1.763333333,3.246666667,13.01333333,3.463333333,88.38,0.74,59.11,6.26,76.54,Teff
2145,red,5.4,257.0,1.0,0.1222,0.9,20.0,7.933333333,8.403333333,11.41333333,10.15,24.85,28.5,23.53333333,21.64666667,6.253333333,9.81,10.58666667,8.38,1.763333333,3.246666667,13.01333333,3.463333333,88.38,0.74,59.11,6.26,76.54,Teff
2146,black,5.4,201.0,3.0,0.2033,1.2,12.0,7.933333333,8.403333333,11.41333333,10.15,24.85,28.5,23.53333333,21.64666667,6.253333333,9.81,10.58666667,8.38,1.763333333,3.246666667,13.01333333,3.463333333,88.38,0.74,59.11,6.26,76.54,Teff
2147,red,5.5,158.0,1.0,0.12,0.8,21.0,7.933333333,8.403333333,11.41333333,10.15,24.85,28.5,23.53333333,21.64666667,6.253333333,9.81,10.58666667,8.38,1.763333333,3.246666667,13.01333333,3.463333333,88.38,0.74,59.11,6.26,76.54,Teff
2148,dark gray,6.91,332.0,4.23,0.1,1.3,6.08,7.933333333,8.403333333,11.41333333,10.15,24.85,28.5,23.53333333,21.64666667,6.253333333,9.81,10.58666667,8.38,1.763333333,3.246666667,13.01333333,3.463333333,88.38,0.74,59.11,6.26,76.54,Teff
2149,red,5.4,238.0,2.0,0.1592,2.1,13.0,7.933333333,8.403333333,11.41333333,10.15,24.85,28.5,23.53333333,21.64666667,6.253333333,9.81,10.58666667,8.38,1.763333333,3.246666667,13.01333333,3.463333333,88.38,0.74,59.11,6.26,76.54,Teff
2150,very dark brown,6.85,399.0,6.6,0.13,1.27,8.25,7.933333333,8.403333333,11.41333333,10.15,24.85,28.5,23.53333333,21.64666667,6.253333333,9.81,10.58666667,8.38,1.763333333,3.246666667,13.01333333,3.463333333,88.38,0.74,59.11,6.26,76.54,Teff
2151,black,5.8,240.0,2.0,0.1889,1.3,9.0,7.933333333,8.403333333,11.41333333,10.15,24.85,28.5,23.53333333,21.64666667,6.253333333,9.81,10.58666667,8.38,1.763333333,3.246666667,13.01333333,3.463333333,88.38,0.74,59.11,6.26,76.54,Teff
2152,red,4.98,480.0,1.87,0.23,1.33,19.9,8.91,9.48,12.24666667,11.10666667,25.20666667,29.71333333,23.59,22.8,5.76,9.296666667,11.20666667,8.26,2.293333333,4.61,17.44666667,5.803333333,68.94,0.73,59.11,5.44,78.25,Teff
2153,black,5.3,227.0,4.0,0.1837,1.0,13.0,7.933333333,8.403333333,11.41333333,10.15,24.85,28.5,23.53333333,21.64666667,6.253333333,9.81,10.58666667,8.38,1.763333333,3.246666667,13.01333333,3.463333333,88.38,0.74,59.11,6.26,76.54,Teff
2154,black,5.3,345.0,4.0,0.1782,1.8,11.0,7.933333333,8.403333333,11.41333333,10.15,24.85,28.5,23.53333333,21.64666667,6.253333333,9.81,10.58666667,8.38,1.763333333,3.246666667,13.01333333,3.463333333,88.38,0.74,59.11,6.26,76.54,Teff
2155,brown,5.7,188.0,3.0,0.1852,1.2,10.0,7.933333333,8.403333333,11.41333333,10.15,24.85,28.5,23.53333333,21.64666667,6.253333333,9.81,10.58666667,8.38,1.763333333,3.246666667,13.01333333,3.463333333,88.38,0.74,59.11,6.26,76.54,Teff
2156,black,7.0,886.0,142.0,0.141,4.8,12.0,7.933333333,8.403333333,11.41333333,10.15,24.85,28.5,23.53333333,21.64666667,6.253333333,9.81,10.58666667,8.38,1.763333333,3.246666667,13.01333333,3.463333333,88.38,0.74,59.11,6.26,76.54,Teff
2157,black,6.5,404.0,30.0,0.1836,2.1,8.0,7.933333333,8.403333333,11.41333333,10.15,24.85,28.5,23.53333333,21.64666667,6.253333333,9.81,10.58666667,8.38,1.763333333,3.246666667,13.01333333,3.463333333,88.38,0.74,59.11,6.26,76.54,Teff
2158,black,5.2,151.0,3.0,0.2956,1.5,16.0,8.91,9.48,12.24666667,11.10666667,25.20666667,29.71333333,23.59,22.8,5.76,9.296666667,11.20666667,8.26,2.293333333,4.61,17.44666667,5.803333333,68.94,0.73,59.11,5.44,78.25,Teff
2159,black,7.71,248.0,11.5,0.12,1.12,12.4,7.933333333,8.403333333,11.41333333,10.15,24.85,28.5,23.53333333,21.64666667,6.253333333,9.81,10.58666667,8.38,1.763333333,3.246666667,13.01333333,3.463333333,88.38,0.74,59.11,6.26,76.54,Teff
2160,brown,5.4,188.0,5.0,0.1337,1.3,17.0,7.933333333,8.403333333,11.41333333,10.15,24.85,28.5,23.53333333,21.64666667,6.253333333,9.81,10.58666667,8.38,1.763333333,3.246666667,13.01333333,3.463333333,88.38,0.74,59.11,6.26,76.54,Teff
2161,dark brown,5.19,231.0,1.2,0.2,1.24,16.1,8.91,9.48,12.24666667,11.10666667,25.20666667,29.71333333,23.59,22.8,5.76,9.296666667,11.20666667,8.26,2.293333333,4.61,17.44666667,5.803333333,68.94,0.73,59.11,5.44,78.25,Teff
2162,black,6.5,246.0,48.0,0.0982,1.9,6.0,7.933333333,8.403333333,11.41333333,10.15,24.85,28.5,23.53333333,21.64666667,6.253333333,9.81,10.58666667,8.38,1.763333333,3.246666667,13.01333333,3.463333333,88.38,0.74,59.11,6.26,76.54,Teff
2163,dark gray,6.86,320.0,3.87,0.1,1.29,6.77,7.933333333,8.403333333,11.41333333,10.15,24.85,28.5,23.53333333,21.64666667,6.253333333,9.81,10.58666667,8.38,1.763333333,3.246666667,13.01333333,3.463333333,88.38,0.74,59.11,6.26,76.54,Teff
2164,reddish brown,5.39,246.0,3.19,0.23,1.58,13.8,8.91,9.48,12.24666667,11.10666667,25.20666667,29.71333333,23.59,22.8,5.76,9.296666667,11.20666667,8.26,2.293333333,4.61,17.44666667,5.803333333,68.94,0.73,59.11,5.44,78.25,Teff
2165,brown,7.0,394.0,63.0,0.1028,2.2,6.0,7.933333333,8.403333333,11.41333333,10.15,24.85,28.5,23.53333333,21.64666667,6.253333333,9.81,10.58666667,8.38,1.763333333,3.246666667,13.01333333,3.463333333,88.38,0.74,59.11,6.26,76.54,Teff
2166,black,6.6,933.0,82.0,0.0742,2.2,7.0,7.933333333,8.403333333,11.41333333,10.15,24.85,28.5,23.53333333,21.64666667,6.253333333,9.81,10.58666667,8.38,1.763333333,3.246666667,13.01333333,3.463333333,88.38,0.74,59.11,6.26,76.54,Teff
2167,brown,4.8,144.0,2.0,0.2039,1.3,20.0,7.933333333,8.403333333,11.41333333,10.15,24.85,28.5,23.53333333,21.64666667,6.253333333,9.81,10.58666667,8.38,1.763333333,3.246666667,13.01333333,3.463333333,88.38,0.74,59.11,6.26,76.54,Teff
2168,reddish brown,5.08,567.0,2.01,0.23,1.74,17.4,8.91,9.48,12.24666667,11.10666667,25.20666667,29.71333333,23.59,22.8,5.76,9.296666667,11.20666667,8.26,2.293333333,4.61,17.44666667,5.803333333,68.94,0.73,59.11,5.44,78.25,Teff
2169,black,5.7,149.0,4.0,0.1908,1.0,8.0,7.933333333,8.403333333,11.41333333,10.15,24.85,28.5,23.53333333,21.64666667,6.253333333,9.81,10.58666667,8.38,1.763333333,3.246666667,13.01333333,3.463333333,88.38,0.74,59.11,6.26,76.54,Teff
2170,brown,6.7,391.0,45.0,0.121,1.5,6.0,7.933333333,8.403333333,11.41333333,10.15,24.85,28.5,23.53333333,21.64666667,6.253333333,9.81,10.58666667,8.38,1.763333333,3.246666667,13.01333333,3.463333333,88.38,0.74,59.11,6.26,76.54,Teff
2171,brown,6.6,450.0,68.0,0.208,1.7,4.0,7.933333333,8.403333333,11.41333333,10.15,24.85,28.5,23.53333333,21.64666667,6.253333333,9.81,10.58666667,8.38,1.763333333,3.246666667,13.01333333,3.463333333,88.38,0.74,59.11,6.26,76.54,Teff
2172,dark brown,5.22,607.0,1.85,0.18,2.04,14.3,7.933333333,8.403333333,11.41333333,10.15,24.85,28.5,23.53333333,21.64666667,6.253333333,9.81,10.58666667,8.38,1.763333333,3.246666667,13.01333333,3.463333333,88.38,0.74,59.11,6.26,76.54,Teff
2173,black,5.8,352.0,30.0,0.1378,1.8,5.0,7.933333333,8.403333333,11.41333333,10.15,24.85,28.5,23.53333333,21.64666667,6.253333333,9.81,10.58666667,8.38,1.763333333,3.246666667,13.01333333,3.463333333,88.38,0.74,59.11,6.26,76.54,Teff
2174,black,5.7,221.0,10.0,0.1905,1.4,9.0,7.933333333,8.403333333,11.41333333,10.15,24.85,28.5,23.53333333,21.64666667,6.253333333,9.81,10.58666667,8.38,1.763333333,3.246666667,13.01333333,3.463333333,88.38,0.74,59.11,6.26,76.54,Teff
2175,reddish brown,5.1,359.0,1.93,0.16,1.19,18.4,7.933333333,8.403333333,11.41333333,10.15,24.85,28.5,23.53333333,21.64666667,6.253333333,9.81,10.58666667,8.38,1.763333333,3.246666667,13.01333333,3.463333333,88.38,0.74,59.11,6.26,76.54,Teff
2176,brown,5.0,285.0,2.0,0.258,1.9,10.0,7.933333333,8.403333333,11.41333333,10.15,24.85,28.5,23.53333333,21.64666667,6.253333333,9.81,10.58666667,8.38,1.763333333,3.246666667,13.01333333,3.463333333,88.38,0.74,59.11,6.26,76.54,Teff
2177,red,5.25,368.0,2.55,0.24,2.96,16.1,7.933333333,8.403333333,11.41333333,10.15,24.85,28.5,23.53333333,21.64666667,6.253333333,9.81,10.58666667,8.38,1.763333333,3.246666667,13.01333333,3.463333333,88.38,0.74,59.11,6.26,76.54,Teff
2178,red,4.7,156.0,2.0,0.2891,1.9,16.0,7.933333333,8.403333333,11.41333333,10.15,24.85,28.5,23.53333333,21.64666667,6.253333333,9.81,10.58666667,8.38,1.763333333,3.246666667,13.01333333,3.463333333,88.38,0.74,59.11,6.26,76.54,Teff
2179,black,5.67,323.0,4.23,0.1,1.18,10.2,7.933333333,8.403333333,11.41333333,10.15,24.85,28.5,23.53333333,21.64666667,6.253333333,9.81,10.58666667,8.38,1.763333333,3.246666667,13.01333333,3.463333333,88.38,0.74,59.11,6.26,76.54,Teff
2180,brown,6.05,121.0,17.5,0.310226981,0.7,9.7,8.91,9.48,12.24666667,11.10666667,25.20666667,29.71333333,23.59,22.8,5.76,9.296666667,11.20666667,8.26,2.293333333,4.61,17.44666667,5.803333333,68.94,0.73,59.11,5.44,78.25,Teff
2181,brown,5.7,355.0,4.0,0.1547,1.8,12.0,7.933333333,8.403333333,11.41333333,10.15,24.85,28.5,23.53333333,21.64666667,6.253333333,9.81,10.58666667,8.38,1.763333333,3.246666667,13.01333333,3.463333333,88.38,0.74,59.11,6.26,76.54,Teff
2182,dark gray,6.06,174.0,1.32,0.12,2.01,6.71,8.91,9.48,12.24666667,11.10666667,25.20666667,29.71333333,23.59,22.8,5.76,9.296666667,11.20666667,8.26,2.293333333,4.61,17.44666667,5.803333333,68.94,0.73,59.11,5.44,78.25,Teff
2183,dark gray,6.51,127.0,2.86,0.11,1.19,7.33,8.91,9.48,12.24666667,11.10666667,25.20666667,29.71333333,23.59,22.8,5.76,9.296666667,11.20666667,8.26,2.293333333,4.61,17.44666667,5.803333333,68.94,0.73,59.11,5.44,78.25,Teff
2184,black,6.9,435.0,16.0,0.1424,1.6,7.0,7.933333333,8.403333333,11.41333333,10.15,24.85,28.5,23.53333333,21.64666667,6.253333333,9.81,10.58666667,8.38,1.763333333,3.246666667,13.01333333,3.463333333,88.38,0.74,59.11,6.26,76.54,Teff
2185,black,6.9,569.0,95.0,0.1462,2.4,8.0,7.933333333,8.403333333,11.41333333,10.15,24.85,28.5,23.53333333,21.64666667,6.253333333,9.81,10.58666667,8.38,1.763333333,3.246666667,13.01333333,3.463333333,88.38,0.74,59.11,6.26,76.54,Teff
2186,black,5.6,292.0,4.0,0.1669,1.5,13.0,7.933333333,8.403333333,11.41333333,10.15,24.85,28.5,23.53333333,21.64666667,6.253333333,9.81,10.58666667,8.38,1.763333333,3.246666667,13.01333333,3.463333333,88.38,0.74,59.11,6.26,76.54,Teff
2187,reddish brown,5.11,421.0,3.0,0.24,1.49,15.6,8.91,9.48,12.24666667,11.10666667,25.20666667,29.71333333,23.59,22.8,5.76,9.296666667,11.20666667,8.26,2.293333333,4.61,17.44666667,5.803333333,68.94,0.73,59.11,5.44,78.25,Teff
2188,brown,5.5,237.0,3.0,0.1855,1.3,8.0,7.933333333,8.403333333,11.41333333,10.15,24.85,28.5,23.53333333,21.64666667,6.253333333,9.81,10.58666667,8.38,1.763333333,3.246666667,13.01333333,3.463333333,88.38,0.74,59.11,6.26,76.54,Teff
2189,black,7.1,417.0,6.0,0.0345,1.0,4.0,7.933333333,8.403333333,11.41333333,10.15,24.85,28.5,23.53333333,21.64666667,6.253333333,9.81,10.58666667,8.38,1.763333333,3.246666667,13.01333333,3.463333333,88.38,0.74,59.11,6.26,76.54,Teff
2190,black,7.2,570.0,116.0,0.1676,2.2,8.0,7.933333333,8.403333333,11.41333333,10.15,24.85,28.5,23.53333333,21.64666667,6.253333333,9.81,10.58666667,8.38,1.763333333,3.246666667,13.01333333,3.463333333,88.38,0.74,59.11,6.26,76.54,Teff
2191,brown,5.04,572.0,2.82,0.19,2.03,19.1,8.91,9.48,12.24666667,11.10666667,25.20666667,29.71333333,23.59,22.8,5.76,9.296666667,11.20666667,8.26,2.293333333,4.61,17.44666667,5.803333333,68.94,0.73,59.11,5.44,78.25,Teff
2192,black,6.22,244.0,1.95,0.14,1.1,6.75,8.91,9.48,12.24666667,11.10666667,25.20666667,29.71333333,23.59,22.8,5.76,9.296666667,11.20666667,8.26,2.293333333,4.61,17.44666667,5.803333333,68.94,0.73,59.11,5.44,78.25,Teff
2193,black,6.04,113.0,5.28,0.12,4.43,8.74,8.91,9.48,12.24666667,11.10666667,25.20666667,29.71333333,23.59,22.8,5.76,9.296666667,11.20666667,8.26,2.293333333,4.61,17.44666667,5.803333333,68.94,0.73,59.11,5.44,78.25,Teff
2194,black,6.5,380.0,33.0,0.1184,1.6,5.0,7.933333333,8.403333333,11.41333333,10.15,24.85,28.5,23.53333333,21.64666667,6.253333333,9.81,10.58666667,8.38,1.763333333,3.246666667,13.01333333,3.463333333,88.38,0.74,59.11,6.26,76.54,Teff
2195,reddish brown,4.59,278.0,2.1,0.21,0.93,32.1,8.91,9.48,12.24666667,11.10666667,25.20666667,29.71333333,23.59,22.8,5.76,9.296666667,11.20666667,8.26,2.293333333,4.61,17.44666667,5.803333333,68.94,0.73,59.11,5.44,78.25,Teff
2196,black,7.89,959.0,176.0,0.2,3.08,19.5,7.933333333,8.403333333,11.41333333,10.15,24.85,28.5,23.53333333,21.64666667,6.253333333,9.81,10.58666667,8.38,1.763333333,3.246666667,13.01333333,3.463333333,88.38,0.74,59.11,6.26,76.54,Teff
2197,black,7.77,511.0,23.2,0.17,1.77,10.2,7.933333333,8.403333333,11.41333333,10.15,24.85,28.5,23.53333333,21.64666667,6.253333333,9.81,10.58666667,8.38,1.763333333,3.246666667,13.01333333,3.463333333,88.38,0.74,59.11,6.26,76.54,Teff
2198,black,6.13,344.0,6.3,0.13,0.89,10.0,7.933333333,8.403333333,11.41333333,10.15,24.85,28.5,23.53333333,21.64666667,6.253333333,9.81,10.58666667,8.38,1.763333333,3.246666667,13.01333333,3.463333333,88.38,0.74,59.11,6.26,76.54,Teff
2199,black,6.5,468.0,35.0,0.2125,2.0,6.0,7.933333333,8.403333333,11.41333333,10.15,24.85,28.5,23.53333333,21.64666667,6.253333333,9.81,10.58666667,8.38,1.763333333,3.246666667,13.01333333,3.463333333,88.38,0.74,59.11,6.26,76.54,Teff
2200,black,6.7,641.0,36.0,0.1639,9.1,12.0,7.933333333,8.403333333,11.41333333,10.15,24.85,28.5,23.53333333,21.64666667,6.253333333,9.81,10.58666667,8.38,1.763333333,3.246666667,13.01333333,3.463333333,88.38,0.74,59.11,6.26,76.54,Teff
2201,black,5.3,316.0,12.0,0.1875,1.6,23.0,7.933333333,8.403333333,11.41333333,10.15,24.85,28.5,23.53333333,21.64666667,6.253333333,9.81,10.58666667,8.38,1.763333333,3.246666667,13.01333333,3.463333333,88.38,0.74,59.11,6.26,76.54,Teff
2202,black,6.2,333.0,2.0,0.1169,1.0,5.0,7.933333333,8.403333333,11.41333333,10.15,24.85,28.5,23.53333333,21.64666667,6.253333333,9.81,10.58666667,8.38,1.763333333,3.246666667,13.01333333,3.463333333,88.38,0.74,59.11,6.26,76.54,Teff
2203,red,5.2,216.0,2.0,0.2337,1.6,18.0,8.91,9.48,12.24666667,11.10666667,25.20666667,29.71333333,23.59,22.8,5.76,9.296666667,11.20666667,8.26,2.293333333,4.61,17.44666667,5.803333333,68.94,0.73,59.11,5.44,78.25,Teff
2204,black,5.2,171.0,2.0,0.2089,1.3,10.0,8.91,9.48,12.24666667,11.10666667,25.20666667,29.71333333,23.59,22.8,5.76,9.296666667,11.20666667,8.26,2.293333333,4.61,17.44666667,5.803333333,68.94,0.73,59.11,5.44,78.25,Teff
2205,brown,6.0,734.0,174.0,0.1856,4.4,9.0,7.933333333,8.403333333,11.41333333,10.15,24.85,28.5,23.53333333,21.64666667,6.253333333,9.81,10.58666667,8.38,1.763333333,3.246666667,13.01333333,3.463333333,88.38,0.74,59.11,6.26,76.54,Teff
2206,dark brown,5.66,267.0,10.9,0.15,1.6,12.8,8.91,9.48,12.24666667,11.10666667,25.20666667,29.71333333,23.59,22.8,5.76,9.296666667,11.20666667,8.26,2.293333333,4.61,17.44666667,5.803333333,68.94,0.73,59.11,5.44,78.25,Teff
2207,black,5.76,389.0,10.5,0.09,1.05,15.4,7.933333333,8.403333333,11.41333333,10.15,24.85,28.5,23.53333333,21.64666667,6.253333333,9.81,10.58666667,8.38,1.763333333,3.246666667,13.01333333,3.463333333,88.38,0.74,59.11,6.26,76.54,Teff
2208,brown,5.49,432.0,1.67,0.2,1.43,12.4,8.91,9.48,12.24666667,11.10666667,25.20666667,29.71333333,23.59,22.8,5.76,9.296666667,11.20666667,8.26,2.293333333,4.61,17.44666667,5.803333333,68.94,0.73,59.11,5.44,78.25,Teff
2209,brown,4.7,141.0,3.0,0.2778,2.4,17.0,8.91,9.48,12.24666667,11.10666667,25.20666667,29.71333333,23.59,22.8,5.76,9.296666667,11.20666667,8.26,2.293333333,4.61,17.44666667,5.803333333,68.94,0.73,59.11,5.44,78.25,Teff
2210,black,6.06,433.0,5.54,0.14,1.69,9.23,7.933333333,8.403333333,11.41333333,10.15,24.85,28.5,23.53333333,21.64666667,6.253333333,9.81,10.58666667,8.38,1.763333333,3.246666667,13.01333333,3.463333333,88.38,0.74,59.11,6.26,76.54,Teff
2211,reddish brown,4.92,278.0,1.12,0.22,1.26,24.4,8.91,9.48,12.24666667,11.10666667,25.20666667,29.71333333,23.59,22.8,5.76,9.296666667,11.20666667,8.26,2.293333333,4.61,17.44666667,5.803333333,68.94,0.73,59.11,5.44,78.25,Teff
2212,brown,5.44,350.0,1.03,0.23,1.36,10.3,8.91,9.48,12.24666667,11.10666667,25.20666667,29.71333333,23.59,22.8,5.76,9.296666667,11.20666667,8.26,2.293333333,4.61,17.44666667,5.803333333,68.94,0.73,59.11,5.44,78.25,Teff
2213,reddish brown,5.2,199.0,1.43,0.17,0.93,20.5,7.933333333,8.403333333,11.41333333,10.15,24.85,28.5,23.53333333,21.64666667,6.253333333,9.81,10.58666667,8.38,1.763333333,3.246666667,13.01333333,3.463333333,88.38,0.74,59.11,6.26,76.54,Teff
2214,black,6.5,267.0,3.0,0.1244,1.1,9.0,7.933333333,8.403333333,11.41333333,10.15,24.85,28.5,23.53333333,21.64666667,6.253333333,9.81,10.58666667,8.38,1.763333333,3.246666667,13.01333333,3.463333333,88.38,0.74,59.11,6.26,76.54,Teff
2215,black,8.0,401.0,7.0,0.0296,1.2,4.0,7.933333333,8.403333333,11.41333333,10.15,24.85,28.5,23.53333333,21.64666667,6.253333333,9.81,10.58666667,8.38,1.763333333,3.246666667,13.01333333,3.463333333,88.38,0.74,59.11,6.26,76.54,Teff
2216,black,5.2,236.0,4.0,0.3136,1.9,14.0,7.933333333,8.403333333,11.41333333,10.15,24.85,28.5,23.53333333,21.64666667,6.253333333,9.81,10.58666667,8.38,1.763333333,3.246666667,13.01333333,3.463333333,88.38,0.74,59.11,6.26,76.54,Teff
2217,brown,5.3,205.0,2.0,0.1644,0.9,17.0,7.933333333,8.403333333,11.41333333,10.15,24.85,28.5,23.53333333,21.64666667,6.253333333,9.81,10.58666667,8.38,1.763333333,3.246666667,13.01333333,3.463333333,88.38,0.74,59.11,6.26,76.54,Teff
2218,brown,5.4,238.0,3.0,0.1836,1.6,12.0,7.933333333,8.403333333,11.41333333,10.15,24.85,28.5,23.53333333,21.64666667,6.253333333,9.81,10.58666667,8.38,1.763333333,3.246666667,13.01333333,3.463333333,88.38,0.74,59.11,6.26,76.54,Teff
2219,black,6.96,414.0,5.37,0.15,1.37,9.53,7.933333333,8.403333333,11.41333333,10.15,24.85,28.5,23.53333333,21.64666667,6.253333333,9.81,10.58666667,8.38,1.763333333,3.246666667,13.01333333,3.463333333,88.38,0.74,59.11,6.26,76.54,Teff
2220,black,8.27,325.0,1.94,0.15,1.12,7.97,7.933333333,8.403333333,11.41333333,10.15,24.85,28.5,23.53333333,21.64666667,6.253333333,9.81,10.58666667,8.38,1.763333333,3.246666667,13.01333333,3.463333333,88.38,0.74,59.11,6.26,76.54,Teff
2221,black,7.22,384.0,5.32,0.16,0.88,7.69,7.933333333,8.403333333,11.41333333,10.15,24.85,28.5,23.53333333,21.64666667,6.253333333,9.81,10.58666667,8.38,1.763333333,3.246666667,13.01333333,3.463333333,88.38,0.74,59.11,6.26,76.54,Teff
2222,brown,6.3,288.0,2.0,0.1965,0.8,14.0,7.933333333,8.403333333,11.41333333,10.15,24.85,28.5,23.53333333,21.64666667,6.253333333,9.81,10.58666667,8.38,1.763333333,3.246666667,13.01333333,3.463333333,88.38,0.74,59.11,6.26,76.54,Teff
2223,reddish brown,5.11,202.0,2.52,0.13,0.91,14.0,8.91,9.48,12.24666667,11.10666667,25.20666667,29.71333333,23.59,22.8,5.76,9.296666667,11.20666667,8.26,2.293333333,4.61,17.44666667,5.803333333,68.94,0.73,59.11,5.44,78.25,Teff
2224,dark brown,5.77,192.0,1.13,0.16,1.48,8.62,8.91,9.48,12.24666667,11.10666667,25.20666667,29.71333333,23.59,22.8,5.76,9.296666667,11.20666667,8.26,2.293333333,4.61,17.44666667,5.803333333,68.94,0.73,59.11,5.44,78.25,Teff
2225,reddish brown,5.34,173.0,1.97,0.14,0.59,13.1,8.91,9.48,12.24666667,11.10666667,25.20666667,29.71333333,23.59,22.8,5.76,9.296666667,11.20666667,8.26,2.293333333,4.61,17.44666667,5.803333333,68.94,0.73,59.11,5.44,78.25,Teff
2226,red,5.3,397.0,33.0,0.1544,2.9,9.0,7.933333333,8.403333333,11.41333333,10.15,24.85,28.5,23.53333333,21.64666667,6.253333333,9.81,10.58666667,8.38,1.763333333,3.246666667,13.01333333,3.463333333,88.38,0.74,59.11,6.26,76.54,Teff
2227,black,5.9,322.0,6.0,0.1841,1.5,9.0,7.933333333,8.403333333,11.41333333,10.15,24.85,28.5,23.53333333,21.64666667,6.253333333,9.81,10.58666667,8.38,1.763333333,3.246666667,13.01333333,3.463333333,88.38,0.74,59.11,6.26,76.54,Teff
2228,red,5.11,250.0,3.17,0.22,1.42,15.3,8.91,9.48,12.24666667,11.10666667,25.20666667,29.71333333,23.59,22.8,5.76,9.296666667,11.20666667,8.26,2.293333333,4.61,17.44666667,5.803333333,68.94,0.73,59.11,5.44,78.25,Teff
2229,red,5.1,392.0,5.0,0.1718,2.1,14.0,8.91,9.48,12.24666667,11.10666667,25.20666667,29.71333333,23.59,22.8,5.76,9.296666667,11.20666667,8.26,2.293333333,4.61,17.44666667,5.803333333,68.94,0.73,59.11,5.44,78.25,Teff
2230,reddish brown,5.43,243.0,2.33,0.24,1.03,14.1,8.91,9.48,12.24666667,11.10666667,25.20666667,29.71333333,23.59,22.8,5.76,9.296666667,11.20666667,8.26,2.293333333,4.61,17.44666667,5.803333333,68.94,0.73,59.11,5.44,78.25,Teff
2231,brown,5.7,110.0,1.0,0.1769,1.2,9.0,8.91,9.48,12.24666667,11.10666667,25.20666667,29.71333333,23.59,22.8,5.76,9.296666667,11.20666667,8.26,2.293333333,4.61,17.44666667,5.803333333,68.94,0.73,59.11,5.44,78.25,Teff
2232,black,6.13,347.0,6.67,0.09,1.37,7.69,7.933333333,8.403333333,11.41333333,10.15,24.85,28.5,23.53333333,21.64666667,6.253333333,9.81,10.58666667,8.38,1.763333333,3.246666667,13.01333333,3.463333333,88.38,0.74,59.11,6.26,76.54,Teff
2233,black,5.8,385.0,3.0,0.2209,1.5,12.0,7.933333333,8.403333333,11.41333333,10.15,24.85,28.5,23.53333333,21.64666667,6.253333333,9.81,10.58666667,8.38,1.763333333,3.246666667,13.01333333,3.463333333,88.38,0.74,59.11,6.26,76.54,Teff
2234,reddish brown,5.33,211.0,1.2,0.19,0.44,23.1,8.91,9.48,12.24666667,11.10666667,25.20666667,29.71333333,23.59,22.8,5.76,9.296666667,11.20666667,8.26,2.293333333,4.61,17.44666667,5.803333333,68.94,0.73,59.11,5.44,78.25,Teff
2235,brown,6.0,486.0,102.0,0.1905,2.9,8.0,7.933333333,8.403333333,11.41333333,10.15,24.85,28.5,23.53333333,21.64666667,6.253333333,9.81,10.58666667,8.38,1.763333333,3.246666667,13.01333333,3.463333333,88.38,0.74,59.11,6.26,76.54,Teff
2236,reddish brown,4.89,189.0,2.41,0.22,1.6,18.1,8.91,9.48,12.24666667,11.10666667,25.20666667,29.71333333,23.59,22.8,5.76,9.296666667,11.20666667,8.26,2.293333333,4.61,17.44666667,5.803333333,68.94,0.73,59.11,5.44,78.25,Teff
2237,brown,4.81,178.0,4.36,0.19,1.48,20.6,8.91,9.48,12.24666667,11.10666667,25.20666667,29.71333333,23.59,22.8,5.76,9.296666667,11.20666667,8.26,2.293333333,4.61,17.44666667,5.803333333,68.94,0.73,59.11,5.44,78.25,Teff
2238,black,6.5,381.0,11.0,0.1846,1.1,9.0,7.933333333,8.403333333,11.41333333,10.15,24.85,28.5,23.53333333,21.64666667,6.253333333,9.81,10.58666667,8.38,1.763333333,3.246666667,13.01333333,3.463333333,88.38,0.74,59.11,6.26,76.54,Teff
2239,black,7.0,354.0,14.0,0.1208,1.7,7.0,7.933333333,8.403333333,11.41333333,10.15,24.85,28.5,23.53333333,21.64666667,6.253333333,9.81,10.58666667,8.38,1.763333333,3.246666667,13.01333333,3.463333333,88.38,0.74,59.11,6.26,76.54,Teff
2240,black,6.2,405.0,15.0,0.1821,1.9,10.0,7.933333333,8.403333333,11.41333333,10.15,24.85,28.5,23.53333333,21.64666667,6.253333333,9.81,10.58666667,8.38,1.763333333,3.246666667,13.01333333,3.463333333,88.38,0.74,59.11,6.26,76.54,Teff
2241,black,7.5,514.0,18.0,0.0874,1.7,11.0,7.933333333,8.403333333,11.41333333,10.15,24.85,28.5,23.53333333,21.64666667,6.253333333,9.81,10.58666667,8.38,1.763333333,3.246666667,13.01333333,3.463333333,88.38,0.74,59.11,6.26,76.54,Teff
2242,red,5.0,149.0,3.0,0.219,0.7,18.0,8.91,9.48,12.24666667,11.10666667,25.20666667,29.71333333,23.59,22.8,5.76,9.296666667,11.20666667,8.26,2.293333333,4.61,17.44666667,5.803333333,68.94,0.73,59.11,5.44,78.25,Teff
2243,red,5.5,359.0,2.0,0.19,0.8,9.0,8.91,9.48,12.24666667,11.10666667,25.20666667,29.71333333,23.59,22.8,5.76,9.296666667,11.20666667,8.26,2.293333333,4.61,17.44666667,5.803333333,68.94,0.73,59.11,5.44,78.25,Teff
2244,black,6.96,414.0,12.8,0.14,1.43,15.5,7.933333333,8.403333333,11.41333333,10.15,24.85,28.5,23.53333333,21.64666667,6.253333333,9.81,10.58666667,8.38,1.763333333,3.246666667,13.01333333,3.463333333,88.38,0.74,59.11,6.26,76.54,Teff
2245,red,5.8,273.0,3.0,0.271,1.8,7.0,8.91,9.48,12.24666667,11.10666667,25.20666667,29.71333333,23.59,22.8,5.76,9.296666667,11.20666667,8.26,2.293333333,4.61,17.44666667,5.803333333,68.94,0.73,59.11,5.44,78.25,Teff
2246,red,5.8,585.0,8.0,0.1497,1.5,13.0,8.91,9.48,12.24666667,11.10666667,25.20666667,29.71333333,23.59,22.8,5.76,9.296666667,11.20666667,8.26,2.293333333,4.61,17.44666667,5.803333333,68.94,0.73,59.11,5.44,78.25,Teff
2247,black,6.4,416.0,5.0,0.1618,1.0,9.0,7.933333333,8.403333333,11.41333333,10.15,24.85,28.5,23.53333333,21.64666667,6.253333333,9.81,10.58666667,8.38,1.763333333,3.246666667,13.01333333,3.463333333,88.38,0.74,59.11,6.26,76.54,Teff
2248,brown,6.9,214.0,31.3,0.06,1.35,7.12,8.91,9.48,12.24666667,11.10666667,25.20666667,29.71333333,23.59,22.8,5.76,9.296666667,11.20666667,8.26,2.293333333,4.61,17.44666667,5.803333333,68.94,0.73,59.11,5.44,78.25,Teff
2249,black,6.5,267.0,2.0,0.1631,1.4,8.0,7.933333333,8.403333333,11.41333333,10.15,24.85,28.5,23.53333333,21.64666667,6.253333333,9.81,10.58666667,8.38,1.763333333,3.246666667,13.01333333,3.463333333,88.38,0.74,59.11,6.26,76.54,Teff
2250,black,7.12,538.0,43.2,0.15,2.64,8.74,7.933333333,8.403333333,11.41333333,10.15,24.85,28.5,23.53333333,21.64666667,6.253333333,9.81,10.58666667,8.38,1.763333333,3.246666667,13.01333333,3.463333333,88.38,0.74,59.11,6.26,76.54,Teff
2251,red,5.2,373.0,3.0,0.2132,1.0,17.0,8.91,9.48,12.24666667,11.10666667,25.20666667,29.71333333,23.59,22.8,5.76,9.296666667,11.20666667,8.26,2.293333333,4.61,17.44666667,5.803333333,68.94,0.73,59.11,5.44,78.25,Teff
2252,black,6.53,380.0,15.9,0.08,1.69,12.6,7.933333333,8.403333333,11.41333333,10.15,24.85,28.5,23.53333333,21.64666667,6.253333333,9.81,10.58666667,8.38,1.763333333,3.246666667,13.01333333,3.463333333,88.38,0.74,59.11,6.26,76.54,Teff
2253,brown,6.6,1163.0,145.0,0.2215,4.9,13.0,7.933333333,8.403333333,11.41333333,10.15,24.85,28.5,23.53333333,21.64666667,6.253333333,9.81,10.58666667,8.38,1.763333333,3.246666667,13.01333333,3.463333333,88.38,0.74,59.11,6.26,76.54,Teff
2254,brown,6.62,84.0,8.3,0.07,1.48,8.84,8.91,9.48,12.24666667,11.10666667,25.20666667,29.71333333,23.59,22.8,5.76,9.296666667,11.20666667,8.26,2.293333333,4.61,17.44666667,5.803333333,68.94,0.73,59.11,5.44,78.25,Teff
2255,red,5.16,229.0,3.4,0.165620078,0.9,19.3,8.91,9.48,12.24666667,11.10666667,25.20666667,29.71333333,23.59,22.8,5.76,9.296666667,11.20666667,8.26,2.293333333,4.61,17.44666667,5.803333333,68.94,0.73,59.11,5.44,78.25,Teff
2256,brown,5.0,249.0,3.39,0.21,1.82,21.8,8.91,9.48,12.24666667,11.10666667,25.20666667,29.71333333,23.59,22.8,5.76,9.296666667,11.20666667,8.26,2.293333333,4.61,17.44666667,5.803333333,68.94,0.73,59.11,5.44,78.25,Teff
2257,black,7.1,470.0,21.0,0.1027,1.4,8.0,7.933333333,8.403333333,11.41333333,10.15,24.85,28.5,23.53333333,21.64666667,6.253333333,9.81,10.58666667,8.38,1.763333333,3.246666667,13.01333333,3.463333333,88.38,0.74,59.11,6.26,76.54,Teff
2258,black,6.5,343.0,20.0,0.0729,1.7,10.0,7.933333333,8.403333333,11.41333333,10.15,24.85,28.5,23.53333333,21.64666667,6.253333333,9.81,10.58666667,8.38,1.763333333,3.246666667,13.01333333,3.463333333,88.38,0.74,59.11,6.26,76.54,Teff
2259,black,6.8,475.0,35.0,0.0862,1.8,8.0,7.933333333,8.403333333,11.41333333,10.15,24.85,28.5,23.53333333,21.64666667,6.253333333,9.81,10.58666667,8.38,1.763333333,3.246666667,13.01333333,3.463333333,88.38,0.74,59.11,6.26,76.54,Teff
2260,brown,6.84,63.0,7.79,0.04,1.03,9.84,8.91,9.48,12.24666667,11.10666667,25.20666667,29.71333333,23.59,22.8,5.76,9.296666667,11.20666667,8.26,2.293333333,4.61,17.44666667,5.803333333,68.94,0.73,59.11,5.44,78.25,Teff
2261,red,5.1,368.0,2.0,0.2072,1.0,25.0,8.91,9.48,12.24666667,11.10666667,25.20666667,29.71333333,23.59,22.8,5.76,9.296666667,11.20666667,8.26,2.293333333,4.61,17.44666667,5.803333333,68.94,0.73,59.11,5.44,78.25,Teff
2262,black,7.77,271.0,1.71,0.14,1.5,11.5,7.933333333,8.403333333,11.41333333,10.15,24.85,28.5,23.53333333,21.64666667,6.253333333,9.81,10.58666667,8.38,1.763333333,3.246666667,13.01333333,3.463333333,88.38,0.74,59.11,6.26,76.54,Teff
2263,red,6.25,64.0,11.5,0.01,1.64,14.5,8.91,9.48,12.24666667,11.10666667,25.20666667,29.71333333,23.59,22.8,5.76,9.296666667,11.20666667,8.26,2.293333333,4.61,17.44666667,5.803333333,68.94,0.73,59.11,5.44,78.25,Teff
2264,red,5.6,538.0,4.0,0.2257,2.2,10.0,8.91,9.48,12.24666667,11.10666667,25.20666667,29.71333333,23.59,22.8,5.76,9.296666667,11.20666667,8.26,2.293333333,4.61,17.44666667,5.803333333,68.94,0.73,59.11,5.44,78.25,Teff
2265,red,5.3,70.0,1.0,0.1902,0.9,14.0,8.91,9.48,12.24666667,11.10666667,25.20666667,29.71333333,23.59,22.8,5.76,9.296666667,11.20666667,8.26,2.293333333,4.61,17.44666667,5.803333333,68.94,0.73,59.11,5.44,78.25,Teff
2266,red,5.3,321.0,2.0,0.157,1.4,14.0,8.91,9.48,12.24666667,11.10666667,25.20666667,29.71333333,23.59,22.8,5.76,9.296666667,11.20666667,8.26,2.293333333,4.61,17.44666667,5.803333333,68.94,0.73,59.11,5.44,78.25,Teff
2267,black,6.91,637.0,87.5,0.16,2.37,11.5,7.933333333,8.403333333,11.41333333,10.15,24.85,28.5,23.53333333,21.64666667,6.253333333,9.81,10.58666667,8.38,1.763333333,3.246666667,13.01333333,3.463333333,88.38,0.74,59.11,6.26,76.54,Teff
2268,black,4.9,194.0,2.0,0.1432,0.9,21.0,7.933333333,8.403333333,11.41333333,10.15,24.85,28.5,23.53333333,21.64666667,6.253333333,9.81,10.58666667,8.38,1.763333333,3.246666667,13.01333333,3.463333333,88.38,0.74,59.11,6.26,76.54,Teff
2269,black,5.6,294.0,2.0,0.1092,1.3,9.0,7.933333333,8.403333333,11.41333333,10.15,24.85,28.5,23.53333333,21.64666667,6.253333333,9.81,10.58666667,8.38,1.763333333,3.246666667,13.01333333,3.463333333,88.38,0.74,59.11,6.26,76.54,Teff
2270,brown,6.5,385.0,4.0,0.0864,2.0,12.0,8.91,9.48,12.24666667,11.10666667,25.20666667,29.71333333,23.59,22.8,5.76,9.296666667,11.20666667,8.26,2.293333333,4.61,17.44666667,5.803333333,68.94,0.73,59.11,5.44,78.25,Teff
2271,black,6.9,402.0,18.0,0.0812,1.4,5.0,7.933333333,8.403333333,11.41333333,10.15,24.85,28.5,23.53333333,21.64666667,6.253333333,9.81,10.58666667,8.38,1.763333333,3.246666667,13.01333333,3.463333333,88.38,0.74,59.11,6.26,76.54,Teff
2272,red,6.2,800.0,8.68,0.18,2.89,9.86,8.91,9.48,12.24666667,11.10666667,25.20666667,29.71333333,23.59,22.8,5.76,9.296666667,11.20666667,8.26,2.293333333,4.61,17.44666667,5.803333333,68.94,0.73,59.11,5.44,78.25,Teff
2273,red,5.8,481.0,6.0,0.2092,2.1,7.0,8.91,9.48,12.24666667,11.10666667,25.20666667,29.71333333,23.59,22.8,5.76,9.296666667,11.20666667,8.26,2.293333333,4.61,17.44666667,5.803333333,68.94,0.73,59.11,5.44,78.25,Teff
2274,brown,6.8,664.0,4.0,0.1557,2.5,11.0,7.933333333,8.403333333,11.41333333,10.15,24.85,28.5,23.53333333,21.64666667,6.253333333,9.81,10.58666667,8.38,1.763333333,3.246666667,13.01333333,3.463333333,88.38,0.74,59.11,6.26,76.54,Teff
2275,black,6.3,604.0,43.0,0.1418,2.5,5.0,7.933333333,8.403333333,11.41333333,10.15,24.85,28.5,23.53333333,21.64666667,6.253333333,9.81,10.58666667,8.38,1.763333333,3.246666667,13.01333333,3.463333333,88.38,0.74,59.11,6.26,76.54,Teff
2276,brown,6.9,540.0,6.0,0.1016,1.8,7.0,7.933333333,8.403333333,11.41333333,10.15,24.85,28.5,23.53333333,21.64666667,6.253333333,9.81,10.58666667,8.38,1.763333333,3.246666667,13.01333333,3.463333333,88.38,0.74,59.11,6.26,76.54,Teff
2277,brown,6.5,575.0,116.0,0.124,1.7,6.0,7.933333333,8.403333333,11.41333333,10.15,24.85,28.5,23.53333333,21.64666667,6.253333333,9.81,10.58666667,8.38,1.763333333,3.246666667,13.01333333,3.463333333,88.38,0.74,59.11,6.26,76.54,Teff
2278,reddish brown,5.25,212.0,1.1,0.15,0.81,15.5,8.91,9.48,12.24666667,11.10666667,25.20666667,29.71333333,23.59,22.8,5.76,9.296666667,11.20666667,8.26,2.293333333,4.61,17.44666667,5.803333333,68.94,0.73,59.11,5.44,78.25,Teff
2279,black,5.0,320.0,3.0,0.1511,1.3,15.0,7.933333333,8.403333333,11.41333333,10.15,24.85,28.5,23.53333333,21.64666667,6.253333333,9.81,10.58666667,8.38,1.763333333,3.246666667,13.01333333,3.463333333,88.38,0.74,59.11,6.26,76.54,Teff
2280,brown,6.55,156.0,1.7,0.164138625,1.0,0.05,8.91,9.48,12.24666667,11.10666667,25.20666667,29.71333333,23.59,22.8,5.76,9.296666667,11.20666667,8.26,2.293333333,4.61,17.44666667,5.803333333,68.94,0.73,59.11,5.44,78.25,Teff
2281,gray,5.25,238.0,5.0,0.15,1.4,13.0,8.91,9.48,12.24666667,11.10666667,25.20666667,29.71333333,23.59,22.8,5.76,9.296666667,11.20666667,8.26,2.293333333,4.61,17.44666667,5.803333333,68.94,0.73,59.11,5.44,78.25,Teff
2282,black,7.3,320.0,4.0,0.0432,1.3,5.0,7.933333333,8.403333333,11.41333333,10.15,24.85,28.5,23.53333333,21.64666667,6.253333333,9.81,10.58666667,8.38,1.763333333,3.246666667,13.01333333,3.463333333,88.38,0.74,59.11,6.26,76.54,Teff
2283,red,5.4,221.0,2.0,0.2605,1.4,15.0,8.91,9.48,12.24666667,11.10666667,25.20666667,29.71333333,23.59,22.8,5.76,9.296666667,11.20666667,8.26,2.293333333,4.61,17.44666667,5.803333333,68.94,0.73,59.11,5.44,78.25,Teff
2284,brown,6.7,820.0,108.0,0.1682,3.0,7.0,7.933333333,8.403333333,11.41333333,10.15,24.85,28.5,23.53333333,21.64666667,6.253333333,9.81,10.58666667,8.38,1.763333333,3.246666667,13.01333333,3.463333333,88.38,0.74,59.11,6.26,76.54,Teff
2285,black,7.9,321.0,3.0,0.044,1.5,9.0,7.933333333,8.403333333,11.41333333,10.15,24.85,28.5,23.53333333,21.64666667,6.253333333,9.81,10.58666667,8.38,1.763333333,3.246666667,13.01333333,3.463333333,88.38,0.74,59.11,6.26,76.54,Teff
2286,black,5.8,295.0,9.0,0.1747,1.6,8.0,7.933333333,8.403333333,11.41333333,10.15,24.85,28.5,23.53333333,21.64666667,6.253333333,9.81,10.58666667,8.38,1.763333333,3.246666667,13.01333333,3.463333333,88.38,0.74,59.11,6.26,76.54,Teff
2287,brown,6.1,603.0,75.0,0.2118,3.2,9.0,7.933333333,8.403333333,11.41333333,10.15,24.85,28.5,23.53333333,21.64666667,6.253333333,9.81,10.58666667,8.38,1.763333333,3.246666667,13.01333333,3.463333333,88.38,0.74,59.11,6.26,76.54,Teff
2288,black,7.9,1215.0,141.0,0.1144,4.0,9.0,7.933333333,8.403333333,11.41333333,10.15,24.85,28.5,23.53333333,21.64666667,6.253333333,9.81,10.58666667,8.38,1.763333333,3.246666667,13.01333333,3.463333333,88.38,0.74,59.11,6.26,76.54,Teff
2289,black,5.9,335.0,12.0,0.1513,1.9,6.0,7.933333333,8.403333333,11.41333333,10.15,24.85,28.5,23.53333333,21.64666667,6.253333333,9.81,10.58666667,8.38,1.763333333,3.246666667,13.01333333,3.463333333,88.38,0.74,59.11,6.26,76.54,Teff
2290,brown,5.4,111.0,1.0,0.1647,2.0,13.0,8.91,9.48,12.24666667,11.10666667,25.20666667,29.71333333,23.59,22.8,5.76,9.296666667,11.20666667,8.26,2.293333333,4.61,17.44666667,5.803333333,68.94,0.73,59.11,5.44,78.25,Teff
2291,brown,6.38,49.0,7.0,0.351756181,0.9,4.8,9.723333333,10.70333333,13.77333333,12.65666667,28.04,32.58,25.64333333,25.47333333,8.783333333,12.89,14.08666667,11.01,2.78,5.403333333,19.36333333,6.98,343.44,0.73,59.11,5.19,82.6,Teff
2292,black,6.0,324.0,3.0,0.1313,0.8,6.0,7.933333333,8.403333333,11.41333333,10.15,24.85,28.5,23.53333333,21.64666667,6.253333333,9.81,10.58666667,8.38,1.763333333,3.246666667,13.01333333,3.463333333,88.38,0.74,59.11,6.26,76.54,Teff
2293,red,5.4,481.0,2.0,0.1639,1.7,12.0,8.91,9.48,12.24666667,11.10666667,25.20666667,29.71333333,23.59,22.8,5.76,9.296666667,11.20666667,8.26,2.293333333,4.61,17.44666667,5.803333333,68.94,0.73,59.11,5.44,78.25,Teff
2294,red,6.51,73.0,3.12,0.15,2.02,11.8,9.723333333,10.70333333,13.77333333,12.65666667,28.04,32.58,25.64333333,25.47333333,8.783333333,12.89,14.08666667,11.01,2.78,5.403333333,19.36333333,6.98,343.44,0.73,59.11,5.19,82.6,Teff
2295,reddish brown,4.67,237.0,0.96,0.19,1.56,13.9,8.91,9.48,12.24666667,11.10666667,25.20666667,29.71333333,23.59,22.8,5.76,9.296666667,11.20666667,8.26,2.293333333,4.61,17.44666667,5.803333333,68.94,0.73,59.11,5.44,78.25,Teff
2296,brown,7.6,447.0,7.0,0.0614,1.5,6.0,8.91,9.48,12.24666667,11.10666667,25.20666667,29.71333333,23.59,22.8,5.76,9.296666667,11.20666667,8.26,2.293333333,4.61,17.44666667,5.803333333,68.94,0.73,59.11,5.44,78.25,Teff
2297,black,6.2,365.0,3.0,0.1118,0.8,6.0,7.933333333,8.403333333,11.41333333,10.15,24.85,28.5,23.53333333,21.64666667,6.253333333,9.81,10.58666667,8.38,1.763333333,3.246666667,13.01333333,3.463333333,88.38,0.74,59.11,6.26,76.54,Teff
2298,brown,5.7,336.0,6.0,0.1673,1.5,11.0,7.933333333,8.403333333,11.41333333,10.15,24.85,28.5,23.53333333,21.64666667,6.253333333,9.81,10.58666667,8.38,1.763333333,3.246666667,13.01333333,3.463333333,88.38,0.74,59.11,6.26,76.54,Teff
2299,black,7.1,458.0,2.0,0.106,0.7,6.0,7.933333333,8.403333333,11.41333333,10.15,24.85,28.5,23.53333333,21.64666667,6.253333333,9.81,10.58666667,8.38,1.763333333,3.246666667,13.01333333,3.463333333,88.38,0.74,59.11,6.26,76.54,Teff
2300,red,4.9,336.0,2.0,0.2594,1.2,21.0,8.91,9.48,12.24666667,11.10666667,25.20666667,29.71333333,23.59,22.8,5.76,9.296666667,11.20666667,8.26,2.293333333,4.61,17.44666667,5.803333333,68.94,0.73,59.11,5.44,78.25,Teff
2301,brown,5.4,261.0,28.0,0.2514,3.7,15.0,7.933333333,8.403333333,11.41333333,10.15,24.85,28.5,23.53333333,21.64666667,6.253333333,9.81,10.58666667,8.38,1.763333333,3.246666667,13.01333333,3.463333333,88.38,0.74,59.11,6.26,76.54,Teff
2302,black,7.0,349.0,64.0,0.0615,2.2,6.0,8.91,9.48,12.24666667,11.10666667,25.20666667,29.71333333,23.59,22.8,5.76,9.296666667,11.20666667,8.26,2.293333333,4.61,17.44666667,5.803333333,68.94,0.73,59.11,5.44,78.25,Teff
2303,black,5.9,404.0,2.0,0.1112,0.9,11.0,7.933333333,8.403333333,11.41333333,10.15,24.85,28.5,23.53333333,21.64666667,6.253333333,9.81,10.58666667,8.38,1.763333333,3.246666667,13.01333333,3.463333333,88.38,0.74,59.11,6.26,76.54,Teff
2304,black,5.55,183.0,2.3,0.072293046,0.9,0.05,9.723333333,10.70333333,13.77333333,12.65666667,28.04,32.58,25.64333333,25.47333333,8.783333333,12.89,14.08666667,11.01,2.78,5.403333333,19.36333333,6.98,343.44,0.73,59.11,5.19,82.6,Teff
2305,reddish brown,5.05,347.0,1.39,0.19,1.32,15.1,8.91,9.48,12.24666667,11.10666667,25.20666667,29.71333333,23.59,22.8,5.76,9.296666667,11.20666667,8.26,2.293333333,4.61,17.44666667,5.803333333,68.94,0.73,59.11,5.44,78.25,Teff
2306,brown,5.0,303.0,3.0,0.2287,1.5,19.0,7.933333333,8.403333333,11.41333333,10.15,24.85,28.5,23.53333333,21.64666667,6.253333333,9.81,10.58666667,8.38,1.763333333,3.246666667,13.01333333,3.463333333,88.38,0.74,59.11,6.26,76.54,Teff
2307,dark gray,6.19,308.0,1.51,0.15,1.38,7.67,8.91,9.48,12.24666667,11.10666667,25.20666667,29.71333333,23.59,22.8,5.76,9.296666667,11.20666667,8.26,2.293333333,4.61,17.44666667,5.803333333,68.94,0.73,59.11,5.44,78.25,Teff
2308,black,6.46,375.0,9.6,0.12,0.84,10.9,7.933333333,8.403333333,11.41333333,10.15,24.85,28.5,23.53333333,21.64666667,6.253333333,9.81,10.58666667,8.38,1.763333333,3.246666667,13.01333333,3.463333333,88.38,0.74,59.11,6.26,76.54,Teff
2309,brown,6.35,264.0,20.1,0.05,1.41,12.3,9.723333333,10.70333333,13.77333333,12.65666667,28.04,32.58,25.64333333,25.47333333,8.783333333,12.89,14.08666667,11.01,2.78,5.403333333,19.36333333,6.98,343.44,0.73,59.11,5.19,82.6,Teff
2310,black,7.6,427.0,2.0,0.096,1.2,9.0,7.933333333,8.403333333,11.41333333,10.15,24.85,28.5,23.53333333,21.64666667,6.253333333,9.81,10.58666667,8.38,1.763333333,3.246666667,13.01333333,3.463333333,88.38,0.74,59.11,6.26,76.54,Teff
2311,red,5.1,330.0,2.0,0.1957,1.2,17.0,8.91,9.48,12.24666667,11.10666667,25.20666667,29.71333333,23.59,22.8,5.76,9.296666667,11.20666667,8.26,2.293333333,4.61,17.44666667,5.803333333,68.94,0.73,59.11,5.44,78.25,Teff
2312,red,5.0,361.0,3.0,0.2347,1.4,16.0,8.91,9.48,12.24666667,11.10666667,25.20666667,29.71333333,23.59,22.8,5.76,9.296666667,11.20666667,8.26,2.293333333,4.61,17.44666667,5.803333333,68.94,0.73,59.11,5.44,78.25,Teff
2313,black,6.57,515.0,14.3,0.12,1.72,43.8,7.933333333,8.403333333,11.41333333,10.15,24.85,28.5,23.53333333,21.64666667,6.253333333,9.81,10.58666667,8.38,1.763333333,3.246666667,13.01333333,3.463333333,88.38,0.74,59.11,6.26,76.54,Teff
2314,red,5.2,205.0,2.0,0.1445,1.1,13.0,8.91,9.48,12.24666667,11.10666667,25.20666667,29.71333333,23.59,22.8,5.76,9.296666667,11.20666667,8.26,2.293333333,4.61,17.44666667,5.803333333,68.94,0.73,59.11,5.44,78.25,Teff
2315,black,7.8,427.0,4.0,0.0538,1.0,8.0,7.933333333,8.403333333,11.41333333,10.15,24.85,28.5,23.53333333,21.64666667,6.253333333,9.81,10.58666667,8.38,1.763333333,3.246666667,13.01333333,3.463333333,88.38,0.74,59.11,6.26,76.54,Teff
2316,black,7.6,416.0,2.0,0.0406,1.1,7.0,7.933333333,8.403333333,11.41333333,10.15,24.85,28.5,23.53333333,21.64666667,6.253333333,9.81,10.58666667,8.38,1.763333333,3.246666667,13.01333333,3.463333333,88.38,0.74,59.11,6.26,76.54,Teff
2317,dark gray,5.52,202.0,3.31,0.13,0.39,9.21,8.91,9.48,12.24666667,11.10666667,25.20666667,29.71333333,23.59,22.8,5.76,9.296666667,11.20666667,8.26,2.293333333,4.61,17.44666667,5.803333333,68.94,0.73,59.11,5.44,78.25,Teff
2318,black,6.9,726.0,138.0,0.1522,2.8,7.0,7.933333333,8.403333333,11.41333333,10.15,24.85,28.5,23.53333333,21.64666667,6.253333333,9.81,10.58666667,8.38,1.763333333,3.246666667,13.01333333,3.463333333,88.38,0.74,59.11,6.26,76.54,Teff
2319,black,7.83,328.0,5.24,0.12,1.71,9.77,8.91,9.48,12.24666667,11.10666667,25.20666667,29.71333333,23.59,22.8,5.76,9.296666667,11.20666667,8.26,2.293333333,4.61,17.44666667,5.803333333,68.94,0.73,59.11,5.44,78.25,Teff
2320,brown,5.6,147.0,0.5,0.0887,0.8,16.0,8.91,9.48,12.24666667,11.10666667,25.20666667,29.71333333,23.59,22.8,5.76,9.296666667,11.20666667,8.26,2.293333333,4.61,17.44666667,5.803333333,68.94,0.73,59.11,5.44,78.25,Teff
2321,dark reddish brown,6.91,298.0,3.55,0.14,1.42,6.92,8.91,9.48,12.24666667,11.10666667,25.20666667,29.71333333,23.59,22.8,5.76,9.296666667,11.20666667,8.26,2.293333333,4.61,17.44666667,5.803333333,68.94,0.73,59.11,5.44,78.25,Teff
2322,gray,6.2,148.0,1.0,0.18,0.6,15.0,8.91,9.48,12.24666667,11.10666667,25.20666667,29.71333333,23.59,22.8,5.76,9.296666667,11.20666667,8.26,2.293333333,4.61,17.44666667,5.803333333,68.94,0.73,59.11,5.44,78.25,Teff
2323,red,5.5,101.0,0.5,0.1015,1.0,9.0,8.91,9.48,12.24666667,11.10666667,25.20666667,29.71333333,23.59,22.8,5.76,9.296666667,11.20666667,8.26,2.293333333,4.61,17.44666667,5.803333333,68.94,0.73,59.11,5.44,78.25,Teff
2324,dark gray,6.9,200.0,2.21,0.21,1.73,10.4,7.933333333,8.403333333,11.41333333,10.15,24.85,28.5,23.53333333,21.64666667,6.253333333,9.81,10.58666667,8.38,1.763333333,3.246666667,13.01333333,3.463333333,88.38,0.74,59.11,6.26,76.54,Teff
2325,red,4.9,381.0,2.0,0.1763,1.1,21.0,8.91,9.48,12.24666667,11.10666667,25.20666667,29.71333333,23.59,22.8,5.76,9.296666667,11.20666667,8.26,2.293333333,4.61,17.44666667,5.803333333,68.94,0.73,59.11,5.44,78.25,Teff
2326,black,5.8,222.0,3.0,0.1818,1.7,8.0,7.933333333,8.403333333,11.41333333,10.15,24.85,28.5,23.53333333,21.64666667,6.253333333,9.81,10.58666667,8.38,1.763333333,3.246666667,13.01333333,3.463333333,88.38,0.74,59.11,6.26,76.54,Teff
2327,black,5.47,400.0,11.3,0.18,2.2,14.8,7.933333333,8.403333333,11.41333333,10.15,24.85,28.5,23.53333333,21.64666667,6.253333333,9.81,10.58666667,8.38,1.763333333,3.246666667,13.01333333,3.463333333,88.38,0.74,59.11,6.26,76.54,Teff
2328,black,6.56,394.0,38.7,0.1,1.49,9.16,7.933333333,8.403333333,11.41333333,10.15,24.85,28.5,23.53333333,21.64666667,6.253333333,9.81,10.58666667,8.38,1.763333333,3.246666667,13.01333333,3.463333333,88.38,0.74,59.11,6.26,76.54,Teff
2329,red,5.5,106.0,0.5,0.1151,0.9,16.0,8.91,9.48,12.24666667,11.10666667,25.20666667,29.71333333,23.59,22.8,5.76,9.296666667,11.20666667,8.26,2.293333333,4.61,17.44666667,5.803333333,68.94,0.73,59.11,5.44,78.25,Teff
2330,black,5.7,239.0,1.0,0.1638,1.5,6.0,8.91,9.48,12.24666667,11.10666667,25.20666667,29.71333333,23.59,22.8,5.76,9.296666667,11.20666667,8.26,2.293333333,4.61,17.44666667,5.803333333,68.94,0.73,59.11,5.44,78.25,Teff
2331,black,5.8,474.0,2.0,0.278033635,1.3,9.0,9.723333333,10.70333333,13.77333333,12.65666667,28.04,32.58,25.64333333,25.47333333,8.783333333,12.89,14.08666667,11.01,2.78,5.403333333,19.36333333,6.98,343.44,0.73,59.11,5.19,82.6,Teff
2332,black,6.96,189.0,1.14,0.14,1.44,7.55,7.933333333,8.403333333,11.41333333,10.15,24.85,28.5,23.53333333,21.64666667,6.253333333,9.81,10.58666667,8.38,1.763333333,3.246666667,13.01333333,3.463333333,88.38,0.74,59.11,6.26,76.54,Teff
2333,black,5.3,284.0,4.0,0.1908,1.3,13.0,7.933333333,8.403333333,11.41333333,10.15,24.85,28.5,23.53333333,21.64666667,6.253333333,9.81,10.58666667,8.38,1.763333333,3.246666667,13.01333333,3.463333333,88.38,0.74,59.11,6.26,76.54,Teff
2334,black,8.0,458.0,4.0,0.0434,1.0,6.0,8.91,9.48,12.24666667,11.10666667,25.20666667,29.71333333,23.59,22.8,5.76,9.296666667,11.20666667,8.26,2.293333333,4.61,17.44666667,5.803333333,68.94,0.73,59.11,5.44,78.25,Teff
2335,black,5.3,361.0,4.0,0.1903,1.6,12.0,7.933333333,8.403333333,11.41333333,10.15,24.85,28.5,23.53333333,21.64666667,6.253333333,9.81,10.58666667,8.38,1.763333333,3.246666667,13.01333333,3.463333333,88.38,0.74,59.11,6.26,76.54,Teff
2336,black,7.5,414.0,4.95,0.11,1.19,7.15,7.933333333,8.403333333,11.41333333,10.15,24.85,28.5,23.53333333,21.64666667,6.253333333,9.81,10.58666667,8.38,1.763333333,3.246666667,13.01333333,3.463333333,88.38,0.74,59.11,6.26,76.54,Teff
2337,red,5.0,136.0,2.0,0.1665,0.9,16.0,8.91,9.48,12.24666667,11.10666667,25.20666667,29.71333333,23.59,22.8,5.76,9.296666667,11.20666667,8.26,2.293333333,4.61,17.44666667,5.803333333,68.94,0.73,59.11,5.44,78.25,Teff
2338,brown,7.0,292.0,3.0,0.1103,1.2,5.0,7.933333333,8.403333333,11.41333333,10.15,24.85,28.5,23.53333333,21.64666667,6.253333333,9.81,10.58666667,8.38,1.763333333,3.246666667,13.01333333,3.463333333,88.38,0.74,59.11,6.26,76.54,Teff
2339,black,7.0,468.0,10.0,0.1177,1.1,8.0,7.933333333,8.403333333,11.41333333,10.15,24.85,28.5,23.53333333,21.64666667,6.253333333,9.81,10.58666667,8.38,1.763333333,3.246666667,13.01333333,3.463333333,88.38,0.74,59.11,6.26,76.54,Teff
2340,black,7.53,418.0,7.86,0.12,1.28,8.64,7.933333333,8.403333333,11.41333333,10.15,24.85,28.5,23.53333333,21.64666667,6.253333333,9.81,10.58666667,8.38,1.763333333,3.246666667,13.01333333,3.463333333,88.38,0.74,59.11,6.26,76.54,Teff
2341,brown,6.2,158.0,10.0,0.0981,1.3,5.0,7.933333333,8.403333333,11.41333333,10.15,24.85,28.5,23.53333333,21.64666667,6.253333333,9.81,10.58666667,8.38,1.763333333,3.246666667,13.01333333,3.463333333,88.38,0.74,59.11,6.26,76.54,Teff
2342,black,7.41,415.0,7.75,0.13,0.94,7.82,7.933333333,8.403333333,11.41333333,10.15,24.85,28.5,23.53333333,21.64666667,6.253333333,9.81,10.58666667,8.38,1.763333333,3.246666667,13.01333333,3.463333333,88.38,0.74,59.11,6.26,76.54,Teff
2343,brown,5.3,425.0,1.0,0.1191,0.7,20.0,8.91,9.48,12.24666667,11.10666667,25.20666667,29.71333333,23.59,22.8,5.76,9.296666667,11.20666667,8.26,2.293333333,4.61,17.44666667,5.803333333,68.94,0.73,59.11,5.44,78.25,Teff
2344,grayish brown,7.35,262.0,1.04,0.12,0.84,6.72,7.933333333,8.403333333,11.41333333,10.15,24.85,28.5,23.53333333,21.64666667,6.253333333,9.81,10.58666667,8.38,1.763333333,3.246666667,13.01333333,3.463333333,88.38,0.74,59.11,6.26,76.54,Teff
2345,black,8.0,469.0,2.0,0.0446,0.9,5.0,7.933333333,8.403333333,11.41333333,10.15,24.85,28.5,23.53333333,21.64666667,6.253333333,9.81,10.58666667,8.38,1.763333333,3.246666667,13.01333333,3.463333333,88.38,0.74,59.11,6.26,76.54,Teff
2346,brown,5.7,216.0,1.0,0.1638,1.1,16.0,8.91,9.48,12.24666667,11.10666667,25.20666667,29.71333333,23.59,22.8,5.76,9.296666667,11.20666667,8.26,2.293333333,4.61,17.44666667,5.803333333,68.94,0.73,59.11,5.44,78.25,Teff
2347,other,8.2,208.0,9.0,0.0449,0.9,8.0,7.933333333,8.403333333,11.41333333,10.15,24.85,28.5,23.53333333,21.64666667,6.253333333,9.81,10.58666667,8.38,1.763333333,3.246666667,13.01333333,3.463333333,88.38,0.74,59.11,6.26,76.54,Teff
2348,brown,7.0,330.0,4.0,0.0676,0.8,6.0,7.933333333,8.403333333,11.41333333,10.15,24.85,28.5,23.53333333,21.64666667,6.253333333,9.81,10.58666667,8.38,1.763333333,3.246666667,13.01333333,3.463333333,88.38,0.74,59.11,6.26,76.54,Teff
2349,brown,5.72,279.78,3.35,0.1639,1.11,15.19,8.91,9.48,12.24666667,11.10666667,25.20666667,29.71333333,23.59,22.8,5.76,9.296666667,11.20666667,8.26,2.293333333,4.61,17.44666667,5.803333333,68.94,0.73,59.11,5.44,78.25,Teff
2350,brown,5.67,222.03,3.9,0.17,1.87,18.28,8.91,9.48,12.24666667,11.10666667,25.20666667,29.71333333,23.59,22.8,5.76,9.296666667,11.20666667,8.26,2.293333333,4.61,17.44666667,5.803333333,68.94,0.73,59.11,5.44,78.25,Teff
2351,black,6.3,404.0,3.0,0.1319,0.9,8.0,7.933333333,8.403333333,11.41333333,10.15,24.85,28.5,23.53333333,21.64666667,6.253333333,9.81,10.58666667,8.38,1.763333333,3.246666667,13.01333333,3.463333333,88.38,0.74,59.11,6.26,76.54,Teff
2352,brown,6.0,447.0,4.0,0.1873,1.7,9.0,7.933333333,8.403333333,11.41333333,10.15,24.85,28.5,23.53333333,21.64666667,6.253333333,9.81,10.58666667,8.38,1.763333333,3.246666667,13.01333333,3.463333333,88.38,0.74,59.11,6.26,76.54,Teff
2353,black,6.3,394.0,5.0,0.1113,1.3,8.0,7.933333333,8.403333333,11.41333333,10.15,24.85,28.5,23.53333333,21.64666667,6.253333333,9.81,10.58666667,8.38,1.763333333,3.246666667,13.01333333,3.463333333,88.38,0.74,59.11,6.26,76.54,Teff
2354,brown,7.3,376.0,11.0,0.1121,1.2,8.0,7.933333333,8.403333333,11.41333333,10.15,24.85,28.5,23.53333333,21.64666667,6.253333333,9.81,10.58666667,8.38,1.763333333,3.246666667,13.01333333,3.463333333,88.38,0.74,59.11,6.26,76.54,Teff
2355,black,8.2,445.0,3.0,0.0401,1.0,6.0,7.933333333,8.403333333,11.41333333,10.15,24.85,28.5,23.53333333,21.64666667,6.253333333,9.81,10.58666667,8.38,1.763333333,3.246666667,13.01333333,3.463333333,88.38,0.74,59.11,6.26,76.54,Teff
2356,black,6.7,466.0,31.0,0.1215,1.2,9.0,7.933333333,8.403333333,11.41333333,10.15,24.85,28.5,23.53333333,21.64666667,6.253333333,9.81,10.58666667,8.38,1.763333333,3.246666667,13.01333333,3.463333333,88.38,0.74,59.11,6.26,76.54,Teff
2357,black,6.3,179.0,1.0,0.0856,1.1,6.0,7.933333333,8.403333333,11.41333333,10.15,24.85,28.5,23.53333333,21.64666667,6.253333333,9.81,10.58666667,8.38,1.763333333,3.246666667,13.01333333,3.463333333,88.38,0.74,59.11,6.26,76.54,Teff
2358,brown,7.2,764.0,125.0,0.2095,2.5,8.0,7.933333333,8.403333333,11.41333333,10.15,24.85,28.5,23.53333333,21.64666667,6.253333333,9.81,10.58666667,8.38,1.763333333,3.246666667,13.01333333,3.463333333,88.38,0.74,59.11,6.26,76.54,Teff
2359,black,6.3,403.0,3.0,0.1256,1.6,9.0,8.91,9.48,12.24666667,11.10666667,25.20666667,29.71333333,23.59,22.8,5.76,9.296666667,11.20666667,8.26,2.293333333,4.61,17.44666667,5.803333333,68.94,0.73,59.11,5.44,78.25,Teff
2360,very dark brown,7.06,217.0,1.15,0.1,1.63,7.76,7.933333333,8.403333333,11.41333333,10.15,24.85,28.5,23.53333333,21.64666667,6.253333333,9.81,10.58666667,8.38,1.763333333,3.246666667,13.01333333,3.463333333,88.38,0.74,59.11,6.26,76.54,Teff
2361,red,5.3,453.0,4.0,0.287016226,1.7,20.0,8.91,9.48,12.24666667,11.10666667,25.20666667,29.71333333,23.59,22.8,5.76,9.296666667,11.20666667,8.26,2.293333333,4.61,17.44666667,5.803333333,68.94,0.73,59.11,5.44,78.25,Teff
2362,black,7.1,403.0,5.0,0.0604,1.3,5.0,7.933333333,8.403333333,11.41333333,10.15,24.85,28.5,23.53333333,21.64666667,6.253333333,9.81,10.58666667,8.38,1.763333333,3.246666667,13.01333333,3.463333333,88.38,0.74,59.11,6.26,76.54,Teff
2363,black,8.0,339.0,7.0,0.1028,0.8,7.0,7.933333333,8.403333333,11.41333333,10.15,24.85,28.5,23.53333333,21.64666667,6.253333333,9.81,10.58666667,8.38,1.763333333,3.246666667,13.01333333,3.463333333,88.38,0.74,59.11,6.26,76.54,Teff
2364,black,8.11,389.0,7.29,0.15,1.1,7.88,7.933333333,8.403333333,11.41333333,10.15,24.85,28.5,23.53333333,21.64666667,6.253333333,9.81,10.58666667,8.38,1.763333333,3.246666667,13.01333333,3.463333333,88.38,0.74,59.11,6.26,76.54,Teff
2365,red,5.8,548.0,4.0,0.1018,1.7,6.0,8.91,9.48,12.24666667,11.10666667,25.20666667,29.71333333,23.59,22.8,5.76,9.296666667,11.20666667,8.26,2.293333333,4.61,17.44666667,5.803333333,68.94,0.73,59.11,5.44,78.25,Teff
2366,yellowish brown,6.62,301.0,7.5,0.16,1.63,7.31,7.933333333,8.403333333,11.41333333,10.15,24.85,28.5,23.53333333,21.64666667,6.253333333,9.81,10.58666667,8.38,1.763333333,3.246666667,13.01333333,3.463333333,88.38,0.74,59.11,6.26,76.54,Teff
2367,black,6.26,492.0,24.1,0.16,1.64,12.1,7.933333333,8.403333333,11.41333333,10.15,24.85,28.5,23.53333333,21.64666667,6.253333333,9.81,10.58666667,8.38,1.763333333,3.246666667,13.01333333,3.463333333,88.38,0.74,59.11,6.26,76.54,Teff
2368,grayish brown,6.6,443.0,5.31,0.12,0.95,8.06,7.933333333,8.403333333,11.41333333,10.15,24.85,28.5,23.53333333,21.64666667,6.253333333,9.81,10.58666667,8.38,1.763333333,3.246666667,13.01333333,3.463333333,88.38,0.74,59.11,6.26,76.54,Teff
2369,grayish brown,7.47,257.0,0.73,0.1,0.8,7.23,7.933333333,8.403333333,11.41333333,10.15,24.85,28.5,23.53333333,21.64666667,6.253333333,9.81,10.58666667,8.38,1.763333333,3.246666667,13.01333333,3.463333333,88.38,0.74,59.11,6.26,76.54,Teff
2370,reddish brown,7.37,239.0,24.8,0.16,1.57,8.33,7.933333333,8.403333333,11.41333333,10.15,24.85,28.5,23.53333333,21.64666667,6.253333333,9.81,10.58666667,8.38,1.763333333,3.246666667,13.01333333,3.463333333,88.38,0.74,59.11,6.26,76.54,Teff
2371,brown,7.0,604.0,4.0,0.252362008,2.2,12.0,8.91,9.48,12.24666667,11.10666667,25.20666667,29.71333333,23.59,22.8,5.76,9.296666667,11.20666667,8.26,2.293333333,4.61,17.44666667,5.803333333,68.94,0.73,59.11,5.44,78.25,Teff
2372,black,6.1,412.0,10.0,0.226,1.4,10.0,7.933333333,8.403333333,11.41333333,10.15,24.85,28.5,23.53333333,21.64666667,6.253333333,9.81,10.58666667,8.38,1.763333333,3.246666667,13.01333333,3.463333333,88.38,0.74,59.11,6.26,76.54,Teff
2373,red,5.35,132.0,5.29,0.24,1.01,19.6,9.723333333,10.70333333,13.77333333,12.65666667,28.04,32.58,25.64333333,25.47333333,8.783333333,12.89,14.08666667,11.01,2.78,5.403333333,19.36333333,6.98,343.44,0.73,59.11,5.19,82.6,Teff
2374,red,5.6,102.03,2.82,0.235689774,1.35,10.53,8.91,9.48,12.24666667,11.10666667,25.20666667,29.71333333,23.59,22.8,5.76,9.296666667,11.20666667,8.26,2.293333333,4.61,17.44666667,5.803333333,68.94,0.73,59.11,5.44,78.25,Teff
2375,black,6.8,307.0,1.0,0.0497,0.9,4.0,7.933333333,8.403333333,11.41333333,10.15,24.85,28.5,23.53333333,21.64666667,6.253333333,9.81,10.58666667,8.38,1.763333333,3.246666667,13.01333333,3.463333333,88.38,0.74,59.11,6.26,76.54,Teff
2376,black,7.1,478.0,26.0,0.1221,1.8,10.0,7.933333333,8.403333333,11.41333333,10.15,24.85,28.5,23.53333333,21.64666667,6.253333333,9.81,10.58666667,8.38,1.763333333,3.246666667,13.01333333,3.463333333,88.38,0.74,59.11,6.26,76.54,Teff
2377,red,5.8,391.0,16.0,0.1624,2.7,5.0,8.91,9.48,12.24666667,11.10666667,25.20666667,29.71333333,23.59,22.8,5.76,9.296666667,11.20666667,8.26,2.293333333,4.61,17.44666667,5.803333333,68.94,0.73,59.11,5.44,78.25,Teff
2378,black,7.2,356.0,3.0,0.1247,1.2,8.0,7.933333333,8.403333333,11.41333333,10.15,24.85,28.5,23.53333333,21.64666667,6.253333333,9.81,10.58666667,8.38,1.763333333,3.246666667,13.01333333,3.463333333,88.38,0.74,59.11,6.26,76.54,Teff
2379,black,7.68,426.0,10.3,0.13,1.19,7.75,7.933333333,8.403333333,11.41333333,10.15,24.85,28.5,23.53333333,21.64666667,6.253333333,9.81,10.58666667,8.38,1.763333333,3.246666667,13.01333333,3.463333333,88.38,0.74,59.11,6.26,76.54,Teff
2380,black,7.4,406.0,3.0,0.0873,0.9,7.0,7.933333333,8.403333333,11.41333333,10.15,24.85,28.5,23.53333333,21.64666667,6.253333333,9.81,10.58666667,8.38,1.763333333,3.246666667,13.01333333,3.463333333,88.38,0.74,59.11,6.26,76.54,Teff
2381,brown,6.2,274.0,1.0,0.1249,0.9,5.0,7.933333333,8.403333333,11.41333333,10.15,24.85,28.5,23.53333333,21.64666667,6.253333333,9.81,10.58666667,8.38,1.763333333,3.246666667,13.01333333,3.463333333,88.38,0.74,59.11,6.26,76.54,Teff
2382,brown,6.4,193.0,6.1,0.206425793,1.4,0.05,9.723333333,10.70333333,13.77333333,12.65666667,28.04,32.58,25.64333333,25.47333333,8.783333333,12.89,14.08666667,11.01,2.78,5.403333333,19.36333333,6.98,343.44,0.73,59.11,5.19,82.6,Teff
2383,black,7.6,471.0,11.0,0.1843,1.8,9.0,7.933333333,8.403333333,11.41333333,10.15,24.85,28.5,23.53333333,21.64666667,6.253333333,9.81,10.58666667,8.38,1.763333333,3.246666667,13.01333333,3.463333333,88.38,0.74,59.11,6.26,76.54,Teff
2384,black,6.8,429.0,4.0,0.0587,1.1,8.0,7.933333333,8.403333333,11.41333333,10.15,24.85,28.5,23.53333333,21.64666667,6.253333333,9.81,10.58666667,8.38,1.763333333,3.246666667,13.01333333,3.463333333,88.38,0.74,59.11,6.26,76.54,Teff
2385,brown,5.5,264.0,1.0,0.1813,1.1,9.0,8.91,9.48,12.24666667,11.10666667,25.20666667,29.71333333,23.59,22.8,5.76,9.296666667,11.20666667,8.26,2.293333333,4.61,17.44666667,5.803333333,68.94,0.73,59.11,5.44,78.25,Teff
2386,red,6.8,510.0,27.0,0.135,2.0,9.0,7.933333333,8.403333333,11.41333333,10.15,24.85,28.5,23.53333333,21.64666667,6.253333333,9.81,10.58666667,8.38,1.763333333,3.246666667,13.01333333,3.463333333,88.38,0.74,59.11,6.26,76.54,Teff
2387,black,7.4,395.0,11.0,0.1236,1.2,3.0,7.933333333,8.403333333,11.41333333,10.15,24.85,28.5,23.53333333,21.64666667,6.253333333,9.81,10.58666667,8.38,1.763333333,3.246666667,13.01333333,3.463333333,88.38,0.74,59.11,6.26,76.54,Teff
2388,red,5.4,280.0,1.0,0.153057985,0.9,39.0,8.91,9.48,12.24666667,11.10666667,25.20666667,29.71333333,23.59,22.8,5.76,9.296666667,11.20666667,8.26,2.293333333,4.61,17.44666667,5.803333333,68.94,0.73,59.11,5.44,78.25,Teff
2389,dark brown,5.67,266.0,3.09,0.17,1.52,9.68,8.91,9.48,12.24666667,11.10666667,25.20666667,29.71333333,23.59,22.8,5.76,9.296666667,11.20666667,8.26,2.293333333,4.61,17.44666667,5.803333333,68.94,0.73,59.11,5.44,78.25,Teff
2390,brown,5.4,502.0,2.0,0.217,1.7,11.0,9.723333333,10.70333333,13.77333333,12.65666667,28.04,32.58,25.64333333,25.47333333,8.783333333,12.89,14.08666667,11.01,2.78,5.403333333,19.36333333,6.98,343.44,0.73,59.11,5.19,82.6,Teff
2391,black,7.9,484.0,29.0,0.2205,1.9,9.0,7.933333333,8.403333333,11.41333333,10.15,24.85,28.5,23.53333333,21.64666667,6.253333333,9.81,10.58666667,8.38,1.763333333,3.246666667,13.01333333,3.463333333,88.38,0.74,59.11,6.26,76.54,Teff
2392,red,5.04,113.36,3.42,0.1639,1.3,19.48,8.91,9.48,12.24666667,11.10666667,25.20666667,29.71333333,23.59,22.8,5.76,9.296666667,11.20666667,8.26,2.293333333,4.61,17.44666667,5.803333333,68.94,0.73,59.11,5.44,78.25,Teff
2393,black,7.2,413.0,3.0,0.1,1.0,4.0,7.933333333,8.403333333,11.41333333,10.15,24.85,28.5,23.53333333,21.64666667,6.253333333,9.81,10.58666667,8.38,1.763333333,3.246666667,13.01333333,3.463333333,88.38,0.74,59.11,6.26,76.54,Teff
2394,black,8.31,369.0,8.05,0.12,0.99,6.95,7.933333333,8.403333333,11.41333333,10.15,24.85,28.5,23.53333333,21.64666667,6.253333333,9.81,10.58666667,8.38,1.763333333,3.246666667,13.01333333,3.463333333,88.38,0.74,59.11,6.26,76.54,Teff
2395,brown,5.7,406.0,1.0,0.1409,1.1,15.0,8.91,9.48,12.24666667,11.10666667,25.20666667,29.71333333,23.59,22.8,5.76,9.296666667,11.20666667,8.26,2.293333333,4.61,17.44666667,5.803333333,68.94,0.73,59.11,5.44,78.25,Teff
2396,brown,7.3,918.0,79.0,0.1344,2.1,7.0,7.933333333,8.403333333,11.41333333,10.15,24.85,28.5,23.53333333,21.64666667,6.253333333,9.81,10.58666667,8.38,1.763333333,3.246666667,13.01333333,3.463333333,88.38,0.74,59.11,6.26,76.54,Teff
2397,black,6.4,341.0,1.0,0.1035,1.8,7.0,8.91,9.48,12.24666667,11.10666667,25.20666667,29.71333333,23.59,22.8,5.76,9.296666667,11.20666667,8.26,2.293333333,4.61,17.44666667,5.803333333,68.94,0.73,59.11,5.44,78.25,Teff
2398,black,6.3,319.0,2.0,0.1183,1.5,8.0,8.91,9.48,12.24666667,11.10666667,25.20666667,29.71333333,23.59,22.8,5.76,9.296666667,11.20666667,8.26,2.293333333,4.61,17.44666667,5.803333333,68.94,0.73,59.11,5.44,78.25,Teff
2399,brown,5.4,245.0,1.0,0.1754,1.0,11.0,8.91,9.48,12.24666667,11.10666667,25.20666667,29.71333333,23.59,22.8,5.76,9.296666667,11.20666667,8.26,2.293333333,4.61,17.44666667,5.803333333,68.94,0.73,59.11,5.44,78.25,Teff
2400,black,7.9,418.0,2.0,0.0985,0.7,3.0,7.933333333,8.403333333,11.41333333,10.15,24.85,28.5,23.53333333,21.64666667,6.253333333,9.81,10.58666667,8.38,1.763333333,3.246666667,13.01333333,3.463333333,88.38,0.74,59.11,6.26,76.54,Teff
2401,red,5.6,379.0,2.0,0.128,1.1,12.0,8.91,9.48,12.24666667,11.10666667,25.20666667,29.71333333,23.59,22.8,5.76,9.296666667,11.20666667,8.26,2.293333333,4.61,17.44666667,5.803333333,68.94,0.73,59.11,5.44,78.25,Teff
2402,red,5.4,153.0,2.0,0.153057985,1.0,28.0,8.91,9.48,12.24666667,11.10666667,25.20666667,29.71333333,23.59,22.8,5.76,9.296666667,11.20666667,8.26,2.293333333,4.61,17.44666667,5.803333333,68.94,0.73,59.11,5.44,78.25,Teff
2403,red,5.4,188.0,2.0,0.153057985,1.0,20.0,8.91,9.48,12.24666667,11.10666667,25.20666667,29.71333333,23.59,22.8,5.76,9.296666667,11.20666667,8.26,2.293333333,4.61,17.44666667,5.803333333,68.94,0.73,59.11,5.44,78.25,Teff
2404,black,8.0,416.0,2.0,0.0893,0.7,3.0,7.933333333,8.403333333,11.41333333,10.15,24.85,28.5,23.53333333,21.64666667,6.253333333,9.81,10.58666667,8.38,1.763333333,3.246666667,13.01333333,3.463333333,88.38,0.74,59.11,6.26,76.54,Teff
2405,brown,7.3,335.0,7.0,0.1042,1.8,8.0,7.933333333,8.403333333,11.41333333,10.15,24.85,28.5,23.53333333,21.64666667,6.253333333,9.81,10.58666667,8.38,1.763333333,3.246666667,13.01333333,3.463333333,88.38,0.74,59.11,6.26,76.54,Teff
2406,black,6.6,171.0,7.0,0.1058,1.1,4.0,7.933333333,8.403333333,11.41333333,10.15,24.85,28.5,23.53333333,21.64666667,6.253333333,9.81,10.58666667,8.38,1.763333333,3.246666667,13.01333333,3.463333333,88.38,0.74,59.11,6.26,76.54,Teff
2407,black,7.3,610.0,33.0,0.1705,2.5,8.0,7.933333333,8.403333333,11.41333333,10.15,24.85,28.5,23.53333333,21.64666667,6.253333333,9.81,10.58666667,8.38,1.763333333,3.246666667,13.01333333,3.463333333,88.38,0.74,59.11,6.26,76.54,Teff
2408,red,6.0,442.0,3.0,0.1744,1.4,12.0,9.723333333,10.70333333,13.77333333,12.65666667,28.04,32.58,25.64333333,25.47333333,8.783333333,12.89,14.08666667,11.01,2.78,5.403333333,19.36333333,6.98,343.44,0.73,59.11,5.19,82.6,Teff
2409,black,6.53,273.0,3.22,0.13,1.43,7.49,7.933333333,8.403333333,11.41333333,10.15,24.85,28.5,23.53333333,21.64666667,6.253333333,9.81,10.58666667,8.38,1.763333333,3.246666667,13.01333333,3.463333333,88.38,0.74,59.11,6.26,76.54,Teff
2410,red,5.7,413.0,2.0,0.252834987,1.7,17.0,8.91,9.48,12.24666667,11.10666667,25.20666667,29.71333333,23.59,22.8,5.76,9.296666667,11.20666667,8.26,2.293333333,4.61,17.44666667,5.803333333,68.94,0.73,59.11,5.44,78.25,Teff
2411,black,7.6,389.0,4.0,0.1324,0.9,4.0,7.933333333,8.403333333,11.41333333,10.15,24.85,28.5,23.53333333,21.64666667,6.253333333,9.81,10.58666667,8.38,1.763333333,3.246666667,13.01333333,3.463333333,88.38,0.74,59.11,6.26,76.54,Teff
2412,brown,5.0,754.0,7.0,0.254730978,3.6,15.0,8.91,9.48,12.24666667,11.10666667,25.20666667,29.71333333,23.59,22.8,5.76,9.296666667,11.20666667,8.26,2.293333333,4.61,17.44666667,5.803333333,68.94,0.73,59.11,5.44,78.25,Teff
2413,brown,5.2,311.0,2.0,0.000261711,1.5,13.0,8.91,9.48,12.24666667,11.10666667,25.20666667,29.71333333,23.59,22.8,5.76,9.296666667,11.20666667,8.26,2.293333333,4.61,17.44666667,5.803333333,68.94,0.73,59.11,5.44,78.25,Teff
2414,red,6.9,393.0,6.0,0.2488,1.8,7.0,8.91,9.48,12.24666667,11.10666667,25.20666667,29.71333333,23.59,22.8,5.76,9.296666667,11.20666667,8.26,2.293333333,4.61,17.44666667,5.803333333,68.94,0.73,59.11,5.44,78.25,Teff
2415,black,8.1,396.0,2.0,0.0856,0.8,5.0,7.933333333,8.403333333,11.41333333,10.15,24.85,28.5,23.53333333,21.64666667,6.253333333,9.81,10.58666667,8.38,1.763333333,3.246666667,13.01333333,3.463333333,88.38,0.74,59.11,6.26,76.54,Teff
2416,black,6.51,692.0,417.0,0.23,4.94,15.5,7.933333333,8.403333333,11.41333333,10.15,24.85,28.5,23.53333333,21.64666667,6.253333333,9.81,10.58666667,8.38,1.763333333,3.246666667,13.01333333,3.463333333,88.38,0.74,59.11,6.26,76.54,Teff
2417,brown,7.4,280.0,5.0,0.1232,1.5,6.0,7.933333333,8.403333333,11.41333333,10.15,24.85,28.5,23.53333333,21.64666667,6.253333333,9.81,10.58666667,8.38,1.763333333,3.246666667,13.01333333,3.463333333,88.38,0.74,59.11,6.26,76.54,Teff
2418,brown,5.3,233.0,2.0,0.207024612,1.0,12.0,8.91,9.48,12.24666667,11.10666667,25.20666667,29.71333333,23.59,22.8,5.76,9.296666667,11.20666667,8.26,2.293333333,4.61,17.44666667,5.803333333,68.94,0.73,59.11,5.44,78.25,Teff
2419,red,5.9,605.0,4.0,0.1979,2.3,9.0,9.723333333,10.70333333,13.77333333,12.65666667,28.04,32.58,25.64333333,25.47333333,8.783333333,12.89,14.08666667,11.01,2.78,5.403333333,19.36333333,6.98,343.44,0.73,59.11,5.19,82.6,Teff
2420,brown,5.2,234.0,2.0,0.000261711,1.0,21.0,8.91,9.48,12.24666667,11.10666667,25.20666667,29.71333333,23.59,22.8,5.76,9.296666667,11.20666667,8.26,2.293333333,4.61,17.44666667,5.803333333,68.94,0.73,59.11,5.44,78.25,Teff
2421,brown,5.5,233.0,0.5,0.079,1.1,10.0,8.91,9.48,12.24666667,11.10666667,25.20666667,29.71333333,23.59,22.8,5.76,9.296666667,11.20666667,8.26,2.293333333,4.61,17.44666667,5.803333333,68.94,0.73,59.11,5.44,78.25,Teff
2422,brown,6.7,352.0,2.0,0.1801,2.1,5.0,8.91,9.48,12.24666667,11.10666667,25.20666667,29.71333333,23.59,22.8,5.76,9.296666667,11.20666667,8.26,2.293333333,4.61,17.44666667,5.803333333,68.94,0.73,59.11,5.44,78.25,Teff
2423,black,7.11,440.0,75.5,0.16,1.99,7.33,7.933333333,8.403333333,11.41333333,10.15,24.85,28.5,23.53333333,21.64666667,6.253333333,9.81,10.58666667,8.38,1.763333333,3.246666667,13.01333333,3.463333333,88.38,0.74,59.11,6.26,76.54,Teff
2424,brown,7.3,371.0,3.0,0.0727,1.0,3.0,7.933333333,8.403333333,11.41333333,10.15,24.85,28.5,23.53333333,21.64666667,6.253333333,9.81,10.58666667,8.38,1.763333333,3.246666667,13.01333333,3.463333333,88.38,0.74,59.11,6.26,76.54,Teff
2425,brown,6.9,708.0,5.0,0.249,1.9,8.0,8.91,9.48,12.24666667,11.10666667,25.20666667,29.71333333,23.59,22.8,5.76,9.296666667,11.20666667,8.26,2.293333333,4.61,17.44666667,5.803333333,68.94,0.73,59.11,5.44,78.25,Teff
2426,red,5.4,160.0,1.0,0.1091,1.1,8.0,8.91,9.48,12.24666667,11.10666667,25.20666667,29.71333333,23.59,22.8,5.76,9.296666667,11.20666667,8.26,2.293333333,4.61,17.44666667,5.803333333,68.94,0.73,59.11,5.44,78.25,Teff
2427,black,7.0,269.0,7.0,0.252362008,2.4,7.0,8.91,9.48,12.24666667,11.10666667,25.20666667,29.71333333,23.59,22.8,5.76,9.296666667,11.20666667,8.26,2.293333333,4.61,17.44666667,5.803333333,68.94,0.73,59.11,5.44,78.25,Teff
2428,black,6.3,369.0,2.0,0.1266,1.2,8.0,8.91,9.48,12.24666667,11.10666667,25.20666667,29.71333333,23.59,22.8,5.76,9.296666667,11.20666667,8.26,2.293333333,4.61,17.44666667,5.803333333,68.94,0.73,59.11,5.44,78.25,Teff
2429,black,6.7,285.0,3.0,0.1337,1.3,4.0,7.933333333,8.403333333,11.41333333,10.15,24.85,28.5,23.53333333,21.64666667,6.253333333,9.81,10.58666667,8.38,1.763333333,3.246666667,13.01333333,3.463333333,88.38,0.74,59.11,6.26,76.54,Teff
2430,reddish brown,5.8,251.0,2.14,0.28,1.44,14.6,9.723333333,10.70333333,13.77333333,12.65666667,28.04,32.58,25.64333333,25.47333333,8.783333333,12.89,14.08666667,11.01,2.78,5.403333333,19.36333333,6.98,343.44,0.73,59.11,5.19,82.6,Teff
2431,black,6.71,590.0,21.8,0.17,2.64,21.8,7.933333333,8.403333333,11.41333333,10.15,24.85,28.5,23.53333333,21.64666667,6.253333333,9.81,10.58666667,8.38,1.763333333,3.246666667,13.01333333,3.463333333,88.38,0.74,59.11,6.26,76.54,Teff
2432,black,7.86,346.0,2.73,0.11,1.0,8.58,7.933333333,8.403333333,11.41333333,10.15,24.85,28.5,23.53333333,21.64666667,6.253333333,9.81,10.58666667,8.38,1.763333333,3.246666667,13.01333333,3.463333333,88.38,0.74,59.11,6.26,76.54,Teff
2433,black,7.13,319.0,5.2,0.11,1.07,6.5,7.933333333,8.403333333,11.41333333,10.15,24.85,28.5,23.53333333,21.64666667,6.253333333,9.81,10.58666667,8.38,1.763333333,3.246666667,13.01333333,3.463333333,88.38,0.74,59.11,6.26,76.54,Teff
2434,red,6.4,454.0,27.0,0.1733,1.6,5.0,7.933333333,8.403333333,11.41333333,10.15,24.85,28.5,23.53333333,21.64666667,6.253333333,9.81,10.58666667,8.38,1.763333333,3.246666667,13.01333333,3.463333333,88.38,0.74,59.11,6.26,76.54,Teff
2435,black,5.45,214.0,3.8,0.098365495,0.9,8.2,9.723333333,10.70333333,13.77333333,12.65666667,28.04,32.58,25.64333333,25.47333333,8.783333333,12.89,14.08666667,11.01,2.78,5.403333333,19.36333333,6.98,343.44,0.73,59.11,5.19,82.6,Teff
2436,brown,5.6,475.0,1.0,0.250347819,1.3,15.0,8.91,9.48,12.24666667,11.10666667,25.20666667,29.71333333,23.59,22.8,5.76,9.296666667,11.20666667,8.26,2.293333333,4.61,17.44666667,5.803333333,68.94,0.73,59.11,5.44,78.25,Teff
2437,black,5.17,205.0,3.4,0.09865114,1.2,12.6,9.723333333,10.70333333,13.77333333,12.65666667,28.04,32.58,25.64333333,25.47333333,8.783333333,12.89,14.08666667,11.01,2.78,5.403333333,19.36333333,6.98,343.44,0.73,59.11,5.19,82.6,Teff
2438,dark reddish brown,8.04,315.0,14.4,0.09,0.78,10.5,7.933333333,8.403333333,11.41333333,10.15,24.85,28.5,23.53333333,21.64666667,6.253333333,9.81,10.58666667,8.38,1.763333333,3.246666667,13.01333333,3.463333333,88.38,0.74,59.11,6.26,76.54,Teff
2439,red,6.6,251.0,1.0,0.1549,1.1,8.0,7.933333333,8.403333333,11.41333333,10.15,24.85,28.5,23.53333333,21.64666667,6.253333333,9.81,10.58666667,8.38,1.763333333,3.246666667,13.01333333,3.463333333,88.38,0.74,59.11,6.26,76.54,Teff
2440,black,6.84,223.0,0.1,0.09,0.21,0.25,7.933333333,8.403333333,11.41333333,10.15,24.85,28.5,23.53333333,21.64666667,6.253333333,9.81,10.58666667,8.38,1.763333333,3.246666667,13.01333333,3.463333333,88.38,0.74,59.11,6.26,76.54,Teff
2441,brown,6.1,564.0,2.0,0.072,1.8,6.0,8.91,9.48,12.24666667,11.10666667,25.20666667,29.71333333,23.59,22.8,5.76,9.296666667,11.20666667,8.26,2.293333333,4.61,17.44666667,5.803333333,68.94,0.73,59.11,5.44,78.25,Teff
2442,black,6.2,313.0,5.0,0.0975,2.0,5.0,8.91,9.48,12.24666667,11.10666667,25.20666667,29.71333333,23.59,22.8,5.76,9.296666667,11.20666667,8.26,2.293333333,4.61,17.44666667,5.803333333,68.94,0.73,59.11,5.44,78.25,Teff
2443,red,5.8,228.0,1.0,0.1026,0.7,10.0,7.933333333,8.403333333,11.41333333,10.15,24.85,28.5,23.53333333,21.64666667,6.253333333,9.81,10.58666667,8.38,1.763333333,3.246666667,13.01333333,3.463333333,88.38,0.74,59.11,6.26,76.54,Teff
2444,black,5.9,390.0,2.0,0.1237,1.2,9.0,8.91,9.48,12.24666667,11.10666667,25.20666667,29.71333333,23.59,22.8,5.76,9.296666667,11.20666667,8.26,2.293333333,4.61,17.44666667,5.803333333,68.94,0.73,59.11,5.44,78.25,Teff
2445,black,5.8,486.0,2.0,0.1128,1.3,9.0,8.91,9.48,12.24666667,11.10666667,25.20666667,29.71333333,23.59,22.8,5.76,9.296666667,11.20666667,8.26,2.293333333,4.61,17.44666667,5.803333333,68.94,0.73,59.11,5.44,78.25,Teff
2446,other,5.9,221.0,2.0,0.1237,1.1,8.0,8.91,9.48,12.24666667,11.10666667,25.20666667,29.71333333,23.59,22.8,5.76,9.296666667,11.20666667,8.26,2.293333333,4.61,17.44666667,5.803333333,68.94,0.73,59.11,5.44,78.25,Teff
2447,brown,5.6,179.81,2.69,0.250347819,2.15,10.02,8.91,9.48,12.24666667,11.10666667,25.20666667,29.71333333,23.59,22.8,5.76,9.296666667,11.20666667,8.26,2.293333333,4.61,17.44666667,5.803333333,68.94,0.73,59.11,5.44,78.25,Teff
2448,brown,5.3,414.0,3.0,0.214370848,2.2,8.0,8.91,9.48,12.24666667,11.10666667,25.20666667,29.71333333,23.59,22.8,5.76,9.296666667,11.20666667,8.26,2.293333333,4.61,17.44666667,5.803333333,68.94,0.73,59.11,5.44,78.25,Teff
2449,brown,5.2,334.0,2.0,0.000261711,1.8,9.0,8.91,9.48,12.24666667,11.10666667,25.20666667,29.71333333,23.59,22.8,5.76,9.296666667,11.20666667,8.26,2.293333333,4.61,17.44666667,5.803333333,68.94,0.73,59.11,5.44,78.25,Teff
2450,black,7.87,470.0,3.0,0.09,1.8,14.0,7.933333333,8.403333333,11.41333333,10.15,24.85,28.5,23.53333333,21.64666667,6.253333333,9.81,10.58666667,8.38,1.763333333,3.246666667,13.01333333,3.463333333,88.38,0.74,59.11,6.26,76.54,Teff
2451,black,7.87,547.0,4.0,0.09,1.2,7.0,7.933333333,8.403333333,11.41333333,10.15,24.85,28.5,23.53333333,21.64666667,6.253333333,9.81,10.58666667,8.38,1.763333333,3.246666667,13.01333333,3.463333333,88.38,0.74,59.11,6.26,76.54,Teff
2452,black,7.87,561.0,3.0,0.11,1.1,7.0,7.933333333,8.403333333,11.41333333,10.15,24.85,28.5,23.53333333,21.64666667,6.253333333,9.81,10.58666667,8.38,1.763333333,3.246666667,13.01333333,3.463333333,88.38,0.74,59.11,6.26,76.54,Teff
2453,black,5.9,385.0,3.0,0.108,1.2,9.0,9.723333333,10.70333333,13.77333333,12.65666667,28.04,32.58,25.64333333,25.47333333,8.783333333,12.89,14.08666667,11.01,2.78,5.403333333,19.36333333,6.98,343.44,0.73,59.11,5.19,82.6,Teff
2454,black,6.2,383.0,3.0,0.1332,1.7,9.0,8.91,9.48,12.24666667,11.10666667,25.20666667,29.71333333,23.59,22.8,5.76,9.296666667,11.20666667,8.26,2.293333333,4.61,17.44666667,5.803333333,68.94,0.73,59.11,5.44,78.25,Teff
2455,black,6.0,442.0,4.0,0.1186,1.1,8.0,8.91,9.48,12.24666667,11.10666667,25.20666667,29.71333333,23.59,22.8,5.76,9.296666667,11.20666667,8.26,2.293333333,4.61,17.44666667,5.803333333,68.94,0.73,59.11,5.44,78.25,Teff
2456,black,5.8,438.0,3.0,0.1148,1.5,8.0,8.91,9.48,12.24666667,11.10666667,25.20666667,29.71333333,23.59,22.8,5.76,9.296666667,11.20666667,8.26,2.293333333,4.61,17.44666667,5.803333333,68.94,0.73,59.11,5.44,78.25,Teff
2457,black,6.5,442.0,7.0,0.1743,1.8,8.0,8.91,9.48,12.24666667,11.10666667,25.20666667,29.71333333,23.59,22.8,5.76,9.296666667,11.20666667,8.26,2.293333333,4.61,17.44666667,5.803333333,68.94,0.73,59.11,5.44,78.25,Teff
2458,black,5.9,516.0,2.0,0.1686,1.2,10.0,9.723333333,10.70333333,13.77333333,12.65666667,28.04,32.58,25.64333333,25.47333333,8.783333333,12.89,14.08666667,11.01,2.78,5.403333333,19.36333333,6.98,343.44,0.73,59.11,5.19,82.6,Teff
2459,brown,7.0,129.0,5.0,0.1075,1.1,5.0,8.91,9.48,12.24666667,11.10666667,25.20666667,29.71333333,23.59,22.8,5.76,9.296666667,11.20666667,8.26,2.293333333,4.61,17.44666667,5.803333333,68.94,0.73,59.11,5.44,78.25,Teff
2460,black,5.95,175.0,1.1,0.142993505,2.2,11.1,9.723333333,10.70333333,13.77333333,12.65666667,28.04,32.58,25.64333333,25.47333333,8.783333333,12.89,14.08666667,11.01,2.78,5.403333333,19.36333333,6.98,343.44,0.73,59.11,5.19,82.6,Teff
2461,red,5.7,313.59,2.35,0.217347627,1.54,9.96,8.91,9.48,12.24666667,11.10666667,25.20666667,29.71333333,23.59,22.8,5.76,9.296666667,11.20666667,8.26,2.293333333,4.61,17.44666667,5.803333333,68.94,0.73,59.11,5.44,78.25,Teff
2462,brown,5.6,246.0,2.0,0.250347819,1.7,11.0,8.91,9.48,12.24666667,11.10666667,25.20666667,29.71333333,23.59,22.8,5.76,9.296666667,11.20666667,8.26,2.293333333,4.61,17.44666667,5.803333333,68.94,0.73,59.11,5.44,78.25,Teff
2463,black,6.1,345.0,2.0,0.167037589,1.2,22.0,8.91,9.48,12.24666667,11.10666667,25.20666667,29.71333333,23.59,22.8,5.76,9.296666667,11.20666667,8.26,2.293333333,4.61,17.44666667,5.803333333,68.94,0.73,59.11,5.44,78.25,Teff
2464,brown,6.1,245.0,3.0,0.167037589,1.7,8.0,8.91,9.48,12.24666667,11.10666667,25.20666667,29.71333333,23.59,22.8,5.76,9.296666667,11.20666667,8.26,2.293333333,4.61,17.44666667,5.803333333,68.94,0.73,59.11,5.44,78.25,Teff
2465,brown,5.2,938.0,27.0,0.000261711,4.6,7.0,8.91,9.48,12.24666667,11.10666667,25.20666667,29.71333333,23.59,22.8,5.76,9.296666667,11.20666667,8.26,2.293333333,4.61,17.44666667,5.803333333,68.94,0.73,59.11,5.44,78.25,Teff
2466,black,6.4,368.0,1.0,0.1188,1.5,8.0,8.91,9.48,12.24666667,11.10666667,25.20666667,29.71333333,23.59,22.8,5.76,9.296666667,11.20666667,8.26,2.293333333,4.61,17.44666667,5.803333333,68.94,0.73,59.11,5.44,78.25,Teff
2467,black,7.87,386.0,6.0,0.11,1.6,7.0,7.933333333,8.403333333,11.41333333,10.15,24.85,28.5,23.53333333,21.64666667,6.253333333,9.81,10.58666667,8.38,1.763333333,3.246666667,13.01333333,3.463333333,88.38,0.74,59.11,6.26,76.54,Teff
2468,black,5.9,375.0,1.0,0.1484,1.4,8.0,8.91,9.48,12.24666667,11.10666667,25.20666667,29.71333333,23.59,22.8,5.76,9.296666667,11.20666667,8.26,2.293333333,4.61,17.44666667,5.803333333,68.94,0.73,59.11,5.44,78.25,Teff
2469,brown,5.5,155.0,3.0,0.2443,1.0,8.0,7.933333333,8.403333333,11.41333333,10.15,24.85,28.5,23.53333333,21.64666667,6.253333333,9.81,10.58666667,8.38,1.763333333,3.246666667,13.01333333,3.463333333,88.38,0.74,59.11,6.26,76.54,Teff
2470,black,6.3,388.0,1.0,0.1145,1.5,8.0,8.91,9.48,12.24666667,11.10666667,25.20666667,29.71333333,23.59,22.8,5.76,9.296666667,11.20666667,8.26,2.293333333,4.61,17.44666667,5.803333333,68.94,0.73,59.11,5.44,78.25,Teff
2471,black,6.1,269.0,1.0,0.1196,1.0,8.0,8.91,9.48,12.24666667,11.10666667,25.20666667,29.71333333,23.59,22.8,5.76,9.296666667,11.20666667,8.26,2.293333333,4.61,17.44666667,5.803333333,68.94,0.73,59.11,5.44,78.25,Teff
2472,brown,5.2,235.0,1.0,0.000261711,1.5,9.0,8.91,9.48,12.24666667,11.10666667,25.20666667,29.71333333,23.59,22.8,5.76,9.296666667,11.20666667,8.26,2.293333333,4.61,17.44666667,5.803333333,68.94,0.73,59.11,5.44,78.25,Teff
2473,black,6.6,480.0,2.0,0.1008,2.3,7.0,8.91,9.48,12.24666667,11.10666667,25.20666667,29.71333333,23.59,22.8,5.76,9.296666667,11.20666667,8.26,2.293333333,4.61,17.44666667,5.803333333,68.94,0.73,59.11,5.44,78.25,Teff
2474,black,7.0,526.0,2.0,0.1075,1.5,8.0,8.91,9.48,12.24666667,11.10666667,25.20666667,29.71333333,23.59,22.8,5.76,9.296666667,11.20666667,8.26,2.293333333,4.61,17.44666667,5.803333333,68.94,0.73,59.11,5.44,78.25,Teff
2475,dark reddish brown,6.36,208.0,5.04,0.16,2.11,7.78,9.723333333,10.70333333,13.77333333,12.65666667,28.04,32.58,25.64333333,25.47333333,8.783333333,12.89,14.08666667,11.01,2.78,5.403333333,19.36333333,6.98,343.44,0.73,59.11,5.19,82.6,Teff
2476,black,5.9,378.0,2.0,0.1278,1.4,8.0,8.91,9.48,12.24666667,11.10666667,25.20666667,29.71333333,23.59,22.8,5.76,9.296666667,11.20666667,8.26,2.293333333,4.61,17.44666667,5.803333333,68.94,0.73,59.11,5.44,78.25,Teff
2477,red,5.35,321.0,2.4,0.166993493,1.8,16.1,9.723333333,10.70333333,13.77333333,12.65666667,28.04,32.58,25.64333333,25.47333333,8.783333333,12.89,14.08666667,11.01,2.78,5.403333333,19.36333333,6.98,343.44,0.73,59.11,5.19,82.6,Teff
2478,black,5.55,147.0,1.5,0.242766807,1.5,18.8,9.723333333,10.70333333,13.77333333,12.65666667,28.04,32.58,25.64333333,25.47333333,8.783333333,12.89,14.08666667,11.01,2.78,5.403333333,19.36333333,6.98,343.44,0.73,59.11,5.19,82.6,Teff
2479,black,6.4,336.0,3.0,0.1051,1.2,6.0,8.91,9.48,12.24666667,11.10666667,25.20666667,29.71333333,23.59,22.8,5.76,9.296666667,11.20666667,8.26,2.293333333,4.61,17.44666667,5.803333333,68.94,0.73,59.11,5.44,78.25,Teff
2480,black,6.1,183.0,2.0,0.131443882,1.0,10.8,7.933333333,8.403333333,11.41333333,10.15,24.85,28.5,23.53333333,21.64666667,6.253333333,9.81,10.58666667,8.38,1.763333333,3.246666667,13.01333333,3.463333333,88.38,0.74,59.11,6.26,76.54,Teff
2481,reddish brown,6.12,493.0,1.45,0.3,3.08,11.7,7.933333333,8.403333333,11.41333333,10.15,24.85,28.5,23.53333333,21.64666667,6.253333333,9.81,10.58666667,8.38,1.763333333,3.246666667,13.01333333,3.463333333,88.38,0.74,59.11,6.26,76.54,Teff
2482,black,6.0,398.0,2.0,0.1139,1.2,9.0,8.91,9.48,12.24666667,11.10666667,25.20666667,29.71333333,23.59,22.8,5.76,9.296666667,11.20666667,8.26,2.293333333,4.61,17.44666667,5.803333333,68.94,0.73,59.11,5.44,78.25,Teff
2483,dark reddish brown,7.03,463.0,87.4,0.14,1.52,10.4,7.933333333,8.403333333,11.41333333,10.15,24.85,28.5,23.53333333,21.64666667,6.253333333,9.81,10.58666667,8.38,1.763333333,3.246666667,13.01333333,3.463333333,88.38,0.74,59.11,6.26,76.54,Teff
2484,black,6.3,358.0,1.0,0.0971,1.3,10.0,9.723333333,10.70333333,13.77333333,12.65666667,28.04,32.58,25.64333333,25.47333333,8.783333333,12.89,14.08666667,11.01,2.78,5.403333333,19.36333333,6.98,343.44,0.73,59.11,5.19,82.6,Teff
2485,black,5.8,374.0,2.0,0.1136,1.1,11.0,8.91,9.48,12.24666667,11.10666667,25.20666667,29.71333333,23.59,22.8,5.76,9.296666667,11.20666667,8.26,2.293333333,4.61,17.44666667,5.803333333,68.94,0.73,59.11,5.44,78.25,Teff
2486,black,5.6,191.0,1.0,0.372455231,1.5,6.0,8.91,9.48,12.24666667,11.10666667,25.20666667,29.71333333,23.59,22.8,5.76,9.296666667,11.20666667,8.26,2.293333333,4.61,17.44666667,5.803333333,68.94,0.73,59.11,5.44,78.25,Teff
2487,red,5.7,356.0,4.0,0.2145,1.7,10.0,8.91,9.48,12.24666667,11.10666667,25.20666667,29.71333333,23.59,22.8,5.76,9.296666667,11.20666667,8.26,2.293333333,4.61,17.44666667,5.803333333,68.94,0.73,59.11,5.44,78.25,Teff
2488,red,5.8,919.0,5.0,0.2039,2.2,10.0,8.91,9.48,12.24666667,11.10666667,25.20666667,29.71333333,23.59,22.8,5.76,9.296666667,11.20666667,8.26,2.293333333,4.61,17.44666667,5.803333333,68.94,0.73,59.11,5.44,78.25,Teff
2489,brown,6.2,489.0,3.0,0.1808,1.7,8.0,8.91,9.48,12.24666667,11.10666667,25.20666667,29.71333333,23.59,22.8,5.76,9.296666667,11.20666667,8.26,2.293333333,4.61,17.44666667,5.803333333,68.94,0.73,59.11,5.44,78.25,Teff
2490,red,5.9,437.0,18.0,0.2181,2.1,7.0,8.91,9.48,12.24666667,11.10666667,25.20666667,29.71333333,23.59,22.8,5.76,9.296666667,11.20666667,8.26,2.293333333,4.61,17.44666667,5.803333333,68.94,0.73,59.11,5.44,78.25,Teff
2491,red,5.35,72.0,1.8,0.179519352,1.3,18.7,9.723333333,10.70333333,13.77333333,12.65666667,28.04,32.58,25.64333333,25.47333333,8.783333333,12.89,14.08666667,11.01,2.78,5.403333333,19.36333333,6.98,343.44,0.73,59.11,5.19,82.6,Teff
2492,brown,6.1,499.0,2.0,0.167037589,1.8,11.0,8.91,9.48,12.24666667,11.10666667,25.20666667,29.71333333,23.59,22.8,5.76,9.296666667,11.20666667,8.26,2.293333333,4.61,17.44666667,5.803333333,68.94,0.73,59.11,5.44,78.25,Teff
2493,black,5.81,154.0,1.7,0.141731707,1.0,10.9,9.723333333,10.70333333,13.77333333,12.65666667,28.04,32.58,25.64333333,25.47333333,8.783333333,12.89,14.08666667,11.01,2.78,5.403333333,19.36333333,6.98,343.44,0.73,59.11,5.19,82.6,Teff
2494,black,6.0,293.0,2.0,0.1109,1.4,8.0,8.91,9.48,12.24666667,11.10666667,25.20666667,29.71333333,23.59,22.8,5.76,9.296666667,11.20666667,8.26,2.293333333,4.61,17.44666667,5.803333333,68.94,0.73,59.11,5.44,78.25,Teff
2495,brown,5.9,407.0,4.0,0.1633,1.3,11.0,9.723333333,10.70333333,13.77333333,12.65666667,28.04,32.58,25.64333333,25.47333333,8.783333333,12.89,14.08666667,11.01,2.78,5.403333333,19.36333333,6.98,343.44,0.73,59.11,5.19,82.6,Teff
2496,black,6.4,489.0,3.0,0.1207,2.0,19.0,8.91,9.48,12.24666667,11.10666667,25.20666667,29.71333333,23.59,22.8,5.76,9.296666667,11.20666667,8.26,2.293333333,4.61,17.44666667,5.803333333,68.94,0.73,59.11,5.44,78.25,Teff
2497,black,5.95,138.0,1.7,0.136468257,0.7,6.8,9.723333333,10.70333333,13.77333333,12.65666667,28.04,32.58,25.64333333,25.47333333,8.783333333,12.89,14.08666667,11.01,2.78,5.403333333,19.36333333,6.98,343.44,0.73,59.11,5.19,82.6,Teff
2498,red,5.43,420.0,1.47,0.28,1.88,20.5,9.723333333,10.70333333,13.77333333,12.65666667,28.04,32.58,25.64333333,25.47333333,8.783333333,12.89,14.08666667,11.01,2.78,5.403333333,19.36333333,6.98,343.44,0.73,59.11,5.19,82.6,Teff
2499,brown,5.9,452.0,3.0,0.0979,1.3,8.0,8.91,9.48,12.24666667,11.10666667,25.20666667,29.71333333,23.59,22.8,5.76,9.296666667,11.20666667,8.26,2.293333333,4.61,17.44666667,5.803333333,68.94,0.73,59.11,5.44,78.25,Teff
2500,brown,5.6,234.0,4.0,0.191,1.4,14.0,8.91,9.48,12.24666667,11.10666667,25.20666667,29.71333333,23.59,22.8,5.76,9.296666667,11.20666667,8.26,2.293333333,4.61,17.44666667,5.803333333,68.94,0.73,59.11,5.44,78.25,Teff
2501,brown,5.51,190.0,2.68,0.16,1.94,13.0,7.933333333,8.403333333,11.41333333,10.15,24.85,28.5,23.53333333,21.64666667,6.253333333,9.81,10.58666667,8.38,1.763333333,3.246666667,13.01333333,3.463333333,88.38,0.74,59.11,6.26,76.54,Teff
2502,brown,5.65,179.0,1.87,0.18,1.72,10.9,7.933333333,8.403333333,11.41333333,10.15,24.85,28.5,23.53333333,21.64666667,6.253333333,9.81,10.58666667,8.38,1.763333333,3.246666667,13.01333333,3.463333333,88.38,0.74,59.11,6.26,76.54,Teff
2503,brown,6.95,468.0,5.0,0.16,1.3,6.0,7.933333333,8.403333333,11.41333333,10.15,24.85,28.5,23.53333333,21.64666667,6.253333333,9.81,10.58666667,8.38,1.763333333,3.246666667,13.01333333,3.463333333,88.38,0.74,59.11,6.26,76.54,Teff
2504,brown,5.7,222.0,2.0,0.1696,1.5,16.0,9.723333333,10.70333333,13.77333333,12.65666667,28.04,32.58,25.64333333,25.47333333,8.783333333,12.89,14.08666667,11.01,2.78,5.403333333,19.36333333,6.98,343.44,0.73,59.11,5.19,82.6,Teff
2505,black,5.95,273.0,3.5,0.187759192,1.3,9.2,9.723333333,10.70333333,13.77333333,12.65666667,28.04,32.58,25.64333333,25.47333333,8.783333333,12.89,14.08666667,11.01,2.78,5.403333333,19.36333333,6.98,343.44,0.73,59.11,5.19,82.6,Teff
2506,brown,5.4,169.0,2.0,0.1787,1.3,18.0,9.723333333,10.70333333,13.77333333,12.65666667,28.04,32.58,25.64333333,25.47333333,8.783333333,12.89,14.08666667,11.01,2.78,5.403333333,19.36333333,6.98,343.44,0.73,59.11,5.19,82.6,Teff
2507,red,5.3,153.0,5.0,0.181,1.7,19.0,9.723333333,10.70333333,13.77333333,12.65666667,28.04,32.58,25.64333333,25.47333333,8.783333333,12.89,14.08666667,11.01,2.78,5.403333333,19.36333333,6.98,343.44,0.73,59.11,5.19,82.6,Teff
2508,reddish brown,5.66,342.0,1.25,0.24,1.77,14.7,9.723333333,10.70333333,13.77333333,12.65666667,28.04,32.58,25.64333333,25.47333333,8.783333333,12.89,14.08666667,11.01,2.78,5.403333333,19.36333333,6.98,343.44,0.73,59.11,5.19,82.6,Teff
2509,red,5.4,345.0,3.0,0.1912,2.5,13.0,9.723333333,10.70333333,13.77333333,12.65666667,28.04,32.58,25.64333333,25.47333333,8.783333333,12.89,14.08666667,11.01,2.78,5.403333333,19.36333333,6.98,343.44,0.73,59.11,5.19,82.6,Teff
2510,black,7.53,431.0,1.0,0.09,1.0,6.0,7.933333333,8.403333333,11.41333333,10.15,24.85,28.5,23.53333333,21.64666667,6.253333333,9.81,10.58666667,8.38,1.763333333,3.246666667,13.01333333,3.463333333,88.38,0.74,59.11,6.26,76.54,Teff
2511,red,5.3,193.0,2.0,0.2078,2.0,20.0,9.723333333,10.70333333,13.77333333,12.65666667,28.04,32.58,25.64333333,25.47333333,8.783333333,12.89,14.08666667,11.01,2.78,5.403333333,19.36333333,6.98,343.44,0.73,59.11,5.19,82.6,Teff
2512,other,5.8,114.0,2.0,0.250293402,0.9,17.0,8.91,9.48,12.24666667,11.10666667,25.20666667,29.71333333,23.59,22.8,5.76,9.296666667,11.20666667,8.26,2.293333333,4.61,17.44666667,5.803333333,68.94,0.73,59.11,5.44,78.25,Teff
2513,red,5.8,311.0,4.0,0.250293402,1.4,18.0,8.91,9.48,12.24666667,11.10666667,25.20666667,29.71333333,23.59,22.8,5.76,9.296666667,11.20666667,8.26,2.293333333,4.61,17.44666667,5.803333333,68.94,0.73,59.11,5.44,78.25,Teff
2514,brown,7.53,369.0,3.0,0.09,1.0,5.0,7.933333333,8.403333333,11.41333333,10.15,24.85,28.5,23.53333333,21.64666667,6.253333333,9.81,10.58666667,8.38,1.763333333,3.246666667,13.01333333,3.463333333,88.38,0.74,59.11,6.26,76.54,Teff
2515,black,7.1,529.0,11.0,0.09,1.3,6.0,7.933333333,8.403333333,11.41333333,10.15,24.85,28.5,23.53333333,21.64666667,6.253333333,9.81,10.58666667,8.38,1.763333333,3.246666667,13.01333333,3.463333333,88.38,0.74,59.11,6.26,76.54,Teff
2516,red,5.41,387.0,2.5,0.196357786,2.1,16.5,9.723333333,10.70333333,13.77333333,12.65666667,28.04,32.58,25.64333333,25.47333333,8.783333333,12.89,14.08666667,11.01,2.78,5.403333333,19.36333333,6.98,343.44,0.73,59.11,5.19,82.6,Teff
2517,red,5.1,487.0,2.0,0.2148,2.3,18.0,9.723333333,10.70333333,13.77333333,12.65666667,28.04,32.58,25.64333333,25.47333333,8.783333333,12.89,14.08666667,11.01,2.78,5.403333333,19.36333333,6.98,343.44,0.73,59.11,5.19,82.6,Teff
2518,red,5.23,417.0,2.4,0.198871581,2.6,17.5,9.723333333,10.70333333,13.77333333,12.65666667,28.04,32.58,25.64333333,25.47333333,8.783333333,12.89,14.08666667,11.01,2.78,5.403333333,19.36333333,6.98,343.44,0.73,59.11,5.19,82.6,Teff
2519,red,5.1,209.0,3.0,0.2017,2.2,19.0,9.723333333,10.70333333,13.77333333,12.65666667,28.04,32.58,25.64333333,25.47333333,8.783333333,12.89,14.08666667,11.01,2.78,5.403333333,19.36333333,6.98,343.44,0.73,59.11,5.19,82.6,Teff
2520,brown,5.88,244.0,7.0,0.12,1.7,5.0,7.933333333,8.403333333,11.41333333,10.15,24.85,28.5,23.53333333,21.64666667,6.253333333,9.81,10.58666667,8.38,1.763333333,3.246666667,13.01333333,3.463333333,88.38,0.74,59.11,6.26,76.54,Teff
2521,gray,7.1,223.0,7.0,0.09,0.7,4.0,7.933333333,8.403333333,11.41333333,10.15,24.85,28.5,23.53333333,21.64666667,6.253333333,9.81,10.58666667,8.38,1.763333333,3.246666667,13.01333333,3.463333333,88.38,0.74,59.11,6.26,76.54,Teff
2522,red,5.4,504.0,2.0,0.1598,1.9,15.0,8.91,9.48,12.24666667,11.10666667,25.20666667,29.71333333,23.59,22.8,5.76,9.296666667,11.20666667,8.26,2.293333333,4.61,17.44666667,5.803333333,68.94,0.73,59.11,5.44,78.25,Teff
2523,red,5.2,154.0,2.0,0.1852,1.4,19.0,9.723333333,10.70333333,13.77333333,12.65666667,28.04,32.58,25.64333333,25.47333333,8.783333333,12.89,14.08666667,11.01,2.78,5.403333333,19.36333333,6.98,343.44,0.73,59.11,5.19,82.6,Teff
2524,red,6.1,538.0,6.0,0.2342,4.2,10.0,9.723333333,10.70333333,13.77333333,12.65666667,28.04,32.58,25.64333333,25.47333333,8.783333333,12.89,14.08666667,11.01,2.78,5.403333333,19.36333333,6.98,343.44,0.73,59.11,5.19,82.6,Teff
2525,red,5.4,375.0,4.0,0.1725,2.1,20.0,9.723333333,10.70333333,13.77333333,12.65666667,28.04,32.58,25.64333333,25.47333333,8.783333333,12.89,14.08666667,11.01,2.78,5.403333333,19.36333333,6.98,343.44,0.73,59.11,5.19,82.6,Teff
2526,red,5.39,495.0,8.7,0.222097115,3.6,11.4,9.723333333,10.70333333,13.77333333,12.65666667,28.04,32.58,25.64333333,25.47333333,8.783333333,12.89,14.08666667,11.01,2.78,5.403333333,19.36333333,6.98,343.44,0.73,59.11,5.19,82.6,Teff
2527,red,6.2,725.0,7.0,0.260151402,2.2,11.0,8.91,9.48,12.24666667,11.10666667,25.20666667,29.71333333,23.59,22.8,5.76,9.296666667,11.20666667,8.26,2.293333333,4.61,17.44666667,5.803333333,68.94,0.73,59.11,5.44,78.25,Teff
2528,brown,6.2,451.0,5.0,0.260151402,2.4,12.0,8.91,9.48,12.24666667,11.10666667,25.20666667,29.71333333,23.59,22.8,5.76,9.296666667,11.20666667,8.26,2.293333333,4.61,17.44666667,5.803333333,68.94,0.73,59.11,5.44,78.25,Teff
2529,brown,5.8,252.0,8.0,0.250293402,0.9,11.0,8.91,9.48,12.24666667,11.10666667,25.20666667,29.71333333,23.59,22.8,5.76,9.296666667,11.20666667,8.26,2.293333333,4.61,17.44666667,5.803333333,68.94,0.73,59.11,5.44,78.25,Teff
2530,black,7.7,311.0,19.0,0.16,1.8,7.0,7.933333333,8.403333333,11.41333333,10.15,24.85,28.5,23.53333333,21.64666667,6.253333333,9.81,10.58666667,8.38,1.763333333,3.246666667,13.01333333,3.463333333,88.38,0.74,59.11,6.26,76.54,Teff
2531,black,7.4,298.0,7.0,0.043662318,1.1,6.0,7.933333333,8.403333333,11.41333333,10.15,24.85,28.5,23.53333333,21.64666667,6.253333333,9.81,10.58666667,8.38,1.763333333,3.246666667,13.01333333,3.463333333,88.38,0.74,59.11,6.26,76.54,Teff
2532,black,8.03,764.0,8.0,0.043662318,1.1,9.0,7.933333333,8.403333333,11.41333333,10.15,24.85,28.5,23.53333333,21.64666667,6.253333333,9.81,10.58666667,8.38,1.763333333,3.246666667,13.01333333,3.463333333,88.38,0.74,59.11,6.26,76.54,Teff
2533,red,5.5,696.0,2.0,0.1812,2.6,16.0,8.91,9.48,12.24666667,11.10666667,25.20666667,29.71333333,23.59,22.8,5.76,9.296666667,11.20666667,8.26,2.293333333,4.61,17.44666667,5.803333333,68.94,0.73,59.11,5.44,78.25,Teff
2534,brown,7.1,234.0,3.0,0.069481704,1.0,8.0,7.933333333,8.403333333,11.41333333,10.15,24.85,28.5,23.53333333,21.64666667,6.253333333,9.81,10.58666667,8.38,1.763333333,3.246666667,13.01333333,3.463333333,88.38,0.74,59.11,6.26,76.54,Teff
2535,red,5.45,390.0,2.5,0.157200307,1.5,19.1,9.723333333,10.70333333,13.77333333,12.65666667,28.04,32.58,25.64333333,25.47333333,8.783333333,12.89,14.08666667,11.01,2.78,5.403333333,19.36333333,6.98,343.44,0.73,59.11,5.19,82.6,Teff
2536,red,5.18,232.0,2.2,0.206768924,2.1,18.5,9.723333333,10.70333333,13.77333333,12.65666667,28.04,32.58,25.64333333,25.47333333,8.783333333,12.89,14.08666667,11.01,2.78,5.403333333,19.36333333,6.98,343.44,0.73,59.11,5.19,82.6,Teff
2537,red,5.35,201.0,2.3,0.23416417,1.8,17.9,9.723333333,10.70333333,13.77333333,12.65666667,28.04,32.58,25.64333333,25.47333333,8.783333333,12.89,14.08666667,11.01,2.78,5.403333333,19.36333333,6.98,343.44,0.73,59.11,5.19,82.6,Teff
2538,red,5.4,480.0,2.0,0.1775,1.7,19.0,8.91,9.48,12.24666667,11.10666667,25.20666667,29.71333333,23.59,22.8,5.76,9.296666667,11.20666667,8.26,2.293333333,4.61,17.44666667,5.803333333,68.94,0.73,59.11,5.44,78.25,Teff
2539,black,6.1,244.0,3.0,0.1177,1.7,7.0,8.91,9.48,12.24666667,11.10666667,25.20666667,29.71333333,23.59,22.8,5.76,9.296666667,11.20666667,8.26,2.293333333,4.61,17.44666667,5.803333333,68.94,0.73,59.11,5.44,78.25,Teff
2540,gray,7.7,473.0,1.0,0.16,1.0,4.0,7.586666667,8.136666667,11.43,10.15,26.32666667,28.97,24.37666667,22.67333333,7.513333333,11.38333333,11.81,10.08666667,0.91,2.266666667,11.76666667,2.96,88.31,0.63,59.11,6.01,77.15,Teff
2541,black,7.1,184.51,10.24,0.069481704,1.5,6.12,8.506666667,9.34,12.16666667,10.92666667,25.34333333,28.87,23.33666667,22.28,6.053333333,9.353333333,10.93333333,8.29,1.736666667,5.203333333,17.81666667,5.823333333,36.06,0.77,59.11,5.41,77.29,Teff
2542,black,7.2,659.0,4.0,0.110631325,1.1,22.0,8.506666667,9.34,12.16666667,10.92666667,25.34333333,28.87,23.33666667,22.28,6.053333333,9.353333333,10.93333333,8.29,1.736666667,5.203333333,17.81666667,5.823333333,36.06,0.77,59.11,5.41,77.29,Teff
2543,black,5.7,389.0,2.0,0.1629,2.1,9.0,9.723333333,10.70333333,13.77333333,12.65666667,28.04,32.58,25.64333333,25.47333333,8.783333333,12.89,14.08666667,11.01,2.78,5.403333333,19.36333333,6.98,343.44,0.73,59.11,5.19,82.6,Teff
2544,red,5.2,144.0,2.1,0.223497039,1.4,15.0,9.723333333,10.70333333,13.77333333,12.65666667,28.04,32.58,25.64333333,25.47333333,8.783333333,12.89,14.08666667,11.01,2.78,5.403333333,19.36333333,6.98,343.44,0.73,59.11,5.19,82.6,Teff
2545,red,5.25,280.0,3.4,0.141766588,1.7,18.6,8.506666667,9.34,12.16666667,10.92666667,25.34333333,28.87,23.33666667,22.28,6.053333333,9.353333333,10.93333333,8.29,1.736666667,5.203333333,17.81666667,5.823333333,36.06,0.77,59.11,5.41,77.29,Teff
2546,black,6.0,196.0,3.0,0.1339,2.6,11.0,8.506666667,9.34,12.16666667,10.92666667,25.34333333,28.87,23.33666667,22.28,6.053333333,9.353333333,10.93333333,8.29,1.736666667,5.203333333,17.81666667,5.823333333,36.06,0.77,59.11,5.41,77.29,Teff
2547,brown,7.4,371.61,14.3,0.043662318,1.4,5.65,7.586666667,8.136666667,11.43,10.15,26.32666667,28.97,24.37666667,22.67333333,7.513333333,11.38333333,11.81,10.08666667,0.91,2.266666667,11.76666667,2.96,88.31,0.63,59.11,6.01,77.15,Teff
2548,brown,7.3,784.0,51.0,0.041178608,1.7,9.0,7.586666667,8.136666667,11.43,10.15,26.32666667,28.97,24.37666667,22.67333333,7.513333333,11.38333333,11.81,10.08666667,0.91,2.266666667,11.76666667,2.96,88.31,0.63,59.11,6.01,77.15,Teff
2549,brown,5.8,350.0,3.0,0.250293402,1.4,10.0,8.506666667,9.34,12.16666667,10.92666667,25.34333333,28.87,23.33666667,22.28,6.053333333,9.353333333,10.93333333,8.29,1.736666667,5.203333333,17.81666667,5.823333333,36.06,0.77,59.11,5.41,77.29,Teff
2550,red,5.8,552.0,8.0,0.250293402,2.8,9.0,8.506666667,9.34,12.16666667,10.92666667,25.34333333,28.87,23.33666667,22.28,6.053333333,9.353333333,10.93333333,8.29,1.736666667,5.203333333,17.81666667,5.823333333,36.06,0.77,59.11,5.41,77.29,Teff
2551,black,6.9,456.0,4.0,0.037955812,1.0,8.0,7.586666667,8.136666667,11.43,10.15,26.32666667,28.97,24.37666667,22.67333333,7.513333333,11.38333333,11.81,10.08666667,0.91,2.266666667,11.76666667,2.96,88.31,0.63,59.11,6.01,77.15,Teff
2552,red,5.15,328.0,4.2,0.269732439,2.1,17.0,8.566666667,9.663333333,12.73666667,11.78,25.88333333,30.05666667,23.65,22.84666667,6.626666667,10.35,11.17333333,9.1,1.343333333,5.66,19.92,7.42,14.25,0.8,59.11,6.06,78.58,Teff
2553,black,6.1,248.0,6.0,0.1177,2.4,6.0,8.506666667,9.34,12.16666667,10.92666667,25.34333333,28.87,23.33666667,22.28,6.053333333,9.353333333,10.93333333,8.29,1.736666667,5.203333333,17.81666667,5.823333333,36.06,0.77,59.11,5.41,77.29,Teff
2554,red,5.31,118.0,2.4,0.05,1.3,12.3,8.566666667,9.663333333,12.73666667,11.78,25.88333333,30.05666667,23.65,22.84666667,6.626666667,10.35,11.17333333,9.1,1.343333333,5.66,19.92,7.42,14.25,0.8,59.11,6.06,78.58,Teff
2555,red,5.09,467.0,10.6,0.236890516,1.5,17.3,8.566666667,9.663333333,12.73666667,11.78,25.88333333,30.05666667,23.65,22.84666667,6.626666667,10.35,11.17333333,9.1,1.343333333,5.66,19.92,7.42,14.25,0.8,59.11,6.06,78.58,Teff
2556,black,7.1,349.0,21.0,0.069481704,1.2,8.0,7.586666667,8.136666667,11.43,10.15,26.32666667,28.97,24.37666667,22.67333333,7.513333333,11.38333333,11.81,10.08666667,0.91,2.266666667,11.76666667,2.96,88.31,0.63,59.11,6.01,77.15,Teff
2557,brown,5.8,310.0,5.0,0.134,1.7,7.0,7.586666667,8.136666667,11.43,10.15,26.32666667,28.97,24.37666667,22.67333333,7.513333333,11.38333333,11.81,10.08666667,0.91,2.266666667,11.76666667,2.96,88.31,0.63,59.11,6.01,77.15,Teff
2558,red,5.12,108.0,2.1,0.067727189,0.6,7.7,8.566666667,9.663333333,12.73666667,11.78,25.88333333,30.05666667,23.65,22.84666667,6.626666667,10.35,11.17333333,9.1,1.343333333,5.66,19.92,7.42,14.25,0.8,59.11,6.06,78.58,Teff
2559,black,6.1,259.0,1.0,0.1177,1.4,7.0,8.506666667,9.34,12.16666667,10.92666667,25.34333333,28.87,23.33666667,22.28,6.053333333,9.353333333,10.93333333,8.29,1.736666667,5.203333333,17.81666667,5.823333333,36.06,0.77,59.11,5.41,77.29,Teff
2560,brown,5.65,113.0,2.9,0.321097379,1.2,12.8,8.566666667,9.663333333,12.73666667,11.78,25.88333333,30.05666667,23.65,22.84666667,6.626666667,10.35,11.17333333,9.1,1.343333333,5.66,19.92,7.42,14.25,0.8,59.11,6.06,78.58,Teff
2561,brown,6.0,245.04,6.56,0.16,1.84,4.47,7.586666667,8.136666667,11.43,10.15,26.32666667,28.97,24.37666667,22.67333333,7.513333333,11.38333333,11.81,10.08666667,0.91,2.266666667,11.76666667,2.96,88.31,0.63,59.11,6.01,77.15,Teff
2562,black,6.77,744.0,4.0,0.16,1.5,8.0,7.586666667,8.136666667,11.43,10.15,26.32666667,28.97,24.37666667,22.67333333,7.513333333,11.38333333,11.81,10.08666667,0.91,2.266666667,11.76666667,2.96,88.31,0.63,59.11,6.01,77.15,Teff
2563,black,6.8,518.0,12.0,0.024284862,1.1,5.0,7.586666667,8.136666667,11.43,10.15,26.32666667,28.97,24.37666667,22.67333333,7.513333333,11.38333333,11.81,10.08666667,0.91,2.266666667,11.76666667,2.96,88.31,0.63,59.11,6.01,77.15,Teff
2564,brown,5.7,156.0,4.0,0.316,3.2,10.0,8.506666667,9.34,12.16666667,10.92666667,25.34333333,28.87,23.33666667,22.28,6.053333333,9.353333333,10.93333333,8.29,1.736666667,5.203333333,17.81666667,5.823333333,36.06,0.77,59.11,5.41,77.29,Teff
2565,black,6.1,225.54,2.84,0.1177,1.55,8.76,8.506666667,9.34,12.16666667,10.92666667,25.34333333,28.87,23.33666667,22.28,6.053333333,9.353333333,10.93333333,8.29,1.736666667,5.203333333,17.81666667,5.823333333,36.06,0.77,59.11,5.41,77.29,Teff
2566,brown,5.4,147.0,1.0,0.1144,1.0,10.0,7.586666667,8.136666667,11.43,10.15,26.32666667,28.97,24.37666667,22.67333333,7.513333333,11.38333333,11.81,10.08666667,0.91,2.266666667,11.76666667,2.96,88.31,0.63,59.11,6.01,77.15,Teff
2567,brown,5.47,266.0,7.0,0.16,3.5,14.0,7.586666667,8.136666667,11.43,10.15,26.32666667,28.97,24.37666667,22.67333333,7.513333333,11.38333333,11.81,10.08666667,0.91,2.266666667,11.76666667,2.96,88.31,0.63,59.11,6.01,77.15,Teff
2568,red,5.55,277.0,2.0,0.16,1.5,14.0,7.586666667,8.136666667,11.43,10.15,26.32666667,28.97,24.37666667,22.67333333,7.513333333,11.38333333,11.81,10.08666667,0.91,2.266666667,11.76666667,2.96,88.31,0.63,59.11,6.01,77.15,Teff
2569,black,7.4,522.0,3.0,0.043662318,1.0,5.0,7.586666667,8.136666667,11.43,10.15,26.32666667,28.97,24.37666667,22.67333333,7.513333333,11.38333333,11.81,10.08666667,0.91,2.266666667,11.76666667,2.96,88.31,0.63,59.11,6.01,77.15,Teff
2570,gray,6.8,474.0,5.0,0.024284862,1.3,6.0,7.586666667,8.136666667,11.43,10.15,26.32666667,28.97,24.37666667,22.67333333,7.513333333,11.38333333,11.81,10.08666667,0.91,2.266666667,11.76666667,2.96,88.31,0.63,59.11,6.01,77.15,Teff
2571,black,6.1,189.51,2.2,0.1177,2.21,7.61,8.506666667,9.34,12.16666667,10.92666667,25.34333333,28.87,23.33666667,22.28,6.053333333,9.353333333,10.93333333,8.29,1.736666667,5.203333333,17.81666667,5.823333333,36.06,0.77,59.11,5.41,77.29,Teff
2572,brown,7.7,330.0,2.0,0.0562,1.1,4.0,7.586666667,8.136666667,11.43,10.15,26.32666667,28.97,24.37666667,22.67333333,7.513333333,11.38333333,11.81,10.08666667,0.91,2.266666667,11.76666667,2.96,88.31,0.63,59.11,6.01,77.15,Teff
2573,brown,5.7,283.0,6.0,0.1165,1.3,7.0,7.586666667,8.136666667,11.43,10.15,26.32666667,28.97,24.37666667,22.67333333,7.513333333,11.38333333,11.81,10.08666667,0.91,2.266666667,11.76666667,2.96,88.31,0.63,59.11,6.01,77.15,Teff
2574,brown,5.1,156.0,1.0,0.1577,1.1,10.0,7.586666667,8.136666667,11.43,10.15,26.32666667,28.97,24.37666667,22.67333333,7.513333333,11.38333333,11.81,10.08666667,0.91,2.266666667,11.76666667,2.96,88.31,0.63,59.11,6.01,77.15,Teff
2575,brown,6.61,115.55,6.61,0.16,1.91,4.77,7.586666667,8.136666667,11.43,10.15,26.32666667,28.97,24.37666667,22.67333333,7.513333333,11.38333333,11.81,10.08666667,0.91,2.266666667,11.76666667,2.96,88.31,0.63,59.11,6.01,77.15,Teff
2576,brown,7.02,204.41,2.06,0.134622792,1.22,5.18,7.586666667,8.136666667,11.43,10.15,26.32666667,28.97,24.37666667,22.67333333,7.513333333,11.38333333,11.81,10.08666667,0.91,2.266666667,11.76666667,2.96,88.31,0.63,59.11,6.01,77.15,Teff
2577,black,6.8,1393.0,204.0,0.024284862,5.9,14.0,7.586666667,8.136666667,11.43,10.15,26.32666667,28.97,24.37666667,22.67333333,7.513333333,11.38333333,11.81,10.08666667,0.91,2.266666667,11.76666667,2.96,88.31,0.63,59.11,6.01,77.15,Teff
2578,black,7.4,507.0,1.0,0.043662318,1.2,7.0,7.586666667,8.136666667,11.43,10.15,26.32666667,28.97,24.37666667,22.67333333,7.513333333,11.38333333,11.81,10.08666667,0.91,2.266666667,11.76666667,2.96,88.31,0.63,59.11,6.01,77.15,Teff
2579,black,7.3,291.04,2.87,0.024873044,1.17,4.64,7.586666667,8.136666667,11.43,10.15,26.32666667,28.97,24.37666667,22.67333333,7.513333333,11.38333333,11.81,10.08666667,0.91,2.266666667,11.76666667,2.96,88.31,0.63,59.11,6.01,77.15,Teff
2580,gray,8.0,468.0,7.0,0.0678215,1.5,6.0,7.586666667,8.136666667,11.43,10.15,26.32666667,28.97,24.37666667,22.67333333,7.513333333,11.38333333,11.81,10.08666667,0.91,2.266666667,11.76666667,2.96,88.31,0.63,59.11,6.01,77.15,Teff
2581,brown,5.3,273.0,4.0,0.1107,1.0,11.0,7.586666667,8.136666667,11.43,10.15,26.32666667,28.97,24.37666667,22.67333333,7.513333333,11.38333333,11.81,10.08666667,0.91,2.266666667,11.76666667,2.96,88.31,0.63,59.11,6.01,77.15,Teff
2582,black,6.1,196.47,2.38,0.1177,1.7,3.71,8.506666667,9.34,12.16666667,10.92666667,25.34333333,28.87,23.33666667,22.28,6.053333333,9.353333333,10.93333333,8.29,1.736666667,5.203333333,17.81666667,5.823333333,36.06,0.77,59.11,5.41,77.29,Teff
2583,brown,5.8,465.0,6.0,0.250293402,2.5,8.0,8.506666667,9.34,12.16666667,10.92666667,25.34333333,28.87,23.33666667,22.28,6.053333333,9.353333333,10.93333333,8.29,1.736666667,5.203333333,17.81666667,5.823333333,36.06,0.77,59.11,5.41,77.29,Teff
2584,brown,7.4,307.0,6.0,0.043662318,1.4,9.0,7.586666667,8.136666667,11.43,10.15,26.32666667,28.97,24.37666667,22.67333333,7.513333333,11.38333333,11.81,10.08666667,0.91,2.266666667,11.76666667,2.96,88.31,0.63,59.11,6.01,77.15,Teff
2585,black,7.1,480.0,8.0,0.000261711,1.3,7.0,7.586666667,8.136666667,11.43,10.15,26.32666667,28.97,24.37666667,22.67333333,7.513333333,11.38333333,11.81,10.08666667,0.91,2.266666667,11.76666667,2.96,88.31,0.63,59.11,6.01,77.15,Teff
2586,brown,5.5,232.0,8.0,0.2138,1.7,6.0,7.586666667,8.136666667,11.43,10.15,26.32666667,28.97,24.37666667,22.67333333,7.513333333,11.38333333,11.81,10.08666667,0.91,2.266666667,11.76666667,2.96,88.31,0.63,59.11,6.01,77.15,Teff
2587,red,5.2,145.0,4.0,0.1233,1.2,12.0,8.506666667,9.34,12.16666667,10.92666667,25.34333333,28.87,23.33666667,22.28,6.053333333,9.353333333,10.93333333,8.29,1.736666667,5.203333333,17.81666667,5.823333333,36.06,0.77,59.11,5.41,77.29,Teff
2588,brown,5.52,154.0,3.0,0.2289,0.6,10.0,8.566666667,9.663333333,12.73666667,11.78,25.88333333,30.05666667,23.65,22.84666667,6.626666667,10.35,11.17333333,9.1,1.343333333,5.66,19.92,7.42,14.25,0.8,59.11,6.06,78.58,Teff
2589,black,5.8,304.0,1.0,0.250293402,1.1,8.0,8.506666667,9.34,12.16666667,10.92666667,25.34333333,28.87,23.33666667,22.28,6.053333333,9.353333333,10.93333333,8.29,1.736666667,5.203333333,17.81666667,5.823333333,36.06,0.77,59.11,5.41,77.29,Teff
2590,brown,6.1,337.0,2.0,0.1177,1.2,9.0,8.506666667,9.34,12.16666667,10.92666667,25.34333333,28.87,23.33666667,22.28,6.053333333,9.353333333,10.93333333,8.29,1.736666667,5.203333333,17.81666667,5.823333333,36.06,0.77,59.11,5.41,77.29,Teff
2591,gray,5.5,232.0,8.0,0.16,1.3,18.0,7.586666667,8.136666667,11.43,10.15,26.32666667,28.97,24.37666667,22.67333333,7.513333333,11.38333333,11.81,10.08666667,0.91,2.266666667,11.76666667,2.96,88.31,0.63,59.11,6.01,77.15,Teff
2592,black,6.9,425.0,4.0,0.134622792,1.6,9.0,7.586666667,8.136666667,11.43,10.15,26.32666667,28.97,24.37666667,22.67333333,7.513333333,11.38333333,11.81,10.08666667,0.91,2.266666667,11.76666667,2.96,88.31,0.63,59.11,6.01,77.15,Teff
2593,brown,7.6,185.26,2.85,0.025718072,1.52,4.09,7.586666667,8.136666667,11.43,10.15,26.32666667,28.97,24.37666667,22.67333333,7.513333333,11.38333333,11.81,10.08666667,0.91,2.266666667,11.76666667,2.96,88.31,0.63,59.11,6.01,77.15,Teff
2594,brown,7.1,690.0,63.0,0.000261711,2.7,8.0,7.586666667,8.136666667,11.43,10.15,26.32666667,28.97,24.37666667,22.67333333,7.513333333,11.38333333,11.81,10.08666667,0.91,2.266666667,11.76666667,2.96,88.31,0.63,59.11,6.01,77.15,Teff
2595,red,6.0,171.0,3.0,0.1394,1.5,6.0,7.586666667,8.136666667,11.43,10.15,26.32666667,28.97,24.37666667,22.67333333,7.513333333,11.38333333,11.81,10.08666667,0.91,2.266666667,11.76666667,2.96,88.31,0.63,59.11,6.01,77.15,Teff
2596,red,4.9,199.0,2.0,0.1825,1.1,19.0,7.586666667,8.136666667,11.43,10.15,26.32666667,28.97,24.37666667,22.67333333,7.513333333,11.38333333,11.81,10.08666667,0.91,2.266666667,11.76666667,2.96,88.31,0.63,59.11,6.01,77.15,Teff
2597,brown,6.4,272.0,2.0,0.1869,2.4,8.0,7.586666667,8.136666667,11.43,10.15,26.32666667,28.97,24.37666667,22.67333333,7.513333333,11.38333333,11.81,10.08666667,0.91,2.266666667,11.76666667,2.96,88.31,0.63,59.11,6.01,77.15,Teff
2598,red,5.2,288.0,2.0,0.1192,1.7,15.0,7.586666667,8.136666667,11.43,10.15,26.32666667,28.97,24.37666667,22.67333333,7.513333333,11.38333333,11.81,10.08666667,0.91,2.266666667,11.76666667,2.96,88.31,0.63,59.11,6.01,77.15,Teff
2599,black,5.8,220.0,3.0,0.250293402,1.1,5.0,8.506666667,9.34,12.16666667,10.92666667,25.34333333,28.87,23.33666667,22.28,6.053333333,9.353333333,10.93333333,8.29,1.736666667,5.203333333,17.81666667,5.823333333,36.06,0.77,59.11,5.41,77.29,Teff
2600,red,5.6,212.0,2.0,0.1494,1.4,10.0,7.586666667,8.136666667,11.43,10.15,26.32666667,28.97,24.37666667,22.67333333,7.513333333,11.38333333,11.81,10.08666667,0.91,2.266666667,11.76666667,2.96,88.31,0.63,59.11,6.01,77.15,Teff
2601,red,5.3,451.0,3.0,0.179,1.7,11.0,7.586666667,8.136666667,11.43,10.15,26.32666667,28.97,24.37666667,22.67333333,7.513333333,11.38333333,11.81,10.08666667,0.91,2.266666667,11.76666667,2.96,88.31,0.63,59.11,6.01,77.15,Teff
2602,red,5.4,277.0,3.0,0.1745,1.5,12.0,7.586666667,8.136666667,11.43,10.15,26.32666667,28.97,24.37666667,22.67333333,7.513333333,11.38333333,11.81,10.08666667,0.91,2.266666667,11.76666667,2.96,88.31,0.63,59.11,6.01,77.15,Teff
2603,red,5.2,208.0,3.0,0.1494,1.0,29.0,7.586666667,8.136666667,11.43,10.15,26.32666667,28.97,24.37666667,22.67333333,7.513333333,11.38333333,11.81,10.08666667,0.91,2.266666667,11.76666667,2.96,88.31,0.63,59.11,6.01,77.15,Teff
2604,other,5.65,114.0,1.0,0.1494,0.9,18.0,7.586666667,8.136666667,11.43,10.15,26.32666667,28.97,24.37666667,22.67333333,7.513333333,11.38333333,11.81,10.08666667,0.91,2.266666667,11.76666667,2.96,88.31,0.63,59.11,6.01,77.15,Teff
2605,brown,5.8,326.0,3.0,0.134622792,1.8,12.0,7.586666667,8.136666667,11.43,10.15,26.32666667,28.97,24.37666667,22.67333333,7.513333333,11.38333333,11.81,10.08666667,0.91,2.266666667,11.76666667,2.96,88.31,0.63,59.11,6.01,77.15,Teff
2606,brown,6.9,160.0,3.0,0.134622792,1.4,6.0,7.586666667,8.136666667,11.43,10.15,26.32666667,28.97,24.37666667,22.67333333,7.513333333,11.38333333,11.81,10.08666667,0.91,2.266666667,11.76666667,2.96,88.31,0.63,59.11,6.01,77.15,Teff
2607,brown,6.9,395.0,10.0,0.134622792,2.0,12.0,7.586666667,8.136666667,11.43,10.15,26.32666667,28.97,24.37666667,22.67333333,7.513333333,11.38333333,11.81,10.08666667,0.91,2.266666667,11.76666667,2.96,88.31,0.63,59.11,6.01,77.15,Teff
2608,red,5.5,206.0,3.0,0.1492,2.6,6.0,7.586666667,8.136666667,11.43,10.15,26.32666667,28.97,24.37666667,22.67333333,7.513333333,11.38333333,11.81,10.08666667,0.91,2.266666667,11.76666667,2.96,88.31,0.63,59.11,6.01,77.15,Teff
2609,red,5.5,198.0,1.0,0.1741,1.1,13.0,7.586666667,8.136666667,11.43,10.15,26.32666667,28.97,24.37666667,22.67333333,7.513333333,11.38333333,11.81,10.08666667,0.91,2.266666667,11.76666667,2.96,88.31,0.63,59.11,6.01,77.15,Teff
2610,red,5.0,207.0,1.0,0.1693,0.7,16.0,8.506666667,9.34,12.16666667,10.92666667,25.34333333,28.87,23.33666667,22.28,6.053333333,9.353333333,10.93333333,8.29,1.736666667,5.203333333,17.81666667,5.823333333,36.06,0.77,59.11,5.41,77.29,Teff
2611,brown,5.8,357.08,5.04,0.250293402,2.07,9.13,8.506666667,9.34,12.16666667,10.92666667,25.34333333,28.87,23.33666667,22.28,6.053333333,9.353333333,10.93333333,8.29,1.736666667,5.203333333,17.81666667,5.823333333,36.06,0.77,59.11,5.41,77.29,Teff
2612,red,4.8,253.0,2.0,0.186,2.2,20.0,7.586666667,8.136666667,11.43,10.15,26.32666667,28.97,24.37666667,22.67333333,7.513333333,11.38333333,11.81,10.08666667,0.91,2.266666667,11.76666667,2.96,88.31,0.63,59.11,6.01,77.15,Teff
2613,brown,5.49,305.0,4.0,0.1494,2.5,14.0,7.586666667,8.136666667,11.43,10.15,26.32666667,28.97,24.37666667,22.67333333,7.513333333,11.38333333,11.81,10.08666667,0.91,2.266666667,11.76666667,2.96,88.31,0.63,59.11,6.01,77.15,Teff
2614,brown,5.52,392.0,7.0,0.16,4.0,15.0,7.586666667,8.136666667,11.43,10.15,26.32666667,28.97,24.37666667,22.67333333,7.513333333,11.38333333,11.81,10.08666667,0.91,2.266666667,11.76666667,2.96,88.31,0.63,59.11,6.01,77.15,Teff
2615,brown,5.48,274.0,5.0,0.16,1.7,18.0,7.586666667,8.136666667,11.43,10.15,26.32666667,28.97,24.37666667,22.67333333,7.513333333,11.38333333,11.81,10.08666667,0.91,2.266666667,11.76666667,2.96,88.31,0.63,59.11,6.01,77.15,Teff
2616,brown,6.15,683.5,20.81,0.134622792,1.86,11.28,7.586666667,8.136666667,11.43,10.15,26.32666667,28.97,24.37666667,22.67333333,7.513333333,11.38333333,11.81,10.08666667,0.91,2.266666667,11.76666667,2.96,88.31,0.63,59.11,6.01,77.15,Teff
2617,black,6.9,268.0,3.0,0.134622792,1.9,8.0,7.586666667,8.136666667,11.43,10.15,26.32666667,28.97,24.37666667,22.67333333,7.513333333,11.38333333,11.81,10.08666667,0.91,2.266666667,11.76666667,2.96,88.31,0.63,59.11,6.01,77.15,Teff
2618,brown,5.3,307.0,5.0,0.1439,1.1,13.0,7.586666667,8.136666667,11.43,10.15,26.32666667,28.97,24.37666667,22.67333333,7.513333333,11.38333333,11.81,10.08666667,0.91,2.266666667,11.76666667,2.96,88.31,0.63,59.11,6.01,77.15,Teff
2619,other,5.2,285.0,18.0,0.2592,1.9,11.0,7.586666667,8.136666667,11.43,10.15,26.32666667,28.97,24.37666667,22.67333333,7.513333333,11.38333333,11.81,10.08666667,0.91,2.266666667,11.76666667,2.96,88.31,0.63,59.11,6.01,77.15,Teff
2620,red,5.2,219.0,4.0,0.1635,1.0,19.0,7.586666667,8.136666667,11.43,10.15,26.32666667,28.97,24.37666667,22.67333333,7.513333333,11.38333333,11.81,10.08666667,0.91,2.266666667,11.76666667,2.96,88.31,0.63,59.11,6.01,77.15,Teff
2621,red,6.2,284.0,3.0,0.1355,1.6,6.0,7.586666667,8.136666667,11.43,10.15,26.32666667,28.97,24.37666667,22.67333333,7.513333333,11.38333333,11.81,10.08666667,0.91,2.266666667,11.76666667,2.96,88.31,0.63,59.11,6.01,77.15,Teff
2622,red,5.7,361.0,2.0,0.0808,1.2,10.0,7.586666667,8.136666667,11.43,10.15,26.32666667,28.97,24.37666667,22.67333333,7.513333333,11.38333333,11.81,10.08666667,0.91,2.266666667,11.76666667,2.96,88.31,0.63,59.11,6.01,77.15,Teff
2623,black,5.8,186.0,3.0,0.250293402,1.2,6.0,8.506666667,9.34,12.16666667,10.92666667,25.34333333,28.87,23.33666667,22.28,6.053333333,9.353333333,10.93333333,8.29,1.736666667,5.203333333,17.81666667,5.823333333,36.06,0.77,59.11,5.41,77.29,Teff
2624,black,5.3,100.0,3.0,0.3007,2.9,10.0,7.586666667,8.136666667,11.43,10.15,26.32666667,28.97,24.37666667,22.67333333,7.513333333,11.38333333,11.81,10.08666667,0.91,2.266666667,11.76666667,2.96,88.31,0.63,59.11,6.01,77.15,Teff
2625,brown,5.8,179.0,5.0,0.250293402,1.3,9.0,8.506666667,9.34,12.16666667,10.92666667,25.34333333,28.87,23.33666667,22.28,6.053333333,9.353333333,10.93333333,8.29,1.736666667,5.203333333,17.81666667,5.823333333,36.06,0.77,59.11,5.41,77.29,Teff
2626,red,5.8,217.0,2.0,0.250293402,1.0,13.0,8.506666667,9.34,12.16666667,10.92666667,25.34333333,28.87,23.33666667,22.28,6.053333333,9.353333333,10.93333333,8.29,1.736666667,5.203333333,17.81666667,5.823333333,36.06,0.77,59.11,5.41,77.29,Teff
2627,red,5.4,69.0,16.0,0.1333,1.3,8.0,8.506666667,9.34,12.16666667,10.92666667,25.34333333,28.87,23.33666667,22.28,6.053333333,9.353333333,10.93333333,8.29,1.736666667,5.203333333,17.81666667,5.823333333,36.06,0.77,59.11,5.41,77.29,Teff
2628,brown,6.0,271.0,19.0,0.0969,0.6,7.0,8.506666667,9.34,12.16666667,10.92666667,25.34333333,28.87,23.33666667,22.28,6.053333333,9.353333333,10.93333333,8.29,1.736666667,5.203333333,17.81666667,5.823333333,36.06,0.77,59.11,5.41,77.29,Teff
2629,red,5.49,242.0,2.0,0.1494,1.9,18.0,7.586666667,8.136666667,11.43,10.15,26.32666667,28.97,24.37666667,22.67333333,7.513333333,11.38333333,11.81,10.08666667,0.91,2.266666667,11.76666667,2.96,88.31,0.63,59.11,6.01,77.15,Teff
2630,brown,5.37,266.0,4.0,0.16,1.8,17.0,7.586666667,8.136666667,11.43,10.15,26.32666667,28.97,24.37666667,22.67333333,7.513333333,11.38333333,11.81,10.08666667,0.91,2.266666667,11.76666667,2.96,88.31,0.63,59.11,6.01,77.15,Teff
2631,brown,5.95,239.0,10.0,0.134622792,1.5,9.0,7.586666667,8.136666667,11.43,10.15,26.32666667,28.97,24.37666667,22.67333333,7.513333333,11.38333333,11.81,10.08666667,0.91,2.266666667,11.76666667,2.96,88.31,0.63,59.11,6.01,77.15,Teff
2632,brown,5.8,259.0,2.0,0.195910715,2.8,9.0,7.586666667,8.136666667,11.43,10.15,26.32666667,28.97,24.37666667,22.67333333,7.513333333,11.38333333,11.81,10.08666667,0.91,2.266666667,11.76666667,2.96,88.31,0.63,59.11,6.01,77.15,Teff
2633,red,5.1,331.0,2.0,0.127,1.2,13.0,7.586666667,8.136666667,11.43,10.15,26.32666667,28.97,24.37666667,22.67333333,7.513333333,11.38333333,11.81,10.08666667,0.91,2.266666667,11.76666667,2.96,88.31,0.63,59.11,6.01,77.15,Teff
2634,brown,5.0,396.0,3.0,0.2262,1.8,14.0,7.586666667,8.136666667,11.43,10.15,26.32666667,28.97,24.37666667,22.67333333,7.513333333,11.38333333,11.81,10.08666667,0.91,2.266666667,11.76666667,2.96,88.31,0.63,59.11,6.01,77.15,Teff
2635,brown,5.8,251.0,1.0,0.250293402,1.4,7.0,8.506666667,9.34,12.16666667,10.92666667,25.34333333,28.87,23.33666667,22.28,6.053333333,9.353333333,10.93333333,8.29,1.736666667,5.203333333,17.81666667,5.823333333,36.06,0.77,59.11,5.41,77.29,Teff
2636,black,5.8,205.0,5.0,0.250293402,2.2,12.0,8.506666667,9.34,12.16666667,10.92666667,25.34333333,28.87,23.33666667,22.28,6.053333333,9.353333333,10.93333333,8.29,1.736666667,5.203333333,17.81666667,5.823333333,36.06,0.77,59.11,5.41,77.29,Teff
2637,red,4.9,303.0,3.0,0.161,1.8,19.0,8.506666667,9.34,12.16666667,10.92666667,25.34333333,28.87,23.33666667,22.28,6.053333333,9.353333333,10.93333333,8.29,1.736666667,5.203333333,17.81666667,5.823333333,36.06,0.77,59.11,5.41,77.29,Teff
2638,brown,5.4,178.0,2.0,0.1333,1.3,7.0,8.506666667,9.34,12.16666667,10.92666667,25.34333333,28.87,23.33666667,22.28,6.053333333,9.353333333,10.93333333,8.29,1.736666667,5.203333333,17.81666667,5.823333333,36.06,0.77,59.11,5.41,77.29,Teff
2639,red,5.1,433.0,5.0,0.1757,1.2,14.0,7.586666667,8.136666667,11.43,10.15,26.32666667,28.97,24.37666667,22.67333333,7.513333333,11.38333333,11.81,10.08666667,0.91,2.266666667,11.76666667,2.96,88.31,0.63,59.11,6.01,77.15,Teff
2640,brown,5.1,214.0,4.0,0.1426,1.0,17.0,7.586666667,8.136666667,11.43,10.15,26.32666667,28.97,24.37666667,22.67333333,7.513333333,11.38333333,11.81,10.08666667,0.91,2.266666667,11.76666667,2.96,88.31,0.63,59.11,6.01,77.15,Teff
2641,red,5.49,247.0,3.0,0.1494,1.1,11.0,7.586666667,8.136666667,11.43,10.15,26.32666667,28.97,24.37666667,22.67333333,7.513333333,11.38333333,11.81,10.08666667,0.91,2.266666667,11.76666667,2.96,88.31,0.63,59.11,6.01,77.15,Teff
2642,red,5.5,288.0,2.0,0.149,1.5,12.0,7.586666667,8.136666667,11.43,10.15,26.32666667,28.97,24.37666667,22.67333333,7.513333333,11.38333333,11.81,10.08666667,0.91,2.266666667,11.76666667,2.96,88.31,0.63,59.11,6.01,77.15,Teff
2643,red,5.3,433.0,2.0,0.1331,45.5,13.0,7.586666667,8.136666667,11.43,10.15,26.32666667,28.97,24.37666667,22.67333333,7.513333333,11.38333333,11.81,10.08666667,0.91,2.266666667,11.76666667,2.96,88.31,0.63,59.11,6.01,77.15,Teff
2644,brown,5.4,220.0,3.0,0.16,2.2,17.0,7.586666667,8.136666667,11.43,10.15,26.32666667,28.97,24.37666667,22.67333333,7.513333333,11.38333333,11.81,10.08666667,0.91,2.266666667,11.76666667,2.96,88.31,0.63,59.11,6.01,77.15,Teff
2645,brown,6.26,351.0,5.0,0.000261711,1.9,7.0,7.586666667,8.136666667,11.43,10.15,26.32666667,28.97,24.37666667,22.67333333,7.513333333,11.38333333,11.81,10.08666667,0.91,2.266666667,11.76666667,2.96,88.31,0.63,59.11,6.01,77.15,Teff
2646,brown,5.1,247.0,4.0,0.1192,2.1,13.0,7.586666667,8.136666667,11.43,10.15,26.32666667,28.97,24.37666667,22.67333333,7.513333333,11.38333333,11.81,10.08666667,0.91,2.266666667,11.76666667,2.96,88.31,0.63,59.11,6.01,77.15,Teff
2647,brown,5.1,306.0,3.0,0.1444,1.3,15.0,7.586666667,8.136666667,11.43,10.15,26.32666667,28.97,24.37666667,22.67333333,7.513333333,11.38333333,11.81,10.08666667,0.91,2.266666667,11.76666667,2.96,88.31,0.63,59.11,6.01,77.15,Teff
2648,brown,5.8,165.0,3.0,0.250293402,1.1,7.0,8.506666667,9.34,12.16666667,10.92666667,25.34333333,28.87,23.33666667,22.28,6.053333333,9.353333333,10.93333333,8.29,1.736666667,5.203333333,17.81666667,5.823333333,36.06,0.77,59.11,5.41,77.29,Teff
2649,black,5.8,215.0,1.0,0.250293402,1.7,5.0,8.506666667,9.34,12.16666667,10.92666667,25.34333333,28.87,23.33666667,22.28,6.053333333,9.353333333,10.93333333,8.29,1.736666667,5.203333333,17.81666667,5.823333333,36.06,0.77,59.11,5.41,77.29,Teff
2650,red,5.4,330.0,3.0,0.1732,0.9,11.0,8.566666667,9.663333333,12.73666667,11.78,25.88333333,30.05666667,23.65,22.84666667,6.626666667,10.35,11.17333333,9.1,1.343333333,5.66,19.92,7.42,14.25,0.8,59.11,6.06,78.58,Teff
2651,red,6.0,121.0,1.0,0.0969,0.7,13.0,8.506666667,9.34,12.16666667,10.92666667,25.34333333,28.87,23.33666667,22.28,6.053333333,9.353333333,10.93333333,8.29,1.736666667,5.203333333,17.81666667,5.823333333,36.06,0.77,59.11,5.41,77.29,Teff
2652,brown,5.9,262.0,3.0,0.1184,1.3,8.0,8.506666667,9.34,12.16666667,10.92666667,25.34333333,28.87,23.33666667,22.28,6.053333333,9.353333333,10.93333333,8.29,1.736666667,5.203333333,17.81666667,5.823333333,36.06,0.77,59.11,5.41,77.29,Teff
2653,other,5.81,195.0,2.0,0.16,1.0,21.0,8.566666667,9.663333333,12.73666667,11.78,25.88333333,30.05666667,23.65,22.84666667,6.626666667,10.35,11.17333333,9.1,1.343333333,5.66,19.92,7.42,14.25,0.8,59.11,6.06,78.58,Teff
2654,brown,5.1,260.0,3.0,0.1267,1.3,13.0,8.566666667,9.663333333,12.73666667,11.78,25.88333333,30.05666667,23.65,22.84666667,6.626666667,10.35,11.17333333,9.1,1.343333333,5.66,19.92,7.42,14.25,0.8,59.11,6.06,78.58,Teff
2655,brown,6.0,170.0,2.0,0.0969,1.6,4.0,8.506666667,9.34,12.16666667,10.92666667,25.34333333,28.87,23.33666667,22.28,6.053333333,9.353333333,10.93333333,8.29,1.736666667,5.203333333,17.81666667,5.823333333,36.06,0.77,59.11,5.41,77.29,Teff
2656,black,5.9,310.0,3.0,0.1601,1.6,9.0,8.566666667,9.663333333,12.73666667,11.78,25.88333333,30.05666667,23.65,22.84666667,6.626666667,10.35,11.17333333,9.1,1.343333333,5.66,19.92,7.42,14.25,0.8,59.11,6.06,78.58,Teff
2657,brown,5.3,443.0,6.0,0.225,1.9,13.0,8.566666667,9.663333333,12.73666667,11.78,25.88333333,30.05666667,23.65,22.84666667,6.626666667,10.35,11.17333333,9.1,1.343333333,5.66,19.92,7.42,14.25,0.8,59.11,6.06,78.58,Teff
2658,black,5.85,343.0,6.0,0.2289,1.8,7.0,8.506666667,9.34,12.16666667,10.92666667,25.34333333,28.87,23.33666667,22.28,6.053333333,9.353333333,10.93333333,8.29,1.736666667,5.203333333,17.81666667,5.823333333,36.06,0.77,59.11,5.41,77.29,Teff
2659,black,5.8,284.0,5.0,0.250293402,1.7,5.0,8.506666667,9.34,12.16666667,10.92666667,25.34333333,28.87,23.33666667,22.28,6.053333333,9.353333333,10.93333333,8.29,1.736666667,5.203333333,17.81666667,5.823333333,36.06,0.77,59.11,5.41,77.29,Teff
2660,red,5.1,359.0,7.0,0.1971,2.5,11.0,8.566666667,9.663333333,12.73666667,11.78,25.88333333,30.05666667,23.65,22.84666667,6.626666667,10.35,11.17333333,9.1,1.343333333,5.66,19.92,7.42,14.25,0.8,59.11,6.06,78.58,Teff
2661,red,6.0,78.0,15.0,0.0969,1.8,6.0,8.506666667,9.34,12.16666667,10.92666667,25.34333333,28.87,23.33666667,22.28,6.053333333,9.353333333,10.93333333,8.29,1.736666667,5.203333333,17.81666667,5.823333333,36.06,0.77,59.11,5.41,77.29,Teff
2662,brown,5.6,286.0,2.0,0.1055,1.0,8.0,7.586666667,8.136666667,11.43,10.15,26.32666667,28.97,24.37666667,22.67333333,7.513333333,11.38333333,11.81,10.08666667,0.91,2.266666667,11.76666667,2.96,88.31,0.63,59.11,6.01,77.15,Teff
2663,other,5.6,219.56,2.08,0.0808,1.63,10.86,7.586666667,8.136666667,11.43,10.15,26.32666667,28.97,24.37666667,22.67333333,7.513333333,11.38333333,11.81,10.08666667,0.91,2.266666667,11.76666667,2.96,88.31,0.63,59.11,6.01,77.15,Teff
2664,brown,4.7,175.0,4.0,0.1748,1.2,15.0,7.586666667,8.136666667,11.43,10.15,26.32666667,28.97,24.37666667,22.67333333,7.513333333,11.38333333,11.81,10.08666667,0.91,2.266666667,11.76666667,2.96,88.31,0.63,59.11,6.01,77.15,Teff
2665,brown,5.07,274.0,7.0,0.0808,1.8,20.0,7.586666667,8.136666667,11.43,10.15,26.32666667,28.97,24.37666667,22.67333333,7.513333333,11.38333333,11.81,10.08666667,0.91,2.266666667,11.76666667,2.96,88.31,0.63,59.11,6.01,77.15,Teff
2666,red,6.05,670.0,4.0,0.0808,2.1,17.0,7.586666667,8.136666667,11.43,10.15,26.32666667,28.97,24.37666667,22.67333333,7.513333333,11.38333333,11.81,10.08666667,0.91,2.266666667,11.76666667,2.96,88.31,0.63,59.11,6.01,77.15,Teff
2667,brown,5.81,154.42,17.17,0.16,1.47,7.96,7.586666667,8.136666667,11.43,10.15,26.32666667,28.97,24.37666667,22.67333333,7.513333333,11.38333333,11.81,10.08666667,0.91,2.266666667,11.76666667,2.96,88.31,0.63,59.11,6.01,77.15,Teff
2668,brown,5.5,512.0,5.0,0.1614,1.5,10.0,7.586666667,8.136666667,11.43,10.15,26.32666667,28.97,24.37666667,22.67333333,7.513333333,11.38333333,11.81,10.08666667,0.91,2.266666667,11.76666667,2.96,88.31,0.63,59.11,6.01,77.15,Teff
2669,brown,5.0,304.0,7.0,0.1501,1.2,12.0,7.586666667,8.136666667,11.43,10.15,26.32666667,28.97,24.37666667,22.67333333,7.513333333,11.38333333,11.81,10.08666667,0.91,2.266666667,11.76666667,2.96,88.31,0.63,59.11,6.01,77.15,Teff
2670,black,5.1,238.0,8.0,0.1971,2.7,13.0,7.586666667,8.136666667,11.43,10.15,26.32666667,28.97,24.37666667,22.67333333,7.513333333,11.38333333,11.81,10.08666667,0.91,2.266666667,11.76666667,2.96,88.31,0.63,59.11,6.01,77.15,Teff
2671,black,5.2,251.0,2.0,0.154,1.2,8.0,7.586666667,8.136666667,11.43,10.15,26.32666667,28.97,24.37666667,22.67333333,7.513333333,11.38333333,11.81,10.08666667,0.91,2.266666667,11.76666667,2.96,88.31,0.63,59.11,6.01,77.15,Teff
2672,red,4.9,320.0,5.0,0.1621,1.5,18.0,7.586666667,8.136666667,11.43,10.15,26.32666667,28.97,24.37666667,22.67333333,7.513333333,11.38333333,11.81,10.08666667,0.91,2.266666667,11.76666667,2.96,88.31,0.63,59.11,6.01,77.15,Teff
2673,black,5.85,278.0,1.0,0.2289,1.1,4.0,8.506666667,9.34,12.16666667,10.92666667,25.34333333,28.87,23.33666667,22.28,6.053333333,9.353333333,10.93333333,8.29,1.736666667,5.203333333,17.81666667,5.823333333,36.06,0.77,59.11,5.41,77.29,Teff
2674,black,5.85,285.0,2.0,0.2289,1.2,7.0,8.506666667,9.34,12.16666667,10.92666667,25.34333333,28.87,23.33666667,22.28,6.053333333,9.353333333,10.93333333,8.29,1.736666667,5.203333333,17.81666667,5.823333333,36.06,0.77,59.11,5.41,77.29,Teff
2675,other,6.0,109.0,15.0,0.0969,1.3,6.0,8.506666667,9.34,12.16666667,10.92666667,25.34333333,28.87,23.33666667,22.28,6.053333333,9.353333333,10.93333333,8.29,1.736666667,5.203333333,17.81666667,5.823333333,36.06,0.77,59.11,5.41,77.29,Teff
2676,black,6.0,102.0,4.0,0.0969,1.3,9.0,8.506666667,9.34,12.16666667,10.92666667,25.34333333,28.87,23.33666667,22.28,6.053333333,9.353333333,10.93333333,8.29,1.736666667,5.203333333,17.81666667,5.823333333,36.06,0.77,59.11,5.41,77.29,Teff
2677,black,6.0,164.0,3.0,0.0969,2.1,8.0,8.506666667,9.34,12.16666667,10.92666667,25.34333333,28.87,23.33666667,22.28,6.053333333,9.353333333,10.93333333,8.29,1.736666667,5.203333333,17.81666667,5.823333333,36.06,0.77,59.11,5.41,77.29,Teff
2678,red,5.91,333.0,5.0,0.0808,2.8,11.0,7.586666667,8.136666667,11.43,10.15,26.32666667,28.97,24.37666667,22.67333333,7.513333333,11.38333333,11.81,10.08666667,0.91,2.266666667,11.76666667,2.96,88.31,0.63,59.11,6.01,77.15,Teff
2679,brown,6.4,581.0,68.0,0.1209,3.4,8.0,7.586666667,8.136666667,11.43,10.15,26.32666667,28.97,24.37666667,22.67333333,7.513333333,11.38333333,11.81,10.08666667,0.91,2.266666667,11.76666667,2.96,88.31,0.63,59.11,6.01,77.15,Teff
2680,brown,4.9,293.0,7.0,0.1934,2.2,17.0,7.586666667,8.136666667,11.43,10.15,26.32666667,28.97,24.37666667,22.67333333,7.513333333,11.38333333,11.81,10.08666667,0.91,2.266666667,11.76666667,2.96,88.31,0.63,59.11,6.01,77.15,Teff
2681,brown,6.55,469.0,3.0,0.16,2.1,9.0,7.586666667,8.136666667,11.43,10.15,26.32666667,28.97,24.37666667,22.67333333,7.513333333,11.38333333,11.81,10.08666667,0.91,2.266666667,11.76666667,2.96,88.31,0.63,59.11,6.01,77.15,Teff
2682,brown,5.3,291.0,3.0,0.1462,1.2,10.0,7.586666667,8.136666667,11.43,10.15,26.32666667,28.97,24.37666667,22.67333333,7.513333333,11.38333333,11.81,10.08666667,0.91,2.266666667,11.76666667,2.96,88.31,0.63,59.11,6.01,77.15,Teff
2683,brown,5.2,236.0,4.0,0.1436,1.3,14.0,7.586666667,8.136666667,11.43,10.15,26.32666667,28.97,24.37666667,22.67333333,7.513333333,11.38333333,11.81,10.08666667,0.91,2.266666667,11.76666667,2.96,88.31,0.63,59.11,6.01,77.15,Teff
2684,black,5.3,281.0,5.0,0.1283,1.1,8.0,7.586666667,8.136666667,11.43,10.15,26.32666667,28.97,24.37666667,22.67333333,7.513333333,11.38333333,11.81,10.08666667,0.91,2.266666667,11.76666667,2.96,88.31,0.63,59.11,6.01,77.15,Teff
2685,other,5.4,225.0,5.0,0.1452,1.3,10.0,7.586666667,8.136666667,11.43,10.15,26.32666667,28.97,24.37666667,22.67333333,7.513333333,11.38333333,11.81,10.08666667,0.91,2.266666667,11.76666667,2.96,88.31,0.63,59.11,6.01,77.15,Teff
2686,brown,5.1,425.0,4.0,0.165,1.2,14.0,8.506666667,9.34,12.16666667,10.92666667,25.34333333,28.87,23.33666667,22.28,6.053333333,9.353333333,10.93333333,8.29,1.736666667,5.203333333,17.81666667,5.823333333,36.06,0.77,59.11,5.41,77.29,Teff
2687,black,6.74,548.0,7.0,0.2289,1.6,8.0,8.506666667,9.34,12.16666667,10.92666667,25.34333333,28.87,23.33666667,22.28,6.053333333,9.353333333,10.93333333,8.29,1.736666667,5.203333333,17.81666667,5.823333333,36.06,0.77,59.11,5.41,77.29,Teff
2688,black,6.0,192.0,2.0,0.0969,1.0,7.0,8.506666667,9.34,12.16666667,10.92666667,25.34333333,28.87,23.33666667,22.28,6.053333333,9.353333333,10.93333333,8.29,1.736666667,5.203333333,17.81666667,5.823333333,36.06,0.77,59.11,5.41,77.29,Teff
2689,red,5.91,304.0,1.0,0.0808,1.0,15.0,7.586666667,8.136666667,11.43,10.15,26.32666667,28.97,24.37666667,22.67333333,7.513333333,11.38333333,11.81,10.08666667,0.91,2.266666667,11.76666667,2.96,88.31,0.63,59.11,6.01,77.15,Teff
2690,red,6.47,1403.0,188.0,0.0808,5.1,22.0,7.586666667,8.136666667,11.43,10.15,26.32666667,28.97,24.37666667,22.67333333,7.513333333,11.38333333,11.81,10.08666667,0.91,2.266666667,11.76666667,2.96,88.31,0.63,59.11,6.01,77.15,Teff
2691,brown,5.4,315.0,4.0,0.1413,1.2,9.0,7.586666667,8.136666667,11.43,10.15,26.32666667,28.97,24.37666667,22.67333333,7.513333333,11.38333333,11.81,10.08666667,0.91,2.266666667,11.76666667,2.96,88.31,0.63,59.11,6.01,77.15,Teff
2692,brown,5.7,388.0,1.0,0.1187,0.8,6.0,7.586666667,8.136666667,11.43,10.15,26.32666667,28.97,24.37666667,22.67333333,7.513333333,11.38333333,11.81,10.08666667,0.91,2.266666667,11.76666667,2.96,88.31,0.63,59.11,6.01,77.15,Teff
2693,red,5.2,418.0,6.0,0.1623,1.6,13.0,7.586666667,8.136666667,11.43,10.15,26.32666667,28.97,24.37666667,22.67333333,7.513333333,11.38333333,11.81,10.08666667,0.91,2.266666667,11.76666667,2.96,88.31,0.63,59.11,6.01,77.15,Teff
2694,red,5.2,217.0,3.0,0.1562,0.9,17.0,7.586666667,8.136666667,11.43,10.15,26.32666667,28.97,24.37666667,22.67333333,7.513333333,11.38333333,11.81,10.08666667,0.91,2.266666667,11.76666667,2.96,88.31,0.63,59.11,6.01,77.15,Teff
2695,other,4.9,186.0,6.0,0.1517,1.3,16.0,7.586666667,8.136666667,11.43,10.15,26.32666667,28.97,24.37666667,22.67333333,7.513333333,11.38333333,11.81,10.08666667,0.91,2.266666667,11.76666667,2.96,88.31,0.63,59.11,6.01,77.15,Teff
2696,brown,5.8,659.0,12.0,0.1785,2.3,8.0,7.586666667,8.136666667,11.43,10.15,26.32666667,28.97,24.37666667,22.67333333,7.513333333,11.38333333,11.81,10.08666667,0.91,2.266666667,11.76666667,2.96,88.31,0.63,59.11,6.01,77.15,Teff
2697,brown,5.9,289.0,6.0,0.2289,2.9,9.0,8.506666667,9.34,12.16666667,10.92666667,25.34333333,28.87,23.33666667,22.28,6.053333333,9.353333333,10.93333333,8.29,1.736666667,5.203333333,17.81666667,5.823333333,36.06,0.77,59.11,5.41,77.29,Teff
2698,brown,6.0,319.74,2.82,0.0969,2.8,7.78,8.506666667,9.34,12.16666667,10.92666667,25.34333333,28.87,23.33666667,22.28,6.053333333,9.353333333,10.93333333,8.29,1.736666667,5.203333333,17.81666667,5.823333333,36.06,0.77,59.11,5.41,77.29,Teff
2699,brown,6.4,366.0,2.0,0.1209,1.7,8.0,8.506666667,9.34,12.16666667,10.92666667,25.34333333,28.87,23.33666667,22.28,6.053333333,9.353333333,10.93333333,8.29,1.736666667,5.203333333,17.81666667,5.823333333,36.06,0.77,59.11,5.41,77.29,Teff
2700,red,5.2,277.0,5.0,0.2005,0.9,22.0,7.586666667,8.136666667,11.43,10.15,26.32666667,28.97,24.37666667,22.67333333,7.513333333,11.38333333,11.81,10.08666667,0.91,2.266666667,11.76666667,2.96,88.31,0.63,59.11,6.01,77.15,Teff
2701,red,5.1,275.0,3.0,0.1696,1.2,17.0,7.586666667,8.136666667,11.43,10.15,26.32666667,28.97,24.37666667,22.67333333,7.513333333,11.38333333,11.81,10.08666667,0.91,2.266666667,11.76666667,2.96,88.31,0.63,59.11,6.01,77.15,Teff
2702,brown,5.87,182.23,3.43,0.0808,0.96,6.13,8.506666667,9.34,12.16666667,10.92666667,25.34333333,28.87,23.33666667,22.28,6.053333333,9.353333333,10.93333333,8.29,1.736666667,5.203333333,17.81666667,5.823333333,36.06,0.77,59.11,5.41,77.29,Teff
2703,brown,5.3,278.0,3.0,0.1591,1.3,14.0,7.586666667,8.136666667,11.43,10.15,26.32666667,28.97,24.37666667,22.67333333,7.513333333,11.38333333,11.81,10.08666667,0.91,2.266666667,11.76666667,2.96,88.31,0.63,59.11,6.01,77.15,Teff
2704,red,5.2,463.0,5.0,0.1963,1.6,17.0,7.586666667,8.136666667,11.43,10.15,26.32666667,28.97,24.37666667,22.67333333,7.513333333,11.38333333,11.81,10.08666667,0.91,2.266666667,11.76666667,2.96,88.31,0.63,59.11,6.01,77.15,Teff
2705,black,6.4,281.0,4.0,0.2157,1.0,6.0,7.586666667,8.136666667,11.43,10.15,26.32666667,28.97,24.37666667,22.67333333,7.513333333,11.38333333,11.81,10.08666667,0.91,2.266666667,11.76666667,2.96,88.31,0.63,59.11,6.01,77.15,Teff
2706,brown,5.91,269.0,2.0,0.2289,1.8,11.0,8.506666667,9.34,12.16666667,10.92666667,25.34333333,28.87,23.33666667,22.28,6.053333333,9.353333333,10.93333333,8.29,1.736666667,5.203333333,17.81666667,5.823333333,36.06,0.77,59.11,5.41,77.29,Teff
2707,brown,5.8,230.0,3.0,0.250293402,1.2,7.0,8.506666667,9.34,12.16666667,10.92666667,25.34333333,28.87,23.33666667,22.28,6.053333333,9.353333333,10.93333333,8.29,1.736666667,5.203333333,17.81666667,5.823333333,36.06,0.77,59.11,5.41,77.29,Teff
2708,black,5.8,447.0,11.0,0.250293402,2.0,8.0,8.506666667,9.34,12.16666667,10.92666667,25.34333333,28.87,23.33666667,22.28,6.053333333,9.353333333,10.93333333,8.29,1.736666667,5.203333333,17.81666667,5.823333333,36.06,0.77,59.11,5.41,77.29,Teff
2709,other,6.11,215.0,2.0,0.06566235,1.2,11.0,8.506666667,9.34,12.16666667,10.92666667,25.34333333,28.87,23.33666667,22.28,6.053333333,9.353333333,10.93333333,8.29,1.736666667,5.203333333,17.81666667,5.823333333,36.06,0.77,59.11,5.41,77.29,Teff
2710,brown,5.3,288.0,3.0,0.1425,1.1,12.0,7.586666667,8.136666667,11.43,10.15,26.32666667,28.97,24.37666667,22.67333333,7.513333333,11.38333333,11.81,10.08666667,0.91,2.266666667,11.76666667,2.96,88.31,0.63,59.11,6.01,77.15,Teff
2711,red,6.4,146.0,5.0,0.1209,0.6,6.0,8.506666667,9.34,12.16666667,10.92666667,25.34333333,28.87,23.33666667,22.28,6.053333333,9.353333333,10.93333333,8.29,1.736666667,5.203333333,17.81666667,5.823333333,36.06,0.77,59.11,5.41,77.29,Teff
2712,brown,6.9,259.0,10.0,0.0808,2.2,6.0,8.506666667,9.34,12.16666667,10.92666667,25.34333333,28.87,23.33666667,22.28,6.053333333,9.353333333,10.93333333,8.29,1.736666667,5.203333333,17.81666667,5.823333333,36.06,0.77,59.11,5.41,77.29,Teff
2713,red,6.11,279.0,1.0,0.0808,1.4,9.0,8.506666667,9.34,12.16666667,10.92666667,25.34333333,28.87,23.33666667,22.28,6.053333333,9.353333333,10.93333333,8.29,1.736666667,5.203333333,17.81666667,5.823333333,36.06,0.77,59.11,5.41,77.29,Teff
2714,red,5.3,190.0,3.0,0.1346,0.8,10.0,7.586666667,8.136666667,11.43,10.15,26.32666667,28.97,24.37666667,22.67333333,7.513333333,11.38333333,11.81,10.08666667,0.91,2.266666667,11.76666667,2.96,88.31,0.63,59.11,6.01,77.15,Teff
2715,brown,6.01,168.0,2.5,0.150630657,1.1,8.4,8.506666667,9.34,12.16666667,10.92666667,25.34333333,28.87,23.33666667,22.28,6.053333333,9.353333333,10.93333333,8.29,1.736666667,5.203333333,17.81666667,5.823333333,36.06,0.77,59.11,5.41,77.29,Teff
2716,red,5.4,387.0,6.0,0.1686,1.3,13.0,7.586666667,8.136666667,11.43,10.15,26.32666667,28.97,24.37666667,22.67333333,7.513333333,11.38333333,11.81,10.08666667,0.91,2.266666667,11.76666667,2.96,88.31,0.63,59.11,6.01,77.15,Teff
2717,brown,5.3,383.0,7.0,0.1678,1.7,12.0,7.586666667,8.136666667,11.43,10.15,26.32666667,28.97,24.37666667,22.67333333,7.513333333,11.38333333,11.81,10.08666667,0.91,2.266666667,11.76666667,2.96,88.31,0.63,59.11,6.01,77.15,Teff
2718,red,5.2,143.0,3.0,0.1411,0.7,13.0,7.586666667,8.136666667,11.43,10.15,26.32666667,28.97,24.37666667,22.67333333,7.513333333,11.38333333,11.81,10.08666667,0.91,2.266666667,11.76666667,2.96,88.31,0.63,59.11,6.01,77.15,Teff
2719,brown,6.01,170.0,0.05,0.150630657,1.1,7.7,8.506666667,9.34,12.16666667,10.92666667,25.34333333,28.87,23.33666667,22.28,6.053333333,9.353333333,10.93333333,8.29,1.736666667,5.203333333,17.81666667,5.823333333,36.06,0.77,59.11,5.41,77.29,Teff
2720,brown,6.01,238.0,0.9,0.150630657,1.4,9.1,8.506666667,9.34,12.16666667,10.92666667,25.34333333,28.87,23.33666667,22.28,6.053333333,9.353333333,10.93333333,8.29,1.736666667,5.203333333,17.81666667,5.823333333,36.06,0.77,59.11,5.41,77.29,Teff
2721,red,5.9,533.0,11.0,0.163,2.3,10.0,7.586666667,8.136666667,11.43,10.15,26.32666667,28.97,24.37666667,22.67333333,7.513333333,11.38333333,11.81,10.08666667,0.91,2.266666667,11.76666667,2.96,88.31,0.63,59.11,6.01,77.15,Teff
2722,red,5.97,203.0,2.0,0.0808,1.1,14.0,8.506666667,9.34,12.16666667,10.92666667,25.34333333,28.87,23.33666667,22.28,6.053333333,9.353333333,10.93333333,8.29,1.736666667,5.203333333,17.81666667,5.823333333,36.06,0.77,59.11,5.41,77.29,Teff
2723,brown,6.11,130.0,0.05,0.06566235,1.0,7.5,8.506666667,9.34,12.16666667,10.92666667,25.34333333,28.87,23.33666667,22.28,6.053333333,9.353333333,10.93333333,8.29,1.736666667,5.203333333,17.81666667,5.823333333,36.06,0.77,59.11,5.41,77.29,Teff
2724,brown,6.01,169.0,1.9,0.150630657,1.7,11.7,8.506666667,9.34,12.16666667,10.92666667,25.34333333,28.87,23.33666667,22.28,6.053333333,9.353333333,10.93333333,8.29,1.736666667,5.203333333,17.81666667,5.823333333,36.06,0.77,59.11,5.41,77.29,Teff
2725,brown,5.3,248.0,4.0,0.168,1.3,10.0,7.586666667,8.136666667,11.43,10.15,26.32666667,28.97,24.37666667,22.67333333,7.513333333,11.38333333,11.81,10.08666667,0.91,2.266666667,11.76666667,2.96,88.31,0.63,59.11,6.01,77.15,Teff
2726,brown,6.01,111.0,2.6,0.150630657,1.2,6.9,8.506666667,9.34,12.16666667,10.92666667,25.34333333,28.87,23.33666667,22.28,6.053333333,9.353333333,10.93333333,8.29,1.736666667,5.203333333,17.81666667,5.823333333,36.06,0.77,59.11,5.41,77.29,Teff
2727,red,5.4,501.0,6.0,0.1955,1.4,10.0,7.586666667,8.136666667,11.43,10.15,26.32666667,28.97,24.37666667,22.67333333,7.513333333,11.38333333,11.81,10.08666667,0.91,2.266666667,11.76666667,2.96,88.31,0.63,59.11,6.01,77.15,Teff
2728,brown,5.6,188.0,1.0,0.2289,1.1,12.0,8.506666667,9.34,12.16666667,10.92666667,25.34333333,28.87,23.33666667,22.28,6.053333333,9.353333333,10.93333333,8.29,1.736666667,5.203333333,17.81666667,5.823333333,36.06,0.77,59.11,5.41,77.29,Teff
2729,black,6.4,286.0,9.0,0.2054,2.4,6.0,7.586666667,8.136666667,11.43,10.15,26.32666667,28.97,24.37666667,22.67333333,7.513333333,11.38333333,11.81,10.08666667,0.91,2.266666667,11.76666667,2.96,88.31,0.63,59.11,6.01,77.15,Teff
2730,brown,6.37,79.0,4.7,0.111842553,0.7,5.0,8.506666667,9.34,12.16666667,10.92666667,25.34333333,28.87,23.33666667,22.28,6.053333333,9.353333333,10.93333333,8.29,1.736666667,5.203333333,17.81666667,5.823333333,36.06,0.77,59.11,5.41,77.29,Teff
2731,brown,5.85,106.0,3.0,0.2289,0.9,8.0,8.506666667,9.34,12.16666667,10.92666667,25.34333333,28.87,23.33666667,22.28,6.053333333,9.353333333,10.93333333,8.29,1.736666667,5.203333333,17.81666667,5.823333333,36.06,0.77,59.11,5.41,77.29,Teff
2732,other,6.01,123.0,2.0,0.150630657,1.4,7.0,8.506666667,9.34,12.16666667,10.92666667,25.34333333,28.87,23.33666667,22.28,6.053333333,9.353333333,10.93333333,8.29,1.736666667,5.203333333,17.81666667,5.823333333,36.06,0.77,59.11,5.41,77.29,Teff
2733,brown,6.01,108.0,1.0,0.150630657,1.6,5.8,8.506666667,9.34,12.16666667,10.92666667,25.34333333,28.87,23.33666667,22.28,6.053333333,9.353333333,10.93333333,8.29,1.736666667,5.203333333,17.81666667,5.823333333,36.06,0.77,59.11,5.41,77.29,Teff
2734,black,6.3,606.0,8.0,0.1788,2.2,8.0,8.506666667,9.34,12.16666667,10.92666667,25.34333333,28.87,23.33666667,22.28,6.053333333,9.353333333,10.93333333,8.29,1.736666667,5.203333333,17.81666667,5.823333333,36.06,0.77,59.11,5.41,77.29,Teff
2735,brown,5.9,259.0,5.4,0.1002,0.8,0.05,8.506666667,9.34,12.16666667,10.92666667,25.34333333,28.87,23.33666667,22.28,6.053333333,9.353333333,10.93333333,8.29,1.736666667,5.203333333,17.81666667,5.823333333,36.06,0.77,59.11,5.41,77.29,Teff
2736,red,5.2,202.0,4.0,0.1767,1.7,13.0,7.586666667,8.136666667,11.43,10.15,26.32666667,28.97,24.37666667,22.67333333,7.513333333,11.38333333,11.81,10.08666667,0.91,2.266666667,11.76666667,2.96,88.31,0.63,59.11,6.01,77.15,Teff
2737,brown,5.9,197.0,2.3,0.1002,0.9,8.1,8.506666667,9.34,12.16666667,10.92666667,25.34333333,28.87,23.33666667,22.28,6.053333333,9.353333333,10.93333333,8.29,1.736666667,5.203333333,17.81666667,5.823333333,36.06,0.77,59.11,5.41,77.29,Teff
2738,red,5.2,454.0,8.0,0.1953,1.7,10.0,7.586666667,8.136666667,11.43,10.15,26.32666667,28.97,24.37666667,22.67333333,7.513333333,11.38333333,11.81,10.08666667,0.91,2.266666667,11.76666667,2.96,88.31,0.63,59.11,6.01,77.15,Teff
2739,brown,6.37,88.0,5.1,0.111842553,0.9,5.0,8.506666667,9.34,12.16666667,10.92666667,25.34333333,28.87,23.33666667,22.28,6.053333333,9.353333333,10.93333333,8.29,1.736666667,5.203333333,17.81666667,5.823333333,36.06,0.77,59.11,5.41,77.29,Teff
2740,black,5.83,321.0,2.0,0.2289,1.5,6.0,8.566666667,9.663333333,12.73666667,11.78,25.88333333,30.05666667,23.65,22.84666667,6.626666667,10.35,11.17333333,9.1,1.343333333,5.66,19.92,7.42,14.25,0.8,59.11,6.06,78.58,Teff
2741,black,5.2,236.0,3.0,0.1944,1.0,8.0,7.586666667,8.136666667,11.43,10.15,26.32666667,28.97,24.37666667,22.67333333,7.513333333,11.38333333,11.81,10.08666667,0.91,2.266666667,11.76666667,2.96,88.31,0.63,59.11,6.01,77.15,Teff
2742,red,6.62,312.0,1.7,0.156888135,1.0,11.7,8.506666667,9.34,12.16666667,10.92666667,25.34333333,28.87,23.33666667,22.28,6.053333333,9.353333333,10.93333333,8.29,1.736666667,5.203333333,17.81666667,5.823333333,36.06,0.77,59.11,5.41,77.29,Teff
2743,brown,6.37,118.0,2.0,0.111842553,1.6,7.3,8.506666667,9.34,12.16666667,10.92666667,25.34333333,28.87,23.33666667,22.28,6.053333333,9.353333333,10.93333333,8.29,1.736666667,5.203333333,17.81666667,5.823333333,36.06,0.77,59.11,5.41,77.29,Teff
2744,red,5.4,329.0,12.0,0.1982,1.9,10.0,7.586666667,8.136666667,11.43,10.15,26.32666667,28.97,24.37666667,22.67333333,7.513333333,11.38333333,11.81,10.08666667,0.91,2.266666667,11.76666667,2.96,88.31,0.63,59.11,6.01,77.15,Teff
2745,brown,5.0,288.0,5.0,0.172,1.6,8.0,7.586666667,8.136666667,11.43,10.15,26.32666667,28.97,24.37666667,22.67333333,7.513333333,11.38333333,11.81,10.08666667,0.91,2.266666667,11.76666667,2.96,88.31,0.63,59.11,6.01,77.15,Teff
2746,black,4.8,173.0,4.0,0.2305,1.6,7.0,7.586666667,8.136666667,11.43,10.15,26.32666667,28.97,24.37666667,22.67333333,7.513333333,11.38333333,11.81,10.08666667,0.91,2.266666667,11.76666667,2.96,88.31,0.63,59.11,6.01,77.15,Teff
2747,black,6.8,267.0,1.0,0.0884,1.1,4.0,8.506666667,9.34,12.16666667,10.92666667,25.34333333,28.87,23.33666667,22.28,6.053333333,9.353333333,10.93333333,8.29,1.736666667,5.203333333,17.81666667,5.823333333,36.06,0.77,59.11,5.41,77.29,Teff
2748,brown,5.9,312.0,1.0,0.1002,1.3,4.0,8.506666667,9.34,12.16666667,10.92666667,25.34333333,28.87,23.33666667,22.28,6.053333333,9.353333333,10.93333333,8.29,1.736666667,5.203333333,17.81666667,5.823333333,36.06,0.77,59.11,5.41,77.29,Teff
2749,red,5.9,304.0,0.05,0.1002,1.2,5.5,8.506666667,9.34,12.16666667,10.92666667,25.34333333,28.87,23.33666667,22.28,6.053333333,9.353333333,10.93333333,8.29,1.736666667,5.203333333,17.81666667,5.823333333,36.06,0.77,59.11,5.41,77.29,Teff
2750,red,4.9,367.0,2.0,0.1771,1.2,12.0,7.586666667,8.136666667,11.43,10.15,26.32666667,28.97,24.37666667,22.67333333,7.513333333,11.38333333,11.81,10.08666667,0.91,2.266666667,11.76666667,2.96,88.31,0.63,59.11,6.01,77.15,Teff
2751,black,5.68,154.0,1.0,0.076819645,1.5,5.0,8.506666667,9.34,12.16666667,10.92666667,25.34333333,28.87,23.33666667,22.28,6.053333333,9.353333333,10.93333333,8.29,1.736666667,5.203333333,17.81666667,5.823333333,36.06,0.77,59.11,5.41,77.29,Teff
2752,brown,5.0,257.0,5.0,0.1696,1.3,10.0,7.586666667,8.136666667,11.43,10.15,26.32666667,28.97,24.37666667,22.67333333,7.513333333,11.38333333,11.81,10.08666667,0.91,2.266666667,11.76666667,2.96,88.31,0.63,59.11,6.01,77.15,Teff
2753,black,5.4,289.0,3.0,0.1224,1.4,7.0,7.586666667,8.136666667,11.43,10.15,26.32666667,28.97,24.37666667,22.67333333,7.513333333,11.38333333,11.81,10.08666667,0.91,2.266666667,11.76666667,2.96,88.31,0.63,59.11,6.01,77.15,Teff
2754,brown,5.68,100.0,0.05,0.076819645,1.6,2.9,8.506666667,9.34,12.16666667,10.92666667,25.34333333,28.87,23.33666667,22.28,6.053333333,9.353333333,10.93333333,8.29,1.736666667,5.203333333,17.81666667,5.823333333,36.06,0.77,59.11,5.41,77.29,Teff
2755,brown,4.9,305.0,6.0,0.2279,2.5,9.0,7.586666667,8.136666667,11.43,10.15,26.32666667,28.97,24.37666667,22.67333333,7.513333333,11.38333333,11.81,10.08666667,0.91,2.266666667,11.76666667,2.96,88.31,0.63,59.11,6.01,77.15,Teff
2756,black,5.7,469.0,7.0,0.1518,1.6,6.0,7.586666667,8.136666667,11.43,10.15,26.32666667,28.97,24.37666667,22.67333333,7.513333333,11.38333333,11.81,10.08666667,0.91,2.266666667,11.76666667,2.96,88.31,0.63,59.11,6.01,77.15,Teff
2757,red,5.4,269.0,5.0,0.3048,2.4,12.0,7.586666667,8.136666667,11.43,10.15,26.32666667,28.97,24.37666667,22.67333333,7.513333333,11.38333333,11.81,10.08666667,0.91,2.266666667,11.76666667,2.96,88.31,0.63,59.11,6.01,77.15,Teff
2758,red,6.62,398.0,0.7,0.156888135,2.0,5.1,8.506666667,9.34,12.16666667,10.92666667,25.34333333,28.87,23.33666667,22.28,6.053333333,9.353333333,10.93333333,8.29,1.736666667,5.203333333,17.81666667,5.823333333,36.06,0.77,59.11,5.41,77.29,Teff
2759,brown,6.5,230.0,3.0,0.0739,1.2,4.0,8.506666667,9.34,12.16666667,10.92666667,25.34333333,28.87,23.33666667,22.28,6.053333333,9.353333333,10.93333333,8.29,1.736666667,5.203333333,17.81666667,5.823333333,36.06,0.77,59.11,5.41,77.29,Teff
2760,brown,6.8,271.0,1.0,0.0817,1.3,5.0,8.506666667,9.34,12.16666667,10.92666667,25.34333333,28.87,23.33666667,22.28,6.053333333,9.353333333,10.93333333,8.29,1.736666667,5.203333333,17.81666667,5.823333333,36.06,0.77,59.11,5.41,77.29,Teff
2761,red,5.58,308.0,1.3,0.107446046,1.8,11.3,8.506666667,9.34,12.16666667,10.92666667,25.34333333,28.87,23.33666667,22.28,6.053333333,9.353333333,10.93333333,8.29,1.736666667,5.203333333,17.81666667,5.823333333,36.06,0.77,59.11,5.41,77.29,Teff
2762,red,6.62,244.0,1.4,0.156888135,1.5,7.1,8.506666667,9.34,12.16666667,10.92666667,25.34333333,28.87,23.33666667,22.28,6.053333333,9.353333333,10.93333333,8.29,1.736666667,5.203333333,17.81666667,5.823333333,36.06,0.77,59.11,5.41,77.29,Teff
2763,red,5.58,317.0,1.1,0.107446046,0.8,10.5,8.506666667,9.34,12.16666667,10.92666667,25.34333333,28.87,23.33666667,22.28,6.053333333,9.353333333,10.93333333,8.29,1.736666667,5.203333333,17.81666667,5.823333333,36.06,0.77,59.11,5.41,77.29,Teff
2764,red,5.58,205.0,1.2,0.107446046,1.2,10.0,8.506666667,9.34,12.16666667,10.92666667,25.34333333,28.87,23.33666667,22.28,6.053333333,9.353333333,10.93333333,8.29,1.736666667,5.203333333,17.81666667,5.823333333,36.06,0.77,59.11,5.41,77.29,Teff
2765,brown,5.5,310.0,5.0,0.1114,1.1,9.0,7.586666667,8.136666667,11.43,10.15,26.32666667,28.97,24.37666667,22.67333333,7.513333333,11.38333333,11.81,10.08666667,0.91,2.266666667,11.76666667,2.96,88.31,0.63,59.11,6.01,77.15,Teff
2766,black,5.4,216.0,6.0,0.2255,1.7,6.0,8.506666667,9.34,12.16666667,10.92666667,25.34333333,28.87,23.33666667,22.28,6.053333333,9.353333333,10.93333333,8.29,1.736666667,5.203333333,17.81666667,5.823333333,36.06,0.77,59.11,5.41,77.29,Teff
2767,brown,5.58,121.0,0.05,0.107446046,1.0,7.1,8.506666667,9.34,12.16666667,10.92666667,25.34333333,28.87,23.33666667,22.28,6.053333333,9.353333333,10.93333333,8.29,1.736666667,5.203333333,17.81666667,5.823333333,36.06,0.77,59.11,5.41,77.29,Teff
2768,red,4.9,252.0,2.0,0.1539,2.5,14.0,8.506666667,9.34,12.16666667,10.92666667,25.34333333,28.87,23.33666667,22.28,6.053333333,9.353333333,10.93333333,8.29,1.736666667,5.203333333,17.81666667,5.823333333,36.06,0.77,59.11,5.41,77.29,Teff
2769,red,5.58,110.0,3.0,0.107446046,0.8,7.4,8.506666667,9.34,12.16666667,10.92666667,25.34333333,28.87,23.33666667,22.28,6.053333333,9.353333333,10.93333333,8.29,1.736666667,5.203333333,17.81666667,5.823333333,36.06,0.77,59.11,5.41,77.29,Teff
2770,black,7.8,333.0,3.0,0.1083,1.4,4.0,8.506666667,9.34,12.16666667,10.92666667,25.34333333,28.87,23.33666667,22.28,6.053333333,9.353333333,10.93333333,8.29,1.736666667,5.203333333,17.81666667,5.823333333,36.06,0.77,59.11,5.41,77.29,Teff
2771,other,4.3,142.0,9.0,0.1997,2.3,14.0,7.586666667,8.136666667,11.43,10.15,26.32666667,28.97,24.37666667,22.67333333,7.513333333,11.38333333,11.81,10.08666667,0.91,2.266666667,11.76666667,2.96,88.31,0.63,59.11,6.01,77.15,Teff
2772,brown,7.75,84.0,2.5,0.097377506,1.4,0.05,8.506666667,9.34,12.16666667,10.92666667,25.34333333,28.87,23.33666667,22.28,6.053333333,9.353333333,10.93333333,8.29,1.736666667,5.203333333,17.81666667,5.823333333,36.06,0.77,59.11,5.41,77.29,Teff
2773,red,4.8,352.0,8.0,0.1793,1.2,16.0,7.586666667,8.136666667,11.43,10.15,26.32666667,28.97,24.37666667,22.67333333,7.513333333,11.38333333,11.81,10.08666667,0.91,2.266666667,11.76666667,2.96,88.31,0.63,59.11,6.01,77.15,Teff
2774,red,7.75,127.0,0.05,0.097377506,0.9,7.0,8.506666667,9.34,12.16666667,10.92666667,25.34333333,28.87,23.33666667,22.28,6.053333333,9.353333333,10.93333333,8.29,1.736666667,5.203333333,17.81666667,5.823333333,36.06,0.77,59.11,5.41,77.29,Teff
2775,other,6.8,238.0,5.0,0.0539,0.8,3.0,8.506666667,9.34,12.16666667,10.92666667,25.34333333,28.87,23.33666667,22.28,6.053333333,9.353333333,10.93333333,8.29,1.736666667,5.203333333,17.81666667,5.823333333,36.06,0.77,59.11,5.41,77.29,Teff
2776,brown,5.68,89.0,0.8,0.076819645,0.6,8.3,8.506666667,9.34,12.16666667,10.92666667,25.34333333,28.87,23.33666667,22.28,6.053333333,9.353333333,10.93333333,8.29,1.736666667,5.203333333,17.81666667,5.823333333,36.06,0.77,59.11,5.41,77.29,Teff
2777,red,5.34,182.0,2.0,0.2289,0.7,10.0,7.586666667,8.136666667,11.43,10.15,26.32666667,28.97,24.37666667,22.67333333,7.513333333,11.38333333,11.81,10.08666667,0.91,2.266666667,11.76666667,2.96,88.31,0.63,59.11,6.01,77.15,Teff
2778,black,6.4,370.0,3.0,0.0778,1.4,4.0,8.506666667,9.34,12.16666667,10.92666667,25.34333333,28.87,23.33666667,22.28,6.053333333,9.353333333,10.93333333,8.29,1.736666667,5.203333333,17.81666667,5.823333333,36.06,0.77,59.11,5.41,77.29,Teff
2779,black,6.4,508.0,3.0,0.069,0.9,4.0,8.506666667,9.34,12.16666667,10.92666667,25.34333333,28.87,23.33666667,22.28,6.053333333,9.353333333,10.93333333,8.29,1.736666667,5.203333333,17.81666667,5.823333333,36.06,0.77,59.11,5.41,77.29,Teff
2780,brown,7.0,359.0,7.0,0.0839,1.5,4.0,8.506666667,9.34,12.16666667,10.92666667,25.34333333,28.87,23.33666667,22.28,6.053333333,9.353333333,10.93333333,8.29,1.736666667,5.203333333,17.81666667,5.823333333,36.06,0.77,59.11,5.41,77.29,Teff
2781,brown,5.58,162.0,0.05,0.107446046,1.2,2.2,8.506666667,9.34,12.16666667,10.92666667,25.34333333,28.87,23.33666667,22.28,6.053333333,9.353333333,10.93333333,8.29,1.736666667,5.203333333,17.81666667,5.823333333,36.06,0.77,59.11,5.41,77.29,Teff
2782,black,5.68,175.0,1.6,0.076819645,1.5,3.9,8.506666667,9.34,12.16666667,10.92666667,25.34333333,28.87,23.33666667,22.28,6.053333333,9.353333333,10.93333333,8.29,1.736666667,5.203333333,17.81666667,5.823333333,36.06,0.77,59.11,5.41,77.29,Teff
2783,black,6.4,476.0,1.0,0.0693,1.2,3.0,8.506666667,9.34,12.16666667,10.92666667,25.34333333,28.87,23.33666667,22.28,6.053333333,9.353333333,10.93333333,8.29,1.736666667,5.203333333,17.81666667,5.823333333,36.06,0.77,59.11,5.41,77.29,Teff
2784,black,5.0,431.0,6.0,0.1752,1.8,12.0,8.506666667,9.34,12.16666667,10.92666667,25.34333333,28.87,23.33666667,22.28,6.053333333,9.353333333,10.93333333,8.29,1.736666667,5.203333333,17.81666667,5.823333333,36.06,0.77,59.11,5.41,77.29,Teff
2785,red,4.7,259.0,1.2,0.1801,1.6,12.4,8.506666667,9.34,12.16666667,10.92666667,25.34333333,28.87,23.33666667,22.28,6.053333333,9.353333333,10.93333333,8.29,1.736666667,5.203333333,17.81666667,5.823333333,36.06,0.77,59.11,5.41,77.29,Teff
2786,black,5.68,156.0,5.0,0.076819645,1.8,3.8,8.506666667,9.34,12.16666667,10.92666667,25.34333333,28.87,23.33666667,22.28,6.053333333,9.353333333,10.93333333,8.29,1.736666667,5.203333333,17.81666667,5.823333333,36.06,0.77,59.11,5.41,77.29,Teff
2787,black,6.3,514.0,1.0,0.0729,1.3,4.0,8.506666667,9.34,12.16666667,10.92666667,25.34333333,28.87,23.33666667,22.28,6.053333333,9.353333333,10.93333333,8.29,1.736666667,5.203333333,17.81666667,5.823333333,36.06,0.77,59.11,5.41,77.29,Teff
2788,brown,6.58,343.0,11.4,0.176364723,1.3,5.9,8.506666667,9.34,12.16666667,10.92666667,25.34333333,28.87,23.33666667,22.28,6.053333333,9.353333333,10.93333333,8.29,1.736666667,5.203333333,17.81666667,5.823333333,36.06,0.77,59.11,5.41,77.29,Teff
2789,brown,5.4,324.0,3.0,0.1162,1.2,5.0,7.586666667,8.136666667,11.43,10.15,26.32666667,28.97,24.37666667,22.67333333,7.513333333,11.38333333,11.81,10.08666667,0.91,2.266666667,11.76666667,2.96,88.31,0.63,59.11,6.01,77.15,Teff
2790,brown,6.3,331.0,1.0,0.1184,1.2,4.0,8.506666667,9.34,12.16666667,10.92666667,25.34333333,28.87,23.33666667,22.28,6.053333333,9.353333333,10.93333333,8.29,1.736666667,5.203333333,17.81666667,5.823333333,36.06,0.77,59.11,5.41,77.29,Teff
2791,other,6.8,260.0,7.0,0.1157,1.5,5.0,8.506666667,9.34,12.16666667,10.92666667,25.34333333,28.87,23.33666667,22.28,6.053333333,9.353333333,10.93333333,8.29,1.736666667,5.203333333,17.81666667,5.823333333,36.06,0.77,59.11,5.41,77.29,Teff
2792,brown,5.4,315.0,12.0,0.2177,0.9,8.0,8.506666667,9.34,12.16666667,10.92666667,25.34333333,28.87,23.33666667,22.28,6.053333333,9.353333333,10.93333333,8.29,1.736666667,5.203333333,17.81666667,5.823333333,36.06,0.77,59.11,5.41,77.29,Teff
2793,brown,5.1,413.0,5.0,0.2138,1.8,9.0,7.586666667,8.136666667,11.43,10.15,26.32666667,28.97,24.37666667,22.67333333,7.513333333,11.38333333,11.81,10.08666667,0.91,2.266666667,11.76666667,2.96,88.31,0.63,59.11,6.01,77.15,Teff
2794,brown,6.1,215.0,6.0,0.1779,0.8,4.0,8.506666667,9.34,12.16666667,10.92666667,25.34333333,28.87,23.33666667,22.28,6.053333333,9.353333333,10.93333333,8.29,1.736666667,5.203333333,17.81666667,5.823333333,36.06,0.77,59.11,5.41,77.29,Teff
2795,black,6.6,484.0,1.0,0.1417,1.3,6.0,8.506666667,9.34,12.16666667,10.92666667,25.34333333,28.87,23.33666667,22.28,6.053333333,9.353333333,10.93333333,8.29,1.736666667,5.203333333,17.81666667,5.823333333,36.06,0.77,59.11,5.41,77.29,Teff
2796,brown,4.7,102.0,1.5,0.1801,1.4,3.2,8.506666667,9.34,12.16666667,10.92666667,25.34333333,28.87,23.33666667,22.28,6.053333333,9.353333333,10.93333333,8.29,1.736666667,5.203333333,17.81666667,5.823333333,36.06,0.77,59.11,5.41,77.29,Teff
2797,red,6.1,113.0,2.7,0.1779,0.7,3.5,8.506666667,9.34,12.16666667,10.92666667,25.34333333,28.87,23.33666667,22.28,6.053333333,9.353333333,10.93333333,8.29,1.736666667,5.203333333,17.81666667,5.823333333,36.06,0.77,59.11,5.41,77.29,Teff
2798,brown,6.7,237.0,13.0,0.092,0.8,4.0,7.586666667,8.136666667,11.43,10.15,26.32666667,28.97,24.37666667,22.67333333,7.513333333,11.38333333,11.81,10.08666667,0.91,2.266666667,11.76666667,2.96,88.31,0.63,59.11,6.01,77.15,Teff
2799,brown,5.9,247.0,1.0,0.1711,0.8,7.0,8.506666667,9.34,12.16666667,10.92666667,25.34333333,28.87,23.33666667,22.28,6.053333333,9.353333333,10.93333333,8.29,1.736666667,5.203333333,17.81666667,5.823333333,36.06,0.77,59.11,5.41,77.29,Teff
2800,brown,6.5,181.0,16.0,0.0926,0.8,4.0,8.506666667,9.34,12.16666667,10.92666667,25.34333333,28.87,23.33666667,22.28,6.053333333,9.353333333,10.93333333,8.29,1.736666667,5.203333333,17.81666667,5.823333333,36.06,0.77,59.11,5.41,77.29,Teff
2801,black,6.6,466.0,12.0,0.1532,1.4,6.0,8.506666667,9.34,12.16666667,10.92666667,25.34333333,28.87,23.33666667,22.28,6.053333333,9.353333333,10.93333333,8.29,1.736666667,5.203333333,17.81666667,5.823333333,36.06,0.77,59.11,5.41,77.29,Teff
2802,brown,7.1,890.0,123.0,0.1523,3.7,7.0,8.506666667,9.34,12.16666667,10.92666667,25.34333333,28.87,23.33666667,22.28,6.053333333,9.353333333,10.93333333,8.29,1.736666667,5.203333333,17.81666667,5.823333333,36.06,0.77,59.11,5.41,77.29,Teff
2803,brown,6.3,96.0,3.0,0.109118423,0.6,9.3,8.506666667,9.34,12.16666667,10.92666667,25.34333333,28.87,23.33666667,22.28,6.053333333,9.353333333,10.93333333,8.29,1.736666667,5.203333333,17.81666667,5.823333333,36.06,0.77,59.11,5.41,77.29,Teff
2804,brown,6.7,258.0,12.0,0.1084,1.3,4.0,8.506666667,9.34,12.16666667,10.92666667,25.34333333,28.87,23.33666667,22.28,6.053333333,9.353333333,10.93333333,8.29,1.736666667,5.203333333,17.81666667,5.823333333,36.06,0.77,59.11,5.41,77.29,Teff
2805,brown,6.09,265.0,5.1,0.145157154,0.9,2.9,8.506666667,9.34,12.16666667,10.92666667,25.34333333,28.87,23.33666667,22.28,6.053333333,9.353333333,10.93333333,8.29,1.736666667,5.203333333,17.81666667,5.823333333,36.06,0.77,59.11,5.41,77.29,Teff
2806,black,6.1,331.0,2.5,0.1779,1.0,0.05,8.506666667,9.34,12.16666667,10.92666667,25.34333333,28.87,23.33666667,22.28,6.053333333,9.353333333,10.93333333,8.29,1.736666667,5.203333333,17.81666667,5.823333333,36.06,0.77,59.11,5.41,77.29,Teff
2807,brown,5.3,233.0,4.0,0.1666,1.7,9.0,8.506666667,9.34,12.16666667,10.92666667,25.34333333,28.87,23.33666667,22.28,6.053333333,9.353333333,10.93333333,8.29,1.736666667,5.203333333,17.81666667,5.823333333,36.06,0.77,59.11,5.41,77.29,Teff
2808,brown,6.3,139.0,2.0,0.109118423,1.0,5.2,8.506666667,9.34,12.16666667,10.92666667,25.34333333,28.87,23.33666667,22.28,6.053333333,9.353333333,10.93333333,8.29,1.736666667,5.203333333,17.81666667,5.823333333,36.06,0.77,59.11,5.41,77.29,Teff
2809,black,4.7,225.0,0.05,0.1801,1.3,0.05,8.506666667,9.34,12.16666667,10.92666667,25.34333333,28.87,23.33666667,22.28,6.053333333,9.353333333,10.93333333,8.29,1.736666667,5.203333333,17.81666667,5.823333333,36.06,0.77,59.11,5.41,77.29,Teff
2810,brown,6.76,166.0,1.9,0.106543564,0.6,3.0,8.506666667,9.34,12.16666667,10.92666667,25.34333333,28.87,23.33666667,22.28,6.053333333,9.353333333,10.93333333,8.29,1.736666667,5.203333333,17.81666667,5.823333333,36.06,0.77,59.11,5.41,77.29,Teff
2811,brown,6.3,212.0,3.7,0.109118423,1.2,2.2,8.506666667,9.34,12.16666667,10.92666667,25.34333333,28.87,23.33666667,22.28,6.053333333,9.353333333,10.93333333,8.29,1.736666667,5.203333333,17.81666667,5.823333333,36.06,0.77,59.11,5.41,77.29,Teff
2812,brown,6.3,231.0,9.0,0.109118423,1.6,2.7,8.506666667,9.34,12.16666667,10.92666667,25.34333333,28.87,23.33666667,22.28,6.053333333,9.353333333,10.93333333,8.29,1.736666667,5.203333333,17.81666667,5.823333333,36.06,0.77,59.11,5.41,77.29,Teff
2813,other,7.0,180.0,4.0,0.0932,0.6,3.0,8.506666667,9.34,12.16666667,10.92666667,25.34333333,28.87,23.33666667,22.28,6.053333333,9.353333333,10.93333333,8.29,1.736666667,5.203333333,17.81666667,5.823333333,36.06,0.77,59.11,5.41,77.29,Teff
2814,brown,6.3,286.0,8.8,0.109118423,1.4,4.7,8.506666667,9.34,12.16666667,10.92666667,25.34333333,28.87,23.33666667,22.28,6.053333333,9.353333333,10.93333333,8.29,1.736666667,5.203333333,17.81666667,5.823333333,36.06,0.77,59.11,5.41,77.29,Teff
2815,brown,5.84,160.0,2.8,0.150259886,1.0,5.8,8.506666667,9.34,12.16666667,10.92666667,25.34333333,28.87,23.33666667,22.28,6.053333333,9.353333333,10.93333333,8.29,1.736666667,5.203333333,17.81666667,5.823333333,36.06,0.77,59.11,5.41,77.29,Teff
2816,brown,5.3,185.0,3.0,0.1614,0.9,8.0,8.506666667,9.34,12.16666667,10.92666667,25.34333333,28.87,23.33666667,22.28,6.053333333,9.353333333,10.93333333,8.29,1.736666667,5.203333333,17.81666667,5.823333333,36.06,0.77,59.11,5.41,77.29,Teff
2817,brown,5.4,204.0,4.0,0.1661,0.9,12.0,8.506666667,9.34,12.16666667,10.92666667,25.34333333,28.87,23.33666667,22.28,6.053333333,9.353333333,10.93333333,8.29,1.736666667,5.203333333,17.81666667,5.823333333,36.06,0.77,59.11,5.41,77.29,Teff
2818,brown,5.4,150.0,5.0,0.162,1.0,7.0,8.506666667,9.34,12.16666667,10.92666667,25.34333333,28.87,23.33666667,22.28,6.053333333,9.353333333,10.93333333,8.29,1.736666667,5.203333333,17.81666667,5.823333333,36.06,0.77,59.11,5.41,77.29,Teff
2819,black,6.1,277.0,1.2,0.1779,1.4,2.2,8.506666667,9.34,12.16666667,10.92666667,25.34333333,28.87,23.33666667,22.28,6.053333333,9.353333333,10.93333333,8.29,1.736666667,5.203333333,17.81666667,5.823333333,36.06,0.77,59.11,5.41,77.29,Teff
2820,brown,6.1,80.0,7.8,0.1779,0.7,0.05,8.506666667,9.34,12.16666667,10.92666667,25.34333333,28.87,23.33666667,22.28,6.053333333,9.353333333,10.93333333,8.29,1.736666667,5.203333333,17.81666667,5.823333333,36.06,0.77,59.11,5.41,77.29,Teff
2821,black,6.7,373.0,8.0,0.1532,2.0,5.0,8.506666667,9.34,12.16666667,10.92666667,25.34333333,28.87,23.33666667,22.28,6.053333333,9.353333333,10.93333333,8.29,1.736666667,5.203333333,17.81666667,5.823333333,36.06,0.77,59.11,5.41,77.29,Teff
2822,red,5.33,99.0,2.2,0.143733567,1.5,14.9,8.506666667,9.34,12.16666667,10.92666667,25.34333333,28.87,23.33666667,22.28,6.053333333,9.353333333,10.93333333,8.29,1.736666667,5.203333333,17.81666667,5.823333333,36.06,0.77,59.11,5.41,77.29,Teff
2823,brown,4.7,145.0,8.0,0.2127,1.3,14.0,8.506666667,9.34,12.16666667,10.92666667,25.34333333,28.87,23.33666667,22.28,6.053333333,9.353333333,10.93333333,8.29,1.736666667,5.203333333,17.81666667,5.823333333,36.06,0.77,59.11,5.41,77.29,Teff
2824,brown,5.4,102.0,2.0,0.1607,0.7,8.0,8.506666667,9.34,12.16666667,10.92666667,25.34333333,28.87,23.33666667,22.28,6.053333333,9.353333333,10.93333333,8.29,1.736666667,5.203333333,17.81666667,5.823333333,36.06,0.77,59.11,5.41,77.29,Teff
2825,brown,5.4,81.0,2.0,0.1451,0.8,7.0,8.506666667,9.34,12.16666667,10.92666667,25.34333333,28.87,23.33666667,22.28,6.053333333,9.353333333,10.93333333,8.29,1.736666667,5.203333333,17.81666667,5.823333333,36.06,0.77,59.11,5.41,77.29,Teff
2826,brown,6.3,126.0,0.05,0.1071,0.8,6.2,8.506666667,9.34,12.16666667,10.92666667,25.34333333,28.87,23.33666667,22.28,6.053333333,9.353333333,10.93333333,8.29,1.736666667,5.203333333,17.81666667,5.823333333,36.06,0.77,59.11,5.41,77.29,Teff
2827,brown,6.06,207.0,1.1,0.083567161,1.1,7.3,8.506666667,9.34,12.16666667,10.92666667,25.34333333,28.87,23.33666667,22.28,6.053333333,9.353333333,10.93333333,8.29,1.736666667,5.203333333,17.81666667,5.823333333,36.06,0.77,59.11,5.41,77.29,Teff
2828,black,6.3,200.0,0.05,0.1071,0.6,4.4,8.506666667,9.34,12.16666667,10.92666667,25.34333333,28.87,23.33666667,22.28,6.053333333,9.353333333,10.93333333,8.29,1.736666667,5.203333333,17.81666667,5.823333333,36.06,0.77,59.11,5.41,77.29,Teff
2829,brown,5.5,182.0,1.2,0.0827,1.1,6.3,8.506666667,9.34,12.16666667,10.92666667,25.34333333,28.87,23.33666667,22.28,6.053333333,9.353333333,10.93333333,8.29,1.736666667,5.203333333,17.81666667,5.823333333,36.06,0.77,59.11,5.41,77.29,Teff
2830,brown,5.5,149.0,3.0,0.1267,1.1,8.0,8.506666667,9.34,12.16666667,10.92666667,25.34333333,28.87,23.33666667,22.28,6.053333333,9.353333333,10.93333333,8.29,1.736666667,5.203333333,17.81666667,5.823333333,36.06,0.77,59.11,5.41,77.29,Teff
2831,brown,6.06,155.0,0.05,0.083567161,1.0,4.9,8.506666667,9.34,12.16666667,10.92666667,25.34333333,28.87,23.33666667,22.28,6.053333333,9.353333333,10.93333333,8.29,1.736666667,5.203333333,17.81666667,5.823333333,36.06,0.77,59.11,5.41,77.29,Teff
2832,brown,5.4,165.0,1.0,0.1554,0.7,11.0,8.506666667,9.34,12.16666667,10.92666667,25.34333333,28.87,23.33666667,22.28,6.053333333,9.353333333,10.93333333,8.29,1.736666667,5.203333333,17.81666667,5.823333333,36.06,0.77,59.11,5.41,77.29,Teff
2833,red,5.6,206.0,1.0,0.2126,0.5,10.0,8.506666667,9.34,12.16666667,10.92666667,25.34333333,28.87,23.33666667,22.28,6.053333333,9.353333333,10.93333333,8.29,1.736666667,5.203333333,17.81666667,5.823333333,36.06,0.77,59.11,5.41,77.29,Teff
2834,brown,6.59,194.0,1.8,0.064071857,1.5,10.2,8.506666667,9.34,12.16666667,10.92666667,25.34333333,28.87,23.33666667,22.28,6.053333333,9.353333333,10.93333333,8.29,1.736666667,5.203333333,17.81666667,5.823333333,36.06,0.77,59.11,5.41,77.29,Teff
2835,black,6.3,400.0,1.0,0.1071,0.9,4.0,8.506666667,9.34,12.16666667,10.92666667,25.34333333,28.87,23.33666667,22.28,6.053333333,9.353333333,10.93333333,8.29,1.736666667,5.203333333,17.81666667,5.823333333,36.06,0.77,59.11,5.41,77.29,Teff
2836,brown,6.59,262.0,0.05,0.064071857,0.8,0.05,8.506666667,9.34,12.16666667,10.92666667,25.34333333,28.87,23.33666667,22.28,6.053333333,9.353333333,10.93333333,8.29,1.736666667,5.203333333,17.81666667,5.823333333,36.06,0.77,59.11,5.41,77.29,Teff
2837,brown,6.06,163.0,2.9,0.083567161,1.3,5.5,8.506666667,9.34,12.16666667,10.92666667,25.34333333,28.87,23.33666667,22.28,6.053333333,9.353333333,10.93333333,8.29,1.736666667,5.203333333,17.81666667,5.823333333,36.06,0.77,59.11,5.41,77.29,Teff
2838,brown,6.06,241.0,2.6,0.083567161,1.2,4.7,8.506666667,9.34,12.16666667,10.92666667,25.34333333,28.87,23.33666667,22.28,6.053333333,9.353333333,10.93333333,8.29,1.736666667,5.203333333,17.81666667,5.823333333,36.06,0.77,59.11,5.41,77.29,Teff
2839,brown,5.5,121.0,2.0,0.0827,0.8,8.0,8.506666667,9.34,12.16666667,10.92666667,25.34333333,28.87,23.33666667,22.28,6.053333333,9.353333333,10.93333333,8.29,1.736666667,5.203333333,17.81666667,5.823333333,36.06,0.77,59.11,5.41,77.29,Teff
2840,red,5.1,137.0,3.0,0.1777,0.7,11.0,8.506666667,9.34,12.16666667,10.92666667,25.34333333,28.87,23.33666667,22.28,6.053333333,9.353333333,10.93333333,8.29,1.736666667,5.203333333,17.81666667,5.823333333,36.06,0.77,59.11,5.41,77.29,Teff
2841,brown,5.5,222.0,1.0,0.0827,1.0,3.9,8.506666667,9.34,12.16666667,10.92666667,25.34333333,28.87,23.33666667,22.28,6.053333333,9.353333333,10.93333333,8.29,1.736666667,5.203333333,17.81666667,5.823333333,36.06,0.77,59.11,5.41,77.29,Teff
2842,brown,5.5,255.0,2.0,0.1158,1.5,8.0,8.506666667,9.34,12.16666667,10.92666667,25.34333333,28.87,23.33666667,22.28,6.053333333,9.353333333,10.93333333,8.29,1.736666667,5.203333333,17.81666667,5.823333333,36.06,0.77,59.11,5.41,77.29,Teff
2843,brown,5.5,207.0,2.0,0.1818,1.6,8.0,8.506666667,9.34,12.16666667,10.92666667,25.34333333,28.87,23.33666667,22.28,6.053333333,9.353333333,10.93333333,8.29,1.736666667,5.203333333,17.81666667,5.823333333,36.06,0.77,59.11,5.41,77.29,Teff
2844,brown,6.0,185.0,2.0,0.1129,1.5,5.0,8.506666667,9.34,12.16666667,10.92666667,25.34333333,28.87,23.33666667,22.28,6.053333333,9.353333333,10.93333333,8.29,1.736666667,5.203333333,17.81666667,5.823333333,36.06,0.77,59.11,5.41,77.29,Teff
2845,black,6.06,331.0,1.6,0.083567161,0.9,10.9,8.506666667,9.34,12.16666667,10.92666667,25.34333333,28.87,23.33666667,22.28,6.053333333,9.353333333,10.93333333,8.29,1.736666667,5.203333333,17.81666667,5.823333333,36.06,0.77,59.11,5.41,77.29,Teff
2846,brown,5.6,271.0,3.0,0.2334,3.7,12.0,8.506666667,9.34,12.16666667,10.92666667,25.34333333,28.87,23.33666667,22.28,6.053333333,9.353333333,10.93333333,8.29,1.736666667,5.203333333,17.81666667,5.823333333,36.06,0.77,59.11,5.41,77.29,Teff
2847,brown,5.7,209.0,2.0,0.1721,0.7,7.0,8.506666667,9.34,12.16666667,10.92666667,25.34333333,28.87,23.33666667,22.28,6.053333333,9.353333333,10.93333333,8.29,1.736666667,5.203333333,17.81666667,5.823333333,36.06,0.77,59.11,5.41,77.29,Teff
2848,brown,5.0,137.0,2.0,0.239,1.4,14.0,8.506666667,9.34,12.16666667,10.92666667,25.34333333,28.87,23.33666667,22.28,6.053333333,9.353333333,10.93333333,8.29,1.736666667,5.203333333,17.81666667,5.823333333,36.06,0.77,59.11,5.41,77.29,Teff
2849,brown,5.9,193.0,1.0,0.1724,1.2,7.0,8.506666667,9.34,12.16666667,10.92666667,25.34333333,28.87,23.33666667,22.28,6.053333333,9.353333333,10.93333333,8.29,1.736666667,5.203333333,17.81666667,5.823333333,36.06,0.77,59.11,5.41,77.29,Teff
2850,red,5.1,141.0,5.0,0.2358,1.1,12.0,8.506666667,9.34,12.16666667,10.92666667,25.34333333,28.87,23.33666667,22.28,6.053333333,9.353333333,10.93333333,8.29,1.736666667,5.203333333,17.81666667,5.823333333,36.06,0.77,59.11,5.41,77.29,Teff
2851,brown,5.0,175.0,3.0,0.2324,1.2,15.0,8.506666667,9.34,12.16666667,10.92666667,25.34333333,28.87,23.33666667,22.28,6.053333333,9.353333333,10.93333333,8.29,1.736666667,5.203333333,17.81666667,5.823333333,36.06,0.77,59.11,5.41,77.29,Teff
2852,red,5.71,456.0,2.3,0.087606518,1.0,3.4,8.506666667,9.34,12.16666667,10.92666667,25.34333333,28.87,23.33666667,22.28,6.053333333,9.353333333,10.93333333,8.29,1.736666667,5.203333333,17.81666667,5.823333333,36.06,0.77,59.11,5.41,77.29,Teff
2853,black,6.4,299.0,2.0,0.168,1.0,5.0,8.506666667,9.34,12.16666667,10.92666667,25.34333333,28.87,23.33666667,22.28,6.053333333,9.353333333,10.93333333,8.29,1.736666667,5.203333333,17.81666667,5.823333333,36.06,0.77,59.11,5.41,77.29,Teff
2854,red,6.15,228.0,1.1,0.079226038,1.0,4.9,8.506666667,9.34,12.16666667,10.92666667,25.34333333,28.87,23.33666667,22.28,6.053333333,9.353333333,10.93333333,8.29,1.736666667,5.203333333,17.81666667,5.823333333,36.06,0.77,59.11,5.41,77.29,Teff
2855,red,5.4,218.0,1.0,0.1972,1.1,9.0,8.506666667,9.34,12.16666667,10.92666667,25.34333333,28.87,23.33666667,22.28,6.053333333,9.353333333,10.93333333,8.29,1.736666667,5.203333333,17.81666667,5.823333333,36.06,0.77,59.11,5.41,77.29,Teff
2856,brown,6.7,300.0,38.9,0.0991,1.9,3.9,8.506666667,9.34,12.16666667,10.92666667,25.34333333,28.87,23.33666667,22.28,6.053333333,9.353333333,10.93333333,8.29,1.736666667,5.203333333,17.81666667,5.823333333,36.06,0.77,59.11,5.41,77.29,Teff
2857,brown,6.7,154.0,2.0,0.0991,1.1,4.0,8.506666667,9.34,12.16666667,10.92666667,25.34333333,28.87,23.33666667,22.28,6.053333333,9.353333333,10.93333333,8.29,1.736666667,5.203333333,17.81666667,5.823333333,36.06,0.77,59.11,5.41,77.29,Teff
2858,black,6.06,251.0,0.05,0.083567161,0.9,6.3,8.506666667,9.34,12.16666667,10.92666667,25.34333333,28.87,23.33666667,22.28,6.053333333,9.353333333,10.93333333,8.29,1.736666667,5.203333333,17.81666667,5.823333333,36.06,0.77,59.11,5.41,77.29,Teff
2859,black,6.06,251.0,1.1,0.083567161,0.9,2.8,8.506666667,9.34,12.16666667,10.92666667,25.34333333,28.87,23.33666667,22.28,6.053333333,9.353333333,10.93333333,8.29,1.736666667,5.203333333,17.81666667,5.823333333,36.06,0.77,59.11,5.41,77.29,Teff
2860,red,5.2,212.0,2.0,0.1954,0.8,9.0,8.506666667,9.34,12.16666667,10.92666667,25.34333333,28.87,23.33666667,22.28,6.053333333,9.353333333,10.93333333,8.29,1.736666667,5.203333333,17.81666667,5.823333333,36.06,0.77,59.11,5.41,77.29,Teff
2861,brown,6.06,271.0,1.1,0.083567161,1.0,8.9,8.506666667,9.34,12.16666667,10.92666667,25.34333333,28.87,23.33666667,22.28,6.053333333,9.353333333,10.93333333,8.29,1.736666667,5.203333333,17.81666667,5.823333333,36.06,0.77,59.11,5.41,77.29,Teff
2862,brown,5.6,117.0,1.0,0.2122,1.6,7.0,8.506666667,9.34,12.16666667,10.92666667,25.34333333,28.87,23.33666667,22.28,6.053333333,9.353333333,10.93333333,8.29,1.736666667,5.203333333,17.81666667,5.823333333,36.06,0.77,59.11,5.41,77.29,Teff
2863,brown,5.71,274.0,0.05,0.087606518,0.9,7.3,8.506666667,9.34,12.16666667,10.92666667,25.34333333,28.87,23.33666667,22.28,6.053333333,9.353333333,10.93333333,8.29,1.736666667,5.203333333,17.81666667,5.823333333,36.06,0.77,59.11,5.41,77.29,Teff
2864,black,6.15,182.0,2.0,0.079226038,0.8,6.2,8.506666667,9.34,12.16666667,10.92666667,25.34333333,28.87,23.33666667,22.28,6.053333333,9.353333333,10.93333333,8.29,1.736666667,5.203333333,17.81666667,5.823333333,36.06,0.77,59.11,5.41,77.29,Teff
2865,brown,6.46,84.0,4.6,0.103963704,0.7,4.5,8.506666667,9.34,12.16666667,10.92666667,25.34333333,28.87,23.33666667,22.28,6.053333333,9.353333333,10.93333333,8.29,1.736666667,5.203333333,17.81666667,5.823333333,36.06,0.77,59.11,5.41,77.29,Teff
2866,brown,5.5,298.0,8.0,0.1901,1.4,8.0,8.506666667,9.34,12.16666667,10.92666667,25.34333333,28.87,23.33666667,22.28,6.053333333,9.353333333,10.93333333,8.29,1.736666667,5.203333333,17.81666667,5.823333333,36.06,0.77,59.11,5.41,77.29,Teff
2867,brown,5.5,216.0,12.0,0.1663,0.6,6.0,8.506666667,9.34,12.16666667,10.92666667,25.34333333,28.87,23.33666667,22.28,6.053333333,9.353333333,10.93333333,8.29,1.736666667,5.203333333,17.81666667,5.823333333,36.06,0.77,59.11,5.41,77.29,Teff
2868,brown,6.46,298.0,1.1,0.103963704,1.7,5.1,8.506666667,9.34,12.16666667,10.92666667,25.34333333,28.87,23.33666667,22.28,6.053333333,9.353333333,10.93333333,8.29,1.736666667,5.203333333,17.81666667,5.823333333,36.06,0.77,59.11,5.41,77.29,Teff
2869,red,5.3,216.0,2.0,0.2017,0.6,13.0,8.566666667,9.663333333,12.73666667,11.78,25.88333333,30.05666667,23.65,22.84666667,6.626666667,10.35,11.17333333,9.1,1.343333333,5.66,19.92,7.42,14.25,0.8,59.11,6.06,78.58,Teff
2870,black,6.3,278.0,2.0,0.1351,1.0,4.0,8.506666667,9.34,12.16666667,10.92666667,25.34333333,28.87,23.33666667,22.28,6.053333333,9.353333333,10.93333333,8.29,1.736666667,5.203333333,17.81666667,5.823333333,36.06,0.77,59.11,5.41,77.29,Teff
2871,brown,6.06,282.0,2.0,0.083567161,1.3,6.2,8.506666667,9.34,12.16666667,10.92666667,25.34333333,28.87,23.33666667,22.28,6.053333333,9.353333333,10.93333333,8.29,1.736666667,5.203333333,17.81666667,5.823333333,36.06,0.77,59.11,5.41,77.29,Teff
2872,brown,6.98,83.0,5.7,0.120529872,0.9,2.5,8.506666667,9.34,12.16666667,10.92666667,25.34333333,28.87,23.33666667,22.28,6.053333333,9.353333333,10.93333333,8.29,1.736666667,5.203333333,17.81666667,5.823333333,36.06,0.77,59.11,5.41,77.29,Teff
2873,other,6.98,104.0,2.3,0.120529872,1.0,2.0,8.506666667,9.34,12.16666667,10.92666667,25.34333333,28.87,23.33666667,22.28,6.053333333,9.353333333,10.93333333,8.29,1.736666667,5.203333333,17.81666667,5.823333333,36.06,0.77,59.11,5.41,77.29,Teff
2874,red,5.5,133.0,2.0,0.2063,1.7,7.0,8.506666667,9.34,12.16666667,10.92666667,25.34333333,28.87,23.33666667,22.28,6.053333333,9.353333333,10.93333333,8.29,1.736666667,5.203333333,17.81666667,5.823333333,36.06,0.77,59.11,5.41,77.29,Teff
2875,red,5.3,131.0,4.0,0.2358,1.4,10.0,8.506666667,9.34,12.16666667,10.92666667,25.34333333,28.87,23.33666667,22.28,6.053333333,9.353333333,10.93333333,8.29,1.736666667,5.203333333,17.81666667,5.823333333,36.06,0.77,59.11,5.41,77.29,Teff
2876,red,5.3,139.0,3.0,0.2017,0.7,16.0,8.566666667,9.663333333,12.73666667,11.78,25.88333333,30.05666667,23.65,22.84666667,6.626666667,10.35,11.17333333,9.1,1.343333333,5.66,19.92,7.42,14.25,0.8,59.11,6.06,78.58,Teff
2877,red,6.06,258.0,1.7,0.083567161,1.7,10.8,8.506666667,9.34,12.16666667,10.92666667,25.34333333,28.87,23.33666667,22.28,6.053333333,9.353333333,10.93333333,8.29,1.736666667,5.203333333,17.81666667,5.823333333,36.06,0.77,59.11,5.41,77.29,Teff
2878,black,6.46,250.0,2.3,0.103963704,0.8,0.05,8.506666667,9.34,12.16666667,10.92666667,25.34333333,28.87,23.33666667,22.28,6.053333333,9.353333333,10.93333333,8.29,1.736666667,5.203333333,17.81666667,5.823333333,36.06,0.77,59.11,5.41,77.29,Teff
2879,red,5.8,161.0,6.0,0.2138,1.2,6.0,8.506666667,9.34,12.16666667,10.92666667,25.34333333,28.87,23.33666667,22.28,6.053333333,9.353333333,10.93333333,8.29,1.736666667,5.203333333,17.81666667,5.823333333,36.06,0.77,59.11,5.41,77.29,Teff
2880,black,6.1,197.0,3.0,0.1957,1.5,5.0,8.506666667,9.34,12.16666667,10.92666667,25.34333333,28.87,23.33666667,22.28,6.053333333,9.353333333,10.93333333,8.29,1.736666667,5.203333333,17.81666667,5.823333333,36.06,0.77,59.11,5.41,77.29,Teff
2881,brown,6.46,292.0,3.1,0.103963704,1.1,4.9,8.506666667,9.34,12.16666667,10.92666667,25.34333333,28.87,23.33666667,22.28,6.053333333,9.353333333,10.93333333,8.29,1.736666667,5.203333333,17.81666667,5.823333333,36.06,0.77,59.11,5.41,77.29,Teff
2882,black,6.1,167.0,1.4,0.1957,0.7,2.4,8.506666667,9.34,12.16666667,10.92666667,25.34333333,28.87,23.33666667,22.28,6.053333333,9.353333333,10.93333333,8.29,1.736666667,5.203333333,17.81666667,5.823333333,36.06,0.77,59.11,5.41,77.29,Teff
2883,red,5.3,133.0,3.0,0.2017,0.7,17.0,8.566666667,9.663333333,12.73666667,11.78,25.88333333,30.05666667,23.65,22.84666667,6.626666667,10.35,11.17333333,9.1,1.343333333,5.66,19.92,7.42,14.25,0.8,59.11,6.06,78.58,Teff
2884,red,5.5,165.0,3.0,0.2211,0.9,9.0,8.506666667,9.34,12.16666667,10.92666667,25.34333333,28.87,23.33666667,22.28,6.053333333,9.353333333,10.93333333,8.29,1.736666667,5.203333333,17.81666667,5.823333333,36.06,0.77,59.11,5.41,77.29,Teff
2885,red,5.3,124.0,2.0,0.2017,1.5,9.0,8.506666667,9.34,12.16666667,10.92666667,25.34333333,28.87,23.33666667,22.28,6.053333333,9.353333333,10.93333333,8.29,1.736666667,5.203333333,17.81666667,5.823333333,36.06,0.77,59.11,5.41,77.29,Teff
2886,brown,5.93,387.0,1.3,0.151666688,0.9,7.8,8.506666667,9.34,12.16666667,10.92666667,25.34333333,28.87,23.33666667,22.28,6.053333333,9.353333333,10.93333333,8.29,1.736666667,5.203333333,17.81666667,5.823333333,36.06,0.77,59.11,5.41,77.29,Teff
2887,red,5.5,589.0,4.0,0.2402,1.9,8.0,8.506666667,9.34,12.16666667,10.92666667,25.34333333,28.87,23.33666667,22.28,6.053333333,9.353333333,10.93333333,8.29,1.736666667,5.203333333,17.81666667,5.823333333,36.06,0.77,59.11,5.41,77.29,Teff
2888,red,5.5,124.0,1.0,0.2228,0.9,9.0,8.506666667,9.34,12.16666667,10.92666667,25.34333333,28.87,23.33666667,22.28,6.053333333,9.353333333,10.93333333,8.29,1.736666667,5.203333333,17.81666667,5.823333333,36.06,0.77,59.11,5.41,77.29,Teff
2889,red,5.8,413.0,2.0,0.2184,1.6,9.0,8.506666667,9.34,12.16666667,10.92666667,25.34333333,28.87,23.33666667,22.28,6.053333333,9.353333333,10.93333333,8.29,1.736666667,5.203333333,17.81666667,5.823333333,36.06,0.77,59.11,5.41,77.29,Teff
2890,brown,5.6,284.0,5.0,0.179,1.2,9.0,8.506666667,9.34,12.16666667,10.92666667,25.34333333,28.87,23.33666667,22.28,6.053333333,9.353333333,10.93333333,8.29,1.736666667,5.203333333,17.81666667,5.823333333,36.06,0.77,59.11,5.41,77.29,Teff
2891,other,5.93,139.0,1.0,0.151666688,0.7,4.4,8.506666667,9.34,12.16666667,10.92666667,25.34333333,28.87,23.33666667,22.28,6.053333333,9.353333333,10.93333333,8.29,1.736666667,5.203333333,17.81666667,5.823333333,36.06,0.77,59.11,5.41,77.29,Teff
2892,red,6.55,277.0,1.5,0.131968013,1.2,6.8,8.506666667,9.34,12.16666667,10.92666667,25.34333333,28.87,23.33666667,22.28,6.053333333,9.353333333,10.93333333,8.29,1.736666667,5.203333333,17.81666667,5.823333333,36.06,0.77,59.11,5.41,77.29,Teff
2893,brown,6.2,123.0,1.0,0.1531,1.0,4.0,8.506666667,9.34,12.16666667,10.92666667,25.34333333,28.87,23.33666667,22.28,6.053333333,9.353333333,10.93333333,8.29,1.736666667,5.203333333,17.81666667,5.823333333,36.06,0.77,59.11,5.41,77.29,Teff
2894,brown,6.0,418.0,2.0,0.1252,1.0,4.0,8.506666667,9.34,12.16666667,10.92666667,25.34333333,28.87,23.33666667,22.28,6.053333333,9.353333333,10.93333333,8.29,1.736666667,5.203333333,17.81666667,5.823333333,36.06,0.77,59.11,5.41,77.29,Teff
2895,brown,6.46,276.0,0.05,0.103963704,1.0,7.9,8.506666667,9.34,12.16666667,10.92666667,25.34333333,28.87,23.33666667,22.28,6.053333333,9.353333333,10.93333333,8.29,1.736666667,5.203333333,17.81666667,5.823333333,36.06,0.77,59.11,5.41,77.29,Teff
2896,brown,5.5,285.0,3.0,0.1696,1.1,8.0,8.506666667,9.34,12.16666667,10.92666667,25.34333333,28.87,23.33666667,22.28,6.053333333,9.353333333,10.93333333,8.29,1.736666667,5.203333333,17.81666667,5.823333333,36.06,0.77,59.11,5.41,77.29,Teff
2897,black,5.93,216.0,0.7,0.151666688,0.8,9.4,8.506666667,9.34,12.16666667,10.92666667,25.34333333,28.87,23.33666667,22.28,6.053333333,9.353333333,10.93333333,8.29,1.736666667,5.203333333,17.81666667,5.823333333,36.06,0.77,59.11,5.41,77.29,Teff
2898,red,5.2,200.0,2.0,0.1965,1.0,16.0,8.506666667,9.34,12.16666667,10.92666667,25.34333333,28.87,23.33666667,22.28,6.053333333,9.353333333,10.93333333,8.29,1.736666667,5.203333333,17.81666667,5.823333333,36.06,0.77,59.11,5.41,77.29,Teff
2899,red,6.55,297.0,1.9,0.131968013,1.1,14.4,8.506666667,9.34,12.16666667,10.92666667,25.34333333,28.87,23.33666667,22.28,6.053333333,9.353333333,10.93333333,8.29,1.736666667,5.203333333,17.81666667,5.823333333,36.06,0.77,59.11,5.41,77.29,Teff
2900,brown,5.7,330.0,2.0,0.1156,1.1,8.0,8.506666667,9.34,12.16666667,10.92666667,25.34333333,28.87,23.33666667,22.28,6.053333333,9.353333333,10.93333333,8.29,1.736666667,5.203333333,17.81666667,5.823333333,36.06,0.77,59.11,5.41,77.29,Teff
2901,brown,5.6,268.0,2.0,0.1029,1.0,7.0,8.506666667,9.34,12.16666667,10.92666667,25.34333333,28.87,23.33666667,22.28,6.053333333,9.353333333,10.93333333,8.29,1.736666667,5.203333333,17.81666667,5.823333333,36.06,0.77,59.11,5.41,77.29,Teff
2902,brown,6.3,177.0,1.0,0.0616,1.4,4.0,8.506666667,9.34,12.16666667,10.92666667,25.34333333,28.87,23.33666667,22.28,6.053333333,9.353333333,10.93333333,8.29,1.736666667,5.203333333,17.81666667,5.823333333,36.06,0.77,59.11,5.41,77.29,Teff
2903,red,5.6,158.0,3.0,0.1659,0.9,9.0,8.506666667,9.34,12.16666667,10.92666667,25.34333333,28.87,23.33666667,22.28,6.053333333,9.353333333,10.93333333,8.29,1.736666667,5.203333333,17.81666667,5.823333333,36.06,0.77,59.11,5.41,77.29,Teff
2904,red,5.4,167.0,1.0,0.1293,1.4,9.0,8.506666667,9.34,12.16666667,10.92666667,25.34333333,28.87,23.33666667,22.28,6.053333333,9.353333333,10.93333333,8.29,1.736666667,5.203333333,17.81666667,5.823333333,36.06,0.77,59.11,5.41,77.29,Teff
2905,black,5.67,153.0,1.6,0.096354967,1.7,6.7,8.506666667,9.34,12.16666667,10.92666667,25.34333333,28.87,23.33666667,22.28,6.053333333,9.353333333,10.93333333,8.29,1.736666667,5.203333333,17.81666667,5.823333333,36.06,0.77,59.11,5.41,77.29,Teff
2906,brown,6.0,207.0,1.0,0.073,1.2,5.0,8.506666667,9.34,12.16666667,10.92666667,25.34333333,28.87,23.33666667,22.28,6.053333333,9.353333333,10.93333333,8.29,1.736666667,5.203333333,17.81666667,5.823333333,36.06,0.77,59.11,5.41,77.29,Teff
2907,red,5.2,264.0,1.0,0.2158,1.2,19.0,8.566666667,9.663333333,12.73666667,11.78,25.88333333,30.05666667,23.65,22.84666667,6.626666667,10.35,11.17333333,9.1,1.343333333,5.66,19.92,7.42,14.25,0.8,59.11,6.06,78.58,Teff
2908,brown,6.55,117.0,2.9,0.131968013,1.3,3.7,8.506666667,9.34,12.16666667,10.92666667,25.34333333,28.87,23.33666667,22.28,6.053333333,9.353333333,10.93333333,8.29,1.736666667,5.203333333,17.81666667,5.823333333,36.06,0.77,59.11,5.41,77.29,Teff
2909,red,6.55,197.0,3.0,0.131968013,1.1,5.8,8.506666667,9.34,12.16666667,10.92666667,25.34333333,28.87,23.33666667,22.28,6.053333333,9.353333333,10.93333333,8.29,1.736666667,5.203333333,17.81666667,5.823333333,36.06,0.77,59.11,5.41,77.29,Teff
2910,red,5.2,99.0,1.0,0.1552,0.9,12.0,8.566666667,9.663333333,12.73666667,11.78,25.88333333,30.05666667,23.65,22.84666667,6.626666667,10.35,11.17333333,9.1,1.343333333,5.66,19.92,7.42,14.25,0.8,59.11,6.06,78.58,Teff
2911,black,6.55,287.0,3.7,0.131968013,1.2,7.5,8.506666667,9.34,12.16666667,10.92666667,25.34333333,28.87,23.33666667,22.28,6.053333333,9.353333333,10.93333333,8.29,1.736666667,5.203333333,17.81666667,5.823333333,36.06,0.77,59.11,5.41,77.29,Teff
2912,red,5.6,223.0,1.0,0.095,0.8,8.0,8.506666667,9.34,12.16666667,10.92666667,25.34333333,28.87,23.33666667,22.28,6.053333333,9.353333333,10.93333333,8.29,1.736666667,5.203333333,17.81666667,5.823333333,36.06,0.77,59.11,5.41,77.29,Teff
2913,brown,6.55,157.0,5.7,0.131968013,1.1,7.7,8.506666667,9.34,12.16666667,10.92666667,25.34333333,28.87,23.33666667,22.28,6.053333333,9.353333333,10.93333333,8.29,1.736666667,5.203333333,17.81666667,5.823333333,36.06,0.77,59.11,5.41,77.29,Teff
2914,other,5.3,239.0,2.0,0.2017,0.9,12.0,8.506666667,9.34,12.16666667,10.92666667,25.34333333,28.87,23.33666667,22.28,6.053333333,9.353333333,10.93333333,8.29,1.736666667,5.203333333,17.81666667,5.823333333,36.06,0.77,59.11,5.41,77.29,Teff
2915,other,6.55,50.0,4.3,0.131968013,0.7,7.3,8.506666667,9.34,12.16666667,10.92666667,25.34333333,28.87,23.33666667,22.28,6.053333333,9.353333333,10.93333333,8.29,1.736666667,5.203333333,17.81666667,5.823333333,36.06,0.77,59.11,5.41,77.29,Teff
2916,black,5.8,323.0,1.0,0.1069,1.4,5.0,8.506666667,9.34,12.16666667,10.92666667,25.34333333,28.87,23.33666667,22.28,6.053333333,9.353333333,10.93333333,8.29,1.736666667,5.203333333,17.81666667,5.823333333,36.06,0.77,59.11,5.41,77.29,Teff
2917,black,6.55,351.0,10.7,0.131968013,1.8,5.7,8.506666667,9.34,12.16666667,10.92666667,25.34333333,28.87,23.33666667,22.28,6.053333333,9.353333333,10.93333333,8.29,1.736666667,5.203333333,17.81666667,5.823333333,36.06,0.77,59.11,5.41,77.29,Teff
2918,red,5.67,378.0,2.5,0.096354967,1.9,13.7,8.506666667,9.34,12.16666667,10.92666667,25.34333333,28.87,23.33666667,22.28,6.053333333,9.353333333,10.93333333,8.29,1.736666667,5.203333333,17.81666667,5.823333333,36.06,0.77,59.11,5.41,77.29,Teff
2919,red,5.3,219.0,2.0,0.15,0.7,10.0,8.506666667,9.34,12.16666667,10.92666667,25.34333333,28.87,23.33666667,22.28,6.053333333,9.353333333,10.93333333,8.29,1.736666667,5.203333333,17.81666667,5.823333333,36.06,0.77,59.11,5.41,77.29,Teff
2920,brown,6.8,114.0,5.0,0.0467,1.2,3.0,8.506666667,9.34,12.16666667,10.92666667,25.34333333,28.87,23.33666667,22.28,6.053333333,9.353333333,10.93333333,8.29,1.736666667,5.203333333,17.81666667,5.823333333,36.06,0.77,59.11,5.41,77.29,Teff
2921,red,6.55,129.0,1.2,0.131968013,1.0,12.1,8.506666667,9.34,12.16666667,10.92666667,25.34333333,28.87,23.33666667,22.28,6.053333333,9.353333333,10.93333333,8.29,1.736666667,5.203333333,17.81666667,5.823333333,36.06,0.77,59.11,5.41,77.29,Teff
2922,brown,5.7,246.0,1.0,0.1059,1.1,5.0,8.506666667,9.34,12.16666667,10.92666667,25.34333333,28.87,23.33666667,22.28,6.053333333,9.353333333,10.93333333,8.29,1.736666667,5.203333333,17.81666667,5.823333333,36.06,0.77,59.11,5.41,77.29,Teff
2923,red,5.5,297.0,3.0,0.1852,1.4,8.0,8.506666667,9.34,12.16666667,10.92666667,25.34333333,28.87,23.33666667,22.28,6.053333333,9.353333333,10.93333333,8.29,1.736666667,5.203333333,17.81666667,5.823333333,36.06,0.77,59.11,5.41,77.29,Teff
2924,brown,5.4,313.0,2.0,0.1565,1.3,8.0,8.506666667,9.34,12.16666667,10.92666667,25.34333333,28.87,23.33666667,22.28,6.053333333,9.353333333,10.93333333,8.29,1.736666667,5.203333333,17.81666667,5.823333333,36.06,0.77,59.11,5.41,77.29,Teff
2925,brown,5.4,250.0,3.0,0.0779,1.0,9.0,8.506666667,9.34,12.16666667,10.92666667,25.34333333,28.87,23.33666667,22.28,6.053333333,9.353333333,10.93333333,8.29,1.736666667,5.203333333,17.81666667,5.823333333,36.06,0.77,59.11,5.41,77.29,Teff
2926,brown,5.8,165.0,3.0,0.1033,1.0,6.0,8.506666667,9.34,12.16666667,10.92666667,25.34333333,28.87,23.33666667,22.28,6.053333333,9.353333333,10.93333333,8.29,1.736666667,5.203333333,17.81666667,5.823333333,36.06,0.77,59.11,5.41,77.29,Teff
2927,brown,5.9,182.0,21.2,0.0785,1.1,4.2,8.506666667,9.34,12.16666667,10.92666667,25.34333333,28.87,23.33666667,22.28,6.053333333,9.353333333,10.93333333,8.29,1.736666667,5.203333333,17.81666667,5.823333333,36.06,0.77,59.11,5.41,77.29,Teff
2928,brown,6.35,325.0,1.7,0.081543819,1.2,4.6,8.506666667,9.34,12.16666667,10.92666667,25.34333333,28.87,23.33666667,22.28,6.053333333,9.353333333,10.93333333,8.29,1.736666667,5.203333333,17.81666667,5.823333333,36.06,0.77,59.11,5.41,77.29,Teff
2929,brown,6.35,270.0,2.1,0.081543819,1.0,11.9,8.343333333,9.276666667,12.83666667,11.43333333,28.11333333,31.15666667,25.52666667,24.43,8.733333333,12.25333333,12.97666667,10.7,0.873333333,4.013333333,15.06,4.36,3.44,0.7,48.62,6.1,79.61,Teff
2930,brown,5.5,379.0,5.0,0.1203,2.2,12.0,8.343333333,9.276666667,12.83666667,11.43333333,28.11333333,31.15666667,25.52666667,24.43,8.733333333,12.25333333,12.97666667,10.7,0.873333333,4.013333333,15.06,4.36,3.44,0.7,48.62,6.1,79.61,Teff
2931,brown,5.3,162.0,1.0,0.1224,1.1,9.0,8.343333333,9.276666667,12.83666667,11.43333333,28.11333333,31.15666667,25.52666667,24.43,8.733333333,12.25333333,12.97666667,10.7,0.873333333,4.013333333,15.06,4.36,3.44,0.7,48.62,6.1,79.61,Teff
2932,red,5.3,459.0,6.0,0.153,1.8,11.0,8.343333333,9.276666667,12.83666667,11.43333333,28.11333333,31.15666667,25.52666667,24.43,8.733333333,12.25333333,12.97666667,10.7,0.873333333,4.013333333,15.06,4.36,3.44,0.7,48.62,6.1,79.61,Teff
2933,brown,5.9,132.0,4.1,0.0785,1.0,5.2,8.343333333,9.276666667,12.83666667,11.43333333,28.11333333,31.15666667,25.52666667,24.43,8.733333333,12.25333333,12.97666667,10.7,0.873333333,4.013333333,15.06,4.36,3.44,0.7,48.62,6.1,79.61,Teff
2934,brown,5.9,667.0,4.0,0.1386,1.9,6.0,8.343333333,9.276666667,12.83666667,11.43333333,28.11333333,31.15666667,25.52666667,24.43,8.733333333,12.25333333,12.97666667,10.7,0.873333333,4.013333333,15.06,4.36,3.44,0.7,48.62,6.1,79.61,Teff
2935,brown,6.1,522.0,3.0,0.0909,1.5,7.0,8.343333333,9.276666667,12.83666667,11.43333333,28.11333333,31.15666667,25.52666667,24.43,8.733333333,12.25333333,12.97666667,10.7,0.873333333,4.013333333,15.06,4.36,3.44,0.7,48.62,6.1,79.61,Teff
2936,brown,5.3,337.0,4.0,0.124,1.8,10.0,8.343333333,9.276666667,12.83666667,11.43333333,28.11333333,31.15666667,25.52666667,24.43,8.733333333,12.25333333,12.97666667,10.7,0.873333333,4.013333333,15.06,4.36,3.44,0.7,48.62,6.1,79.61,Teff
2937,red,5.2,95.0,1.0,0.2158,0.6,15.0,8.383333333,9.543333333,13.49,12.63666667,29.17333333,33.1,26.3,25.15333333,8.533333333,13.18333333,13.02666667,11.33666667,0.413333333,4.41,16.62,5.43,0.06,0.7,48.62,6.21,81.38,Teff
2938,brown,5.6,234.0,1.0,0.1116,1.2,6.0,8.343333333,9.276666667,12.83666667,11.43333333,28.11333333,31.15666667,25.52666667,24.43,8.733333333,12.25333333,12.97666667,10.7,0.873333333,4.013333333,15.06,4.36,3.44,0.7,48.62,6.1,79.61,Teff
2939,red,5.2,120.0,1.0,0.2158,0.9,12.0,8.383333333,9.543333333,13.49,12.63666667,29.17333333,33.1,26.3,25.15333333,8.533333333,13.18333333,13.02666667,11.33666667,0.413333333,4.41,16.62,5.43,0.06,0.7,48.62,6.21,81.38,Teff
2940,brown,5.6,139.0,3.0,0.1116,0.9,10.0,8.343333333,9.276666667,12.83666667,11.43333333,28.11333333,31.15666667,25.52666667,24.43,8.733333333,12.25333333,12.97666667,10.7,0.873333333,4.013333333,15.06,4.36,3.44,0.7,48.62,6.1,79.61,Teff
2941,brown,6.35,119.0,1.9,0.081543819,1.1,14.3,8.343333333,9.276666667,12.83666667,11.43333333,28.11333333,31.15666667,25.52666667,24.43,8.733333333,12.25333333,12.97666667,10.7,0.873333333,4.013333333,15.06,4.36,3.44,0.7,48.62,6.1,79.61,Teff
2942,brown,5.6,321.0,4.0,0.1116,1.0,6.0,8.343333333,9.276666667,12.83666667,11.43333333,28.11333333,31.15666667,25.52666667,24.43,8.733333333,12.25333333,12.97666667,10.7,0.873333333,4.013333333,15.06,4.36,3.44,0.7,48.62,6.1,79.61,Teff
2943,other,5.9,241.0,3.0,0.0785,1.0,4.0,8.343333333,9.276666667,12.83666667,11.43333333,28.11333333,31.15666667,25.52666667,24.43,8.733333333,12.25333333,12.97666667,10.7,0.873333333,4.013333333,15.06,4.36,3.44,0.7,48.62,6.1,79.61,Teff
2944,black,6.0,322.0,10.0,0.0801,1.1,5.0,8.343333333,9.276666667,12.83666667,11.43333333,28.11333333,31.15666667,25.52666667,24.43,8.733333333,12.25333333,12.97666667,10.7,0.873333333,4.013333333,15.06,4.36,3.44,0.7,48.62,6.1,79.61,Teff
2945,brown,6.35,247.0,1.2,0.081543819,0.8,10.3,8.343333333,9.276666667,12.83666667,11.43333333,28.11333333,31.15666667,25.52666667,24.43,8.733333333,12.25333333,12.97666667,10.7,0.873333333,4.013333333,15.06,4.36,3.44,0.7,48.62,6.1,79.61,Teff
2946,red,6.1,287.0,10.0,0.0879,1.4,4.0,8.343333333,9.276666667,12.83666667,11.43333333,28.11333333,31.15666667,25.52666667,24.43,8.733333333,12.25333333,12.97666667,10.7,0.873333333,4.013333333,15.06,4.36,3.44,0.7,48.62,6.1,79.61,Teff
2947,brown,5.6,247.0,3.0,0.1449,1.4,10.0,8.343333333,9.276666667,12.83666667,11.43333333,28.11333333,31.15666667,25.52666667,24.43,8.733333333,12.25333333,12.97666667,10.7,0.873333333,4.013333333,15.06,4.36,3.44,0.7,48.62,6.1,79.61,Teff
2948,red,5.2,200.0,3.0,0.2158,1.0,16.0,8.383333333,9.543333333,13.49,12.63666667,29.17333333,33.1,26.3,25.15333333,8.533333333,13.18333333,13.02666667,11.33666667,0.413333333,4.41,16.62,5.43,0.06,0.7,48.62,6.21,81.38,Teff
2949,brown,5.6,218.0,2.0,0.1116,2.1,13.0,8.343333333,9.276666667,12.83666667,11.43333333,28.11333333,31.15666667,25.52666667,24.43,8.733333333,12.25333333,12.97666667,10.7,0.873333333,4.013333333,15.06,4.36,3.44,0.7,48.62,6.1,79.61,Teff
2950,red,5.4,369.0,2.0,0.0954,1.4,7.0,8.343333333,9.276666667,12.83666667,11.43333333,28.11333333,31.15666667,25.52666667,24.43,8.733333333,12.25333333,12.97666667,10.7,0.873333333,4.013333333,15.06,4.36,3.44,0.7,48.62,6.1,79.61,Teff
2951,brown,5.6,221.0,2.0,0.1116,1.5,7.0,8.343333333,9.276666667,12.83666667,11.43333333,28.11333333,31.15666667,25.52666667,24.43,8.733333333,12.25333333,12.97666667,10.7,0.873333333,4.013333333,15.06,4.36,3.44,0.7,48.62,6.1,79.61,Teff
2952,red,5.3,341.0,3.0,0.2017,3.0,13.0,8.383333333,9.543333333,13.49,12.63666667,29.17333333,33.1,26.3,25.15333333,8.533333333,13.18333333,13.02666667,11.33666667,0.413333333,4.41,16.62,5.43,0.06,0.7,48.62,6.21,81.38,Teff
2953,red,5.5,227.0,2.0,0.1637,2.3,8.0,8.343333333,9.276666667,12.83666667,11.43333333,28.11333333,31.15666667,25.52666667,24.43,8.733333333,12.25333333,12.97666667,10.7,0.873333333,4.013333333,15.06,4.36,3.44,0.7,48.62,6.1,79.61,Teff
2954,brown,5.6,420.0,3.0,0.2174,1.6,9.0,8.343333333,9.276666667,12.83666667,11.43333333,28.11333333,31.15666667,25.52666667,24.43,8.733333333,12.25333333,12.97666667,10.7,0.873333333,4.013333333,15.06,4.36,3.44,0.7,48.62,6.1,79.61,Teff
2955,red,5.2,142.0,3.0,0.2158,1.3,15.0,8.383333333,9.543333333,13.49,12.63666667,29.17333333,33.1,26.3,25.15333333,8.533333333,13.18333333,13.02666667,11.33666667,0.413333333,4.41,16.62,5.43,0.06,0.7,48.62,6.21,81.38,Teff
2956,brown,5.5,336.0,2.0,0.1637,1.0,12.0,8.343333333,9.276666667,12.83666667,11.43333333,28.11333333,31.15666667,25.52666667,24.43,8.733333333,12.25333333,12.97666667,10.7,0.873333333,4.013333333,15.06,4.36,3.44,0.7,48.62,6.1,79.61,Teff
2957,brown,5.6,348.0,3.0,0.1116,1.3,9.0,8.343333333,9.276666667,12.83666667,11.43333333,28.11333333,31.15666667,25.52666667,24.43,8.733333333,12.25333333,12.97666667,10.7,0.873333333,4.013333333,15.06,4.36,3.44,0.7,48.62,6.1,79.61,Teff
2958,red,5.4,529.0,3.0,0.2428,2.0,10.0,8.343333333,9.276666667,12.83666667,11.43333333,28.11333333,31.15666667,25.52666667,24.43,8.733333333,12.25333333,12.97666667,10.7,0.873333333,4.013333333,15.06,4.36,3.44,0.7,48.62,6.1,79.61,Teff
2959,brown,6.5,175.0,5.0,0.0755,0.6,4.0,8.343333333,9.276666667,12.83666667,11.43333333,28.11333333,31.15666667,25.52666667,24.43,8.733333333,12.25333333,12.97666667,10.7,0.873333333,4.013333333,15.06,4.36,3.44,0.7,48.62,6.1,79.61,Teff
2960,brown,5.4,314.0,2.0,0.1692,1.2,13.0,8.343333333,9.276666667,12.83666667,11.43333333,28.11333333,31.15666667,25.52666667,24.43,8.733333333,12.25333333,12.97666667,10.7,0.873333333,4.013333333,15.06,4.36,3.44,0.7,48.62,6.1,79.61,Teff
2961,brown,5.2,301.0,3.0,0.1399,1.2,10.0,8.343333333,9.276666667,12.83666667,11.43333333,28.11333333,31.15666667,25.52666667,24.43,8.733333333,12.25333333,12.97666667,10.7,0.873333333,4.013333333,15.06,4.36,3.44,0.7,48.62,6.1,79.61,Teff
2962,black,5.7,294.0,2.0,0.0991,0.9,6.0,8.343333333,9.276666667,12.83666667,11.43333333,28.11333333,31.15666667,25.52666667,24.43,8.733333333,12.25333333,12.97666667,10.7,0.873333333,4.013333333,15.06,4.36,3.44,0.7,48.62,6.1,79.61,Teff
2963,black,5.7,311.0,3.0,0.0961,1.2,7.0,8.343333333,9.276666667,12.83666667,11.43333333,28.11333333,31.15666667,25.52666667,24.43,8.733333333,12.25333333,12.97666667,10.7,0.873333333,4.013333333,15.06,4.36,3.44,0.7,48.62,6.1,79.61,Teff
2964,black,5.6,348.0,2.0,0.1116,2.0,12.0,8.343333333,9.276666667,12.83666667,11.43333333,28.11333333,31.15666667,25.52666667,24.43,8.733333333,12.25333333,12.97666667,10.7,0.873333333,4.013333333,15.06,4.36,3.44,0.7,48.62,6.1,79.61,Teff
2965,black,5.5,331.0,13.0,0.1637,1.6,6.0,8.343333333,9.276666667,12.83666667,11.43333333,28.11333333,31.15666667,25.52666667,24.43,8.733333333,12.25333333,12.97666667,10.7,0.873333333,4.013333333,15.06,4.36,3.44,0.7,48.62,6.1,79.61,Teff
2966,brown,5.6,152.0,5.0,0.1116,1.3,6.0,8.343333333,9.276666667,12.83666667,11.43333333,28.11333333,31.15666667,25.52666667,24.43,8.733333333,12.25333333,12.97666667,10.7,0.873333333,4.013333333,15.06,4.36,3.44,0.7,48.62,6.1,79.61,Teff
2967,brown,5.3,287.0,2.0,0.1553,1.2,10.0,8.343333333,9.276666667,12.83666667,11.43333333,28.11333333,31.15666667,25.52666667,24.43,8.733333333,12.25333333,12.97666667,10.7,0.873333333,4.013333333,15.06,4.36,3.44,0.7,48.62,6.1,79.61,Teff
2968,black,5.6,334.0,2.0,0.1131,1.2,7.0,8.343333333,9.276666667,12.83666667,11.43333333,28.11333333,31.15666667,25.52666667,24.43,8.733333333,12.25333333,12.97666667,10.7,0.873333333,4.013333333,15.06,4.36,3.44,0.7,48.62,6.1,79.61,Teff
2969,brown,5.8,676.0,7.0,0.1759,3.2,12.0,8.343333333,9.276666667,12.83666667,11.43333333,28.11333333,31.15666667,25.52666667,24.43,8.733333333,12.25333333,12.97666667,10.7,0.873333333,4.013333333,15.06,4.36,3.44,0.7,48.62,6.1,79.61,Teff
2970,brown,5.9,420.0,8.0,0.1201,1.9,11.0,8.343333333,9.276666667,12.83666667,11.43333333,28.11333333,31.15666667,25.52666667,24.43,8.733333333,12.25333333,12.97666667,10.7,0.873333333,4.013333333,15.06,4.36,3.44,0.7,48.62,6.1,79.61,Teff
2971,red,5.3,410.0,3.0,0.1385,1.7,13.0,8.343333333,9.276666667,12.83666667,11.43333333,28.11333333,31.15666667,25.52666667,24.43,8.733333333,12.25333333,12.97666667,10.7,0.873333333,4.013333333,15.06,4.36,3.44,0.7,48.62,6.1,79.61,Teff
2972,red,6.3,117.0,45.0,0.0621,0.8,3.0,8.343333333,9.276666667,12.83666667,11.43333333,28.11333333,31.15666667,25.52666667,24.43,8.733333333,12.25333333,12.97666667,10.7,0.873333333,4.013333333,15.06,4.36,3.44,0.7,48.62,6.1,79.61,Teff
2973,black,6.5,324.0,1.0,0.0887,0.8,4.0,8.343333333,9.276666667,12.83666667,11.43333333,28.11333333,31.15666667,25.52666667,24.43,8.733333333,12.25333333,12.97666667,10.7,0.873333333,4.013333333,15.06,4.36,3.44,0.7,48.62,6.1,79.61,Teff
2974,red,5.6,185.0,3.0,0.1116,1.1,20.0,8.343333333,9.276666667,12.83666667,11.43333333,28.11333333,31.15666667,25.52666667,24.43,8.733333333,12.25333333,12.97666667,10.7,0.873333333,4.013333333,15.06,4.36,3.44,0.7,48.62,6.1,79.61,Teff
2975,brown,5.9,524.0,11.0,0.147,3.0,6.0,8.343333333,9.276666667,12.83666667,11.43333333,28.11333333,31.15666667,25.52666667,24.43,8.733333333,12.25333333,12.97666667,10.7,0.873333333,4.013333333,15.06,4.36,3.44,0.7,48.62,6.1,79.61,Teff
2976,brown,5.8,294.0,4.0,0.0924,1.5,6.0,8.343333333,9.276666667,12.83666667,11.43333333,28.11333333,31.15666667,25.52666667,24.43,8.733333333,12.25333333,12.97666667,10.7,0.873333333,4.013333333,15.06,4.36,3.44,0.7,48.62,6.1,79.61,Teff
2977,brown,5.7,284.0,1.0,0.0999,1.3,5.0,8.343333333,9.276666667,12.83666667,11.43333333,28.11333333,31.15666667,25.52666667,24.43,8.733333333,12.25333333,12.97666667,10.7,0.873333333,4.013333333,15.06,4.36,3.44,0.7,48.62,6.1,79.61,Teff
2978,brown,6.5,191.0,3.0,0.1006,0.8,5.0,8.343333333,9.276666667,12.83666667,11.43333333,28.11333333,31.15666667,25.52666667,24.43,8.733333333,12.25333333,12.97666667,10.7,0.873333333,4.013333333,15.06,4.36,3.44,0.7,48.62,6.1,79.61,Teff
2979,red,5.3,370.0,2.0,0.2017,1.3,13.0,8.343333333,9.276666667,12.83666667,11.43333333,28.11333333,31.15666667,25.52666667,24.43,8.733333333,12.25333333,12.97666667,10.7,0.873333333,4.013333333,15.06,4.36,3.44,0.7,48.62,6.1,79.61,Teff
2980,black,6.7,267.0,2.0,0.0527,1.3,4.0,8.343333333,9.276666667,12.83666667,11.43333333,28.11333333,31.15666667,25.52666667,24.43,8.733333333,12.25333333,12.97666667,10.7,0.873333333,4.013333333,15.06,4.36,3.44,0.7,48.62,6.1,79.61,Teff
2981,brown,5.6,123.0,2.0,0.2175,1.4,12.0,8.383333333,9.543333333,13.49,12.63666667,29.17333333,33.1,26.3,25.15333333,8.533333333,13.18333333,13.02666667,11.33666667,0.413333333,4.41,16.62,5.43,0.06,0.7,48.62,6.21,81.38,Teff
2982,brown,6.8,333.0,16.0,0.0497,1.1,8.0,8.343333333,9.276666667,12.83666667,11.43333333,28.11333333,31.15666667,25.52666667,24.43,8.733333333,12.25333333,12.97666667,10.7,0.873333333,4.013333333,15.06,4.36,3.44,0.7,48.62,6.1,79.61,Teff
2983,brown,6.3,291.0,3.0,0.0905,1.2,6.0,8.343333333,9.276666667,12.83666667,11.43333333,28.11333333,31.15666667,25.52666667,24.43,8.733333333,12.25333333,12.97666667,10.7,0.873333333,4.013333333,15.06,4.36,3.44,0.7,48.62,6.1,79.61,Teff
2984,brown,6.1,410.0,52.0,0.1199,1.8,6.0,8.343333333,9.276666667,12.83666667,11.43333333,28.11333333,31.15666667,25.52666667,24.43,8.733333333,12.25333333,12.97666667,10.7,0.873333333,4.013333333,15.06,4.36,3.44,0.7,48.62,6.1,79.61,Teff
2985,brown,5.1,184.0,4.0,0.1878,0.6,18.0,8.383333333,9.543333333,13.49,12.63666667,29.17333333,33.1,26.3,25.15333333,8.533333333,13.18333333,13.02666667,11.33666667,0.413333333,4.41,16.62,5.43,0.06,0.7,48.62,6.21,81.38,Teff
2986,other,5.1,76.0,2.0,0.211,0.6,19.0,8.383333333,9.543333333,13.49,12.63666667,29.17333333,33.1,26.3,25.15333333,8.533333333,13.18333333,13.02666667,11.33666667,0.413333333,4.41,16.62,5.43,0.06,0.7,48.62,6.21,81.38,Teff
2987,brown,5.2,399.0,2.0,0.1441,1.4,13.0,8.343333333,9.276666667,12.83666667,11.43333333,28.11333333,31.15666667,25.52666667,24.43,8.733333333,12.25333333,12.97666667,10.7,0.873333333,4.013333333,15.06,4.36,3.44,0.7,48.62,6.1,79.61,Teff
2988,red,5.3,165.0,2.0,0.1547,0.8,17.0,8.383333333,9.543333333,13.49,12.63666667,29.17333333,33.1,26.3,25.15333333,8.533333333,13.18333333,13.02666667,11.33666667,0.413333333,4.41,16.62,5.43,0.06,0.7,48.62,6.21,81.38,Teff
2989,black,6.0,436.0,3.0,0.1083,1.5,6.0,8.343333333,9.276666667,12.83666667,11.43333333,28.11333333,31.15666667,25.52666667,24.43,8.733333333,12.25333333,12.97666667,10.7,0.873333333,4.013333333,15.06,4.36,3.44,0.7,48.62,6.1,79.61,Teff
2990,black,5.5,352.0,1.0,0.0929,1.6,7.0,8.343333333,9.276666667,12.83666667,11.43333333,28.11333333,31.15666667,25.52666667,24.43,8.733333333,12.25333333,12.97666667,10.7,0.873333333,4.013333333,15.06,4.36,3.44,0.7,48.62,6.1,79.61,Teff
2991,red,5.5,449.0,3.0,0.1509,2.1,8.0,8.343333333,9.276666667,12.83666667,11.43333333,28.11333333,31.15666667,25.52666667,24.43,8.733333333,12.25333333,12.97666667,10.7,0.873333333,4.013333333,15.06,4.36,3.44,0.7,48.62,6.1,79.61,Teff
2992,brown,6.4,429.0,18.0,0.0757,1.4,5.0,8.343333333,9.276666667,12.83666667,11.43333333,28.11333333,31.15666667,25.52666667,24.43,8.733333333,12.25333333,12.97666667,10.7,0.873333333,4.013333333,15.06,4.36,3.44,0.7,48.62,6.1,79.61,Teff
2993,black,6.2,289.0,2.0,0.0804,1.2,4.0,8.343333333,9.276666667,12.83666667,11.43333333,28.11333333,31.15666667,25.52666667,24.43,8.733333333,12.25333333,12.97666667,10.7,0.873333333,4.013333333,15.06,4.36,3.44,0.7,48.62,6.1,79.61,Teff
2994,red,5.7,239.0,7.0,0.1385,1.7,9.0,8.343333333,9.276666667,12.83666667,11.43333333,28.11333333,31.15666667,25.52666667,24.43,8.733333333,12.25333333,12.97666667,10.7,0.873333333,4.013333333,15.06,4.36,3.44,0.7,48.62,6.1,79.61,Teff
2995,brown,6.5,320.0,5.0,0.0733,1.0,9.0,8.343333333,9.276666667,12.83666667,11.43333333,28.11333333,31.15666667,25.52666667,24.43,8.733333333,12.25333333,12.97666667,10.7,0.873333333,4.013333333,15.06,4.36,3.44,0.7,48.62,6.1,79.61,Teff
2996,black,6.3,291.0,2.0,0.1119,1.0,5.0,8.343333333,9.276666667,12.83666667,11.43333333,28.11333333,31.15666667,25.52666667,24.43,8.733333333,12.25333333,12.97666667,10.7,0.873333333,4.013333333,15.06,4.36,3.44,0.7,48.62,6.1,79.61,Teff
2997,brown,6.0,289.0,4.0,0.107,0.7,8.0,8.343333333,9.276666667,12.83666667,11.43333333,28.11333333,31.15666667,25.52666667,24.43,8.733333333,12.25333333,12.97666667,10.7,0.873333333,4.013333333,15.06,4.36,3.44,0.7,48.62,6.1,79.61,Teff
2998,black,5.7,365.0,2.0,0.1335,1.3,6.0,8.343333333,9.276666667,12.83666667,11.43333333,28.11333333,31.15666667,25.52666667,24.43,8.733333333,12.25333333,12.97666667,10.7,0.873333333,4.013333333,15.06,4.36,3.44,0.7,48.62,6.1,79.61,Teff
2999,brown,6.0,310.0,2.0,0.1532,1.6,9.0,8.343333333,9.276666667,12.83666667,11.43333333,28.11333333,31.15666667,25.52666667,24.43,8.733333333,12.25333333,12.97666667,10.7,0.873333333,4.013333333,15.06,4.36,3.44,0.7,48.62,6.1,79.61,Teff
3000,black,7.1,288.0,1.0,0.1085,1.1,4.0,8.343333333,9.276666667,12.83666667,11.43333333,28.11333333,31.15666667,25.52666667,24.43,8.733333333,12.25333333,12.97666667,10.7,0.873333333,4.013333333,15.06,4.36,3.44,0.7,48.62,6.1,79.61,Teff
3001,black,6.2,675.0,10.0,0.2362,1.9,11.0,8.343333333,9.276666667,12.83666667,11.43333333,28.11333333,31.15666667,25.52666667,24.43,8.733333333,12.25333333,12.97666667,10.7,0.873333333,4.013333333,15.06,4.36,3.44,0.7,48.62,6.1,79.61,Teff
3002,black,6.1,445.0,3.0,0.1924,1.2,9.0,8.343333333,9.276666667,12.83666667,11.43333333,28.11333333,31.15666667,25.52666667,24.43,8.733333333,12.25333333,12.97666667,10.7,0.873333333,4.013333333,15.06,4.36,3.44,0.7,48.62,6.1,79.61,Teff
3003,brown,5.5,102.0,1.0,0.179,0.6,13.0,8.383333333,9.543333333,13.49,12.63666667,29.17333333,33.1,26.3,25.15333333,8.533333333,13.18333333,13.02666667,11.33666667,0.413333333,4.41,16.62,5.43,0.06,0.7,48.62,6.21,81.38,Teff
3004,black,5.9,471.0,4.0,0.1558,1.3,7.0,8.343333333,9.276666667,12.83666667,11.43333333,28.11333333,31.15666667,25.52666667,24.43,8.733333333,12.25333333,12.97666667,10.7,0.873333333,4.013333333,15.06,4.36,3.44,0.7,48.62,6.1,79.61,Teff
3005,black,5.9,316.0,2.0,0.1335,1.1,5.0,8.343333333,9.276666667,12.83666667,11.43333333,28.11333333,31.15666667,25.52666667,24.43,8.733333333,12.25333333,12.97666667,10.7,0.873333333,4.013333333,15.06,4.36,3.44,0.7,48.62,6.1,79.61,Teff
3006,red,5.54,370.0,2.0,0.2,1.8,11.0,8.343333333,9.276666667,12.83666667,11.43333333,28.11333333,31.15666667,25.52666667,24.43,8.733333333,12.25333333,12.97666667,10.7,0.873333333,4.013333333,15.06,4.36,3.44,0.7,48.62,6.1,79.61,Teff
3007,black,6.5,228.0,2.0,0.1351,0.9,6.0,8.343333333,9.276666667,12.83666667,11.43333333,28.11333333,31.15666667,25.52666667,24.43,8.733333333,12.25333333,12.97666667,10.7,0.873333333,4.013333333,15.06,4.36,3.44,0.7,48.62,6.1,79.61,Teff
3008,red,5.1,331.0,3.0,0.2344,1.9,15.0,8.383333333,9.543333333,13.49,12.63666667,29.17333333,33.1,26.3,25.15333333,8.533333333,13.18333333,13.02666667,11.33666667,0.413333333,4.41,16.62,5.43,0.06,0.7,48.62,6.21,81.38,Teff
3009,other,5.7,245.0,10.0,0.1288,0.9,6.0,8.343333333,9.276666667,12.83666667,11.43333333,28.11333333,31.15666667,25.52666667,24.43,8.733333333,12.25333333,12.97666667,10.7,0.873333333,4.013333333,15.06,4.36,3.44,0.7,48.62,6.1,79.61,Teff
3010,red,5.4,299.0,2.0,0.192,0.7,12.0,8.343333333,9.276666667,12.83666667,11.43333333,28.11333333,31.15666667,25.52666667,24.43,8.733333333,12.25333333,12.97666667,10.7,0.873333333,4.013333333,15.06,4.36,3.44,0.7,48.62,6.1,79.61,Teff
3011,red,5.7,505.0,3.0,0.1925,0.9,13.0,8.343333333,9.276666667,12.83666667,11.43333333,28.11333333,31.15666667,25.52666667,24.43,8.733333333,12.25333333,12.97666667,10.7,0.873333333,4.013333333,15.06,4.36,3.44,0.7,48.62,6.1,79.61,Teff
3012,brown,5.8,291.0,1.0,0.1574,0.9,7.0,8.343333333,9.276666667,12.83666667,11.43333333,28.11333333,31.15666667,25.52666667,24.43,8.733333333,12.25333333,12.97666667,10.7,0.873333333,4.013333333,15.06,4.36,3.44,0.7,48.62,6.1,79.61,Teff
3013,red,5.1,503.0,8.0,0.2344,3.7,7.0,8.343333333,9.276666667,12.83666667,11.43333333,28.11333333,31.15666667,25.52666667,24.43,8.733333333,12.25333333,12.97666667,10.7,0.873333333,4.013333333,15.06,4.36,3.44,0.7,48.62,6.1,79.61,Teff
3014,brown,5.9,428.0,3.0,0.1911,1.7,4.0,8.343333333,9.276666667,12.83666667,11.43333333,28.11333333,31.15666667,25.52666667,24.43,8.733333333,12.25333333,12.97666667,10.7,0.873333333,4.013333333,15.06,4.36,3.44,0.7,48.62,6.1,79.61,Teff
3015,red,5.4,400.0,7.0,0.1979,1.9,11.0,8.343333333,9.276666667,12.83666667,11.43333333,28.11333333,31.15666667,25.52666667,24.43,8.733333333,12.25333333,12.97666667,10.7,0.873333333,4.013333333,15.06,4.36,3.44,0.7,48.62,6.1,79.61,Teff
3016,brown,5.1,222.0,1.0,0.2344,1.2,5.0,8.343333333,9.276666667,12.83666667,11.43333333,28.11333333,31.15666667,25.52666667,24.43,8.733333333,12.25333333,12.97666667,10.7,0.873333333,4.013333333,15.06,4.36,3.44,0.7,48.62,6.1,79.61,Teff
3017,red,5.1,305.0,3.0,0.2344,1.9,11.0,8.383333333,9.543333333,13.49,12.63666667,29.17333333,33.1,26.3,25.15333333,8.533333333,13.18333333,13.02666667,11.33666667,0.413333333,4.41,16.62,5.43,0.06,0.7,48.62,6.21,81.38,Teff
3018,red,5.1,340.0,3.0,0.2344,1.8,8.0,8.343333333,9.276666667,12.83666667,11.43333333,28.11333333,31.15666667,25.52666667,24.43,8.733333333,12.25333333,12.97666667,10.7,0.873333333,4.013333333,15.06,4.36,3.44,0.7,48.62,6.1,79.61,Teff
3019,brown,5.7,430.0,3.0,0.1721,1.2,9.0,8.343333333,9.276666667,12.83666667,11.43333333,28.11333333,31.15666667,25.52666667,24.43,8.733333333,12.25333333,12.97666667,10.7,0.873333333,4.013333333,15.06,4.36,3.44,0.7,48.62,6.1,79.61,Teff
3020,red,5.1,171.0,1.0,0.2344,1.2,1.0,8.343333333,9.276666667,12.83666667,11.43333333,28.11333333,31.15666667,25.52666667,24.43,8.733333333,12.25333333,12.97666667,10.7,0.873333333,4.013333333,15.06,4.36,3.44,0.7,48.62,6.1,79.61,Teff
3021,red,5.9,179.0,3.0,0.262,0.9,7.0,8.343333333,9.276666667,12.83666667,11.43333333,28.11333333,31.15666667,25.52666667,24.43,8.733333333,12.25333333,12.97666667,10.7,0.873333333,4.013333333,15.06,4.36,3.44,0.7,48.62,6.1,79.61,Teff
3022,black,6.2,332.0,2.0,0.1756,0.8,6.0,8.343333333,9.276666667,12.83666667,11.43333333,28.11333333,31.15666667,25.52666667,24.43,8.733333333,12.25333333,12.97666667,10.7,0.873333333,4.013333333,15.06,4.36,3.44,0.7,48.62,6.1,79.61,Teff
3023,red,5.2,242.0,2.0,0.2104,1.3,11.0,8.383333333,9.543333333,13.49,12.63666667,29.17333333,33.1,26.3,25.15333333,8.533333333,13.18333333,13.02666667,11.33666667,0.413333333,4.41,16.62,5.43,0.06,0.7,48.62,6.21,81.38,Teff
3024,black,5.8,285.0,1.0,0.1713,1.0,4.0,8.343333333,9.276666667,12.83666667,11.43333333,28.11333333,31.15666667,25.52666667,24.43,8.733333333,12.25333333,12.97666667,10.7,0.873333333,4.013333333,15.06,4.36,3.44,0.7,48.62,6.1,79.61,Teff
3025,black,6.5,299.0,2.0,0.1662,1.0,4.0,8.343333333,9.276666667,12.83666667,11.43333333,28.11333333,31.15666667,25.52666667,24.43,8.733333333,12.25333333,12.97666667,10.7,0.873333333,4.013333333,15.06,4.36,3.44,0.7,48.62,6.1,79.61,Teff
3026,reddish brown,6.61,79.0,3.94,0.1,1.34,6.98,8.343333333,9.276666667,12.83666667,11.43333333,28.11333333,31.15666667,25.52666667,24.43,8.733333333,12.25333333,12.97666667,10.7,0.873333333,4.013333333,15.06,4.36,3.44,0.7,48.62,6.1,79.61,Teff
3027,red,5.8,562.0,13.0,0.2468,2.3,7.0,8.343333333,9.276666667,12.83666667,11.43333333,28.11333333,31.15666667,25.52666667,24.43,8.733333333,12.25333333,12.97666667,10.7,0.873333333,4.013333333,15.06,4.36,3.44,0.7,48.62,6.1,79.61,Teff
3028,black,6.3,317.0,1.0,0.159,0.8,5.0,8.343333333,9.276666667,12.83666667,11.43333333,28.11333333,31.15666667,25.52666667,24.43,8.733333333,12.25333333,12.97666667,10.7,0.873333333,4.013333333,15.06,4.36,3.44,0.7,48.62,6.1,79.61,Teff
3029,red,5.6,392.0,2.0,0.1883,1.4,8.0,8.343333333,9.276666667,12.83666667,11.43333333,28.11333333,31.15666667,25.52666667,24.43,8.733333333,12.25333333,12.97666667,10.7,0.873333333,4.013333333,15.06,4.36,3.44,0.7,48.62,6.1,79.61,Teff
3030,brown,5.8,326.0,2.0,0.1682,1.0,5.0,8.343333333,9.276666667,12.83666667,11.43333333,28.11333333,31.15666667,25.52666667,24.43,8.733333333,12.25333333,12.97666667,10.7,0.873333333,4.013333333,15.06,4.36,3.44,0.7,48.62,6.1,79.61,Teff
3031,red,5.1,311.0,2.0,0.2344,2.7,4.0,8.383333333,9.543333333,13.49,12.63666667,29.17333333,33.1,26.3,25.15333333,8.533333333,13.18333333,13.02666667,11.33666667,0.413333333,4.41,16.62,5.43,0.06,0.7,48.62,6.21,81.38,Teff
3032,black,6.1,276.0,1.0,0.1587,0.9,4.0,8.343333333,9.276666667,12.83666667,11.43333333,28.11333333,31.15666667,25.52666667,24.43,8.733333333,12.25333333,12.97666667,10.7,0.873333333,4.013333333,15.06,4.36,3.44,0.7,48.62,6.1,79.61,Teff
3033,black,6.2,281.0,3.0,0.1552,1.2,5.0,8.343333333,9.276666667,12.83666667,11.43333333,28.11333333,31.15666667,25.52666667,24.43,8.733333333,12.25333333,12.97666667,10.7,0.873333333,4.013333333,15.06,4.36,3.44,0.7,48.62,6.1,79.61,Teff
3034,brown,6.7,220.0,3.0,0.1223,1.0,6.0,8.343333333,9.276666667,12.83666667,11.43333333,28.11333333,31.15666667,25.52666667,24.43,8.733333333,12.25333333,12.97666667,10.7,0.873333333,4.013333333,15.06,4.36,3.44,0.7,48.62,6.1,79.61,Teff
3035,red,5.54,310.0,2.0,0.2,2.4,6.0,8.343333333,9.276666667,12.83666667,11.43333333,28.11333333,31.15666667,25.52666667,24.43,8.733333333,12.25333333,12.97666667,10.7,0.873333333,4.013333333,15.06,4.36,3.44,0.7,48.62,6.1,79.61,Teff
3036,red,5.3,408.0,3.0,0.2054,1.4,11.0,8.343333333,9.276666667,12.83666667,11.43333333,28.11333333,31.15666667,25.52666667,24.43,8.733333333,12.25333333,12.97666667,10.7,0.873333333,4.013333333,15.06,4.36,3.44,0.7,48.62,6.1,79.61,Teff
3037,red,5.54,401.0,3.0,0.2,2.0,8.0,8.343333333,9.276666667,12.83666667,11.43333333,28.11333333,31.15666667,25.52666667,24.43,8.733333333,12.25333333,12.97666667,10.7,0.873333333,4.013333333,15.06,4.36,3.44,0.7,48.62,6.1,79.61,Teff
3038,brown,5.1,278.0,1.0,0.2344,1.9,2.0,8.343333333,9.276666667,12.83666667,11.43333333,28.11333333,31.15666667,25.52666667,24.43,8.733333333,12.25333333,12.97666667,10.7,0.873333333,4.013333333,15.06,4.36,3.44,0.7,48.62,6.1,79.61,Teff
3039,red,5.1,321.0,2.0,0.2344,2.1,14.0,8.343333333,9.276666667,12.83666667,11.43333333,28.11333333,31.15666667,25.52666667,24.43,8.733333333,12.25333333,12.97666667,10.7,0.873333333,4.013333333,15.06,4.36,3.44,0.7,48.62,6.1,79.61,Teff
3040,brown,5.6,481.0,2.0,0.1874,1.4,10.0,8.343333333,9.276666667,12.83666667,11.43333333,28.11333333,31.15666667,25.52666667,24.43,8.733333333,12.25333333,12.97666667,10.7,0.873333333,4.013333333,15.06,4.36,3.44,0.7,48.62,6.1,79.61,Teff
3041,black,7.2,288.0,1.0,0.1061,1.0,6.0,8.343333333,9.276666667,12.83666667,11.43333333,28.11333333,31.15666667,25.52666667,24.43,8.733333333,12.25333333,12.97666667,10.7,0.873333333,4.013333333,15.06,4.36,3.44,0.7,48.62,6.1,79.61,Teff
3042,black,6.0,468.0,1.0,0.1052,0.9,3.0,8.343333333,9.276666667,12.83666667,11.43333333,28.11333333,31.15666667,25.52666667,24.43,8.733333333,12.25333333,12.97666667,10.7,0.873333333,4.013333333,15.06,4.36,3.44,0.7,48.62,6.1,79.61,Teff
3043,black,6.7,284.0,1.0,0.1183,0.9,4.0,8.343333333,9.276666667,12.83666667,11.43333333,28.11333333,31.15666667,25.52666667,24.43,8.733333333,12.25333333,12.97666667,10.7,0.873333333,4.013333333,15.06,4.36,3.44,0.7,48.62,6.1,79.61,Teff
3044,black,6.1,375.0,2.0,0.1001,1.2,7.0,8.343333333,9.276666667,12.83666667,11.43333333,28.11333333,31.15666667,25.52666667,24.43,8.733333333,12.25333333,12.97666667,10.7,0.873333333,4.013333333,15.06,4.36,3.44,0.7,48.62,6.1,79.61,Teff
3045,red,5.1,278.0,3.0,0.2344,1.8,10.0,8.343333333,9.276666667,12.83666667,11.43333333,28.11333333,31.15666667,25.52666667,24.43,8.733333333,12.25333333,12.97666667,10.7,0.873333333,4.013333333,15.06,4.36,3.44,0.7,48.62,6.1,79.61,Teff
3046,red,4.5,253.0,3.0,0.236,0.9,16.0,8.383333333,9.543333333,13.49,12.63666667,29.17333333,33.1,26.3,25.15333333,8.533333333,13.18333333,13.02666667,11.33666667,0.413333333,4.41,16.62,5.43,0.06,0.7,48.62,6.21,81.38,Teff
3047,red,5.36,375.0,1.3,0.17,1.41,13.8,8.343333333,9.276666667,12.83666667,11.43333333,28.11333333,31.15666667,25.52666667,24.43,8.733333333,12.25333333,12.97666667,10.7,0.873333333,4.013333333,15.06,4.36,3.44,0.7,48.62,6.1,79.61,Teff
3048,brown,5.0,268.0,3.0,0.1676,1.6,10.0,8.343333333,9.276666667,12.83666667,11.43333333,28.11333333,31.15666667,25.52666667,24.43,8.733333333,12.25333333,12.97666667,10.7,0.873333333,4.013333333,15.06,4.36,3.44,0.7,48.62,6.1,79.61,Teff
3049,red,5.1,348.0,3.0,0.2344,1.8,6.0,8.343333333,9.276666667,12.83666667,11.43333333,28.11333333,31.15666667,25.52666667,24.43,8.733333333,12.25333333,12.97666667,10.7,0.873333333,4.013333333,15.06,4.36,3.44,0.7,48.62,6.1,79.61,Teff
3050,red,5.39,235.0,2.0,0.21,1.1,14.0,8.343333333,9.276666667,12.83666667,11.43333333,28.11333333,31.15666667,25.52666667,24.43,8.733333333,12.25333333,12.97666667,10.7,0.873333333,4.013333333,15.06,4.36,3.44,0.7,48.62,6.1,79.61,Teff
3051,brown,6.1,205.0,6.0,0.1689,1.4,8.0,8.343333333,9.276666667,12.83666667,11.43333333,28.11333333,31.15666667,25.52666667,24.43,8.733333333,12.25333333,12.97666667,10.7,0.873333333,4.013333333,15.06,4.36,3.44,0.7,48.62,6.1,79.61,Teff
3052,red,5.1,258.0,5.0,0.2344,1.3,19.0,8.343333333,9.276666667,12.83666667,11.43333333,28.11333333,31.15666667,25.52666667,24.43,8.733333333,12.25333333,12.97666667,10.7,0.873333333,4.013333333,15.06,4.36,3.44,0.7,48.62,6.1,79.61,Teff
3053,red,4.9,206.0,2.0,0.1749,1.3,12.0,8.343333333,9.276666667,12.83666667,11.43333333,28.11333333,31.15666667,25.52666667,24.43,8.733333333,12.25333333,12.97666667,10.7,0.873333333,4.013333333,15.06,4.36,3.44,0.7,48.62,6.1,79.61,Teff
3054,red,5.6,547.0,21.0,0.2565,3.5,8.0,8.343333333,9.276666667,12.83666667,11.43333333,28.11333333,31.15666667,25.52666667,24.43,8.733333333,12.25333333,12.97666667,10.7,0.873333333,4.013333333,15.06,4.36,3.44,0.7,48.62,6.1,79.61,Teff
3055,red,5.2,442.0,3.0,0.24,1.8,12.0,8.383333333,9.543333333,13.49,12.63666667,29.17333333,33.1,26.3,25.15333333,8.533333333,13.18333333,13.02666667,11.33666667,0.413333333,4.41,16.62,5.43,0.06,0.7,48.62,6.21,81.38,Teff
3056,brown,6.2,287.0,5.0,0.1463,1.0,6.0,8.343333333,9.276666667,12.83666667,11.43333333,28.11333333,31.15666667,25.52666667,24.43,8.733333333,12.25333333,12.97666667,10.7,0.873333333,4.013333333,15.06,4.36,3.44,0.7,48.62,6.1,79.61,Teff
3057,brown,5.8,455.0,4.0,0.156,1.5,7.0,8.343333333,9.276666667,12.83666667,11.43333333,28.11333333,31.15666667,25.52666667,24.43,8.733333333,12.25333333,12.97666667,10.7,0.873333333,4.013333333,15.06,4.36,3.44,0.7,48.62,6.1,79.61,Teff
3058,black,6.1,208.0,2.0,0.0911,2.7,4.0,8.343333333,9.276666667,12.83666667,11.43333333,28.11333333,31.15666667,25.52666667,24.43,8.733333333,12.25333333,12.97666667,10.7,0.873333333,4.013333333,15.06,4.36,3.44,0.7,48.62,6.1,79.61,Teff
3059,brown,6.3,114.0,2.0,0.1095,1.3,2.0,8.343333333,9.276666667,12.83666667,11.43333333,28.11333333,31.15666667,25.52666667,24.43,8.733333333,12.25333333,12.97666667,10.7,0.873333333,4.013333333,15.06,4.36,3.44,0.7,48.62,6.1,79.61,Teff
3060,red,4.9,280.0,2.0,0.185,0.7,17.0,8.383333333,9.543333333,13.49,12.63666667,29.17333333,33.1,26.3,25.15333333,8.533333333,13.18333333,13.02666667,11.33666667,0.413333333,4.41,16.62,5.43,0.06,0.7,48.62,6.21,81.38,Teff
3061,brown,6.5,542.0,5.0,0.1466,1.1,4.0,8.343333333,9.276666667,12.83666667,11.43333333,28.11333333,31.15666667,25.52666667,24.43,8.733333333,12.25333333,12.97666667,10.7,0.873333333,4.013333333,15.06,4.36,3.44,0.7,48.62,6.1,79.61,Teff
3062,red,5.39,158.0,2.0,0.21,0.8,15.0,8.343333333,9.276666667,12.83666667,11.43333333,28.11333333,31.15666667,25.52666667,24.43,8.733333333,12.25333333,12.97666667,10.7,0.873333333,4.013333333,15.06,4.36,3.44,0.7,48.62,6.1,79.61,Teff
3063,red,5.2,539.0,3.0,0.193,1.3,12.0,8.383333333,9.543333333,13.49,12.63666667,29.17333333,33.1,26.3,25.15333333,8.533333333,13.18333333,13.02666667,11.33666667,0.413333333,4.41,16.62,5.43,0.06,0.7,48.62,6.21,81.38,Teff
3064,brown,6.3,285.0,2.0,0.0793,0.8,8.0,8.343333333,9.276666667,12.83666667,11.43333333,28.11333333,31.15666667,25.52666667,24.43,8.733333333,12.25333333,12.97666667,10.7,0.873333333,4.013333333,15.06,4.36,3.44,0.7,48.62,6.1,79.61,Teff
3065,red,5.39,258.0,2.0,0.21,1.0,11.0,8.343333333,9.276666667,12.83666667,11.43333333,28.11333333,31.15666667,25.52666667,24.43,8.733333333,12.25333333,12.97666667,10.7,0.873333333,4.013333333,15.06,4.36,3.44,0.7,48.62,6.1,79.61,Teff
3066,red,5.39,319.0,3.0,0.21,0.9,11.0,8.343333333,9.276666667,12.83666667,11.43333333,28.11333333,31.15666667,25.52666667,24.43,8.733333333,12.25333333,12.97666667,10.7,0.873333333,4.013333333,15.06,4.36,3.44,0.7,48.62,6.1,79.61,Teff
3067,red,4.9,262.0,2.0,0.134,1.2,12.0,8.383333333,9.543333333,13.49,12.63666667,29.17333333,33.1,26.3,25.15333333,8.533333333,13.18333333,13.02666667,11.33666667,0.413333333,4.41,16.62,5.43,0.06,0.7,48.62,6.21,81.38,Teff
3068,red,5.1,255.0,2.0,0.2086,1.1,16.0,8.383333333,9.543333333,13.49,12.63666667,29.17333333,33.1,26.3,25.15333333,8.533333333,13.18333333,13.02666667,11.33666667,0.413333333,4.41,16.62,5.43,0.06,0.7,48.62,6.21,81.38,Teff
3069,red,5.39,196.0,3.0,0.21,1.1,13.0,8.343333333,9.276666667,12.83666667,11.43333333,28.11333333,31.15666667,25.52666667,24.43,8.733333333,12.25333333,12.97666667,10.7,0.873333333,4.013333333,15.06,4.36,3.44,0.7,48.62,6.1,79.61,Teff
3070,brown,5.3,369.0,4.0,0.271,1.7,13.0,8.383333333,9.543333333,13.49,12.63666667,29.17333333,33.1,26.3,25.15333333,8.533333333,13.18333333,13.02666667,11.33666667,0.413333333,4.41,16.62,5.43,0.06,0.7,48.62,6.21,81.38,Teff
3071,red,5.3,301.0,3.0,0.19,1.1,13.0,8.383333333,9.543333333,13.49,12.63666667,29.17333333,33.1,26.3,25.15333333,8.533333333,13.18333333,13.02666667,11.33666667,0.413333333,4.41,16.62,5.43,0.06,0.7,48.62,6.21,81.38,Teff
3072,red,5.35,393.0,1.77,0.22,1.88,13.1,8.343333333,9.276666667,12.83666667,11.43333333,28.11333333,31.15666667,25.52666667,24.43,8.733333333,12.25333333,12.97666667,10.7,0.873333333,4.013333333,15.06,4.36,3.44,0.7,48.62,6.1,79.61,Teff
3073,black,5.3,276.0,2.0,0.127,1.8,7.0,8.383333333,9.543333333,13.49,12.63666667,29.17333333,33.1,26.3,25.15333333,8.533333333,13.18333333,13.02666667,11.33666667,0.413333333,4.41,16.62,5.43,0.06,0.7,48.62,6.21,81.38,Teff
3074,red,5.1,384.0,2.0,0.154,1.7,11.0,8.383333333,9.543333333,13.49,12.63666667,29.17333333,33.1,26.3,25.15333333,8.533333333,13.18333333,13.02666667,11.33666667,0.413333333,4.41,16.62,5.43,0.06,0.7,48.62,6.21,81.38,Teff
3075,brown,5.3,339.0,2.0,0.148,1.1,12.0,8.383333333,9.543333333,13.49,12.63666667,29.17333333,33.1,26.3,25.15333333,8.533333333,13.18333333,13.02666667,11.33666667,0.413333333,4.41,16.62,5.43,0.06,0.7,48.62,6.21,81.38,Teff
3076,red,5.2,355.0,2.0,0.168,2.1,10.0,8.383333333,9.543333333,13.49,12.63666667,29.17333333,33.1,26.3,25.15333333,8.533333333,13.18333333,13.02666667,11.33666667,0.413333333,4.41,16.62,5.43,0.06,0.7,48.62,6.21,81.38,Teff
3077,black,6.07,301.0,5.08,0.17,1.88,12.1,8.343333333,9.276666667,12.83666667,11.43333333,28.11333333,31.15666667,25.52666667,24.43,8.733333333,12.25333333,12.97666667,10.7,0.873333333,4.013333333,15.06,4.36,3.44,0.7,48.62,6.1,79.61,Teff
3078,red,5.3,422.0,1.0,0.151,1.5,12.0,8.383333333,9.543333333,13.49,12.63666667,29.17333333,33.1,26.3,25.15333333,8.533333333,13.18333333,13.02666667,11.33666667,0.413333333,4.41,16.62,5.43,0.06,0.7,48.62,6.21,81.38,Teff
3079,red,5.3,381.0,3.0,0.167,1.1,11.0,8.383333333,9.543333333,13.49,12.63666667,29.17333333,33.1,26.3,25.15333333,8.533333333,13.18333333,13.02666667,11.33666667,0.413333333,4.41,16.62,5.43,0.06,0.7,48.62,6.21,81.38,Teff
3080,red,5.4,102.0,1.0,0.1,1.4,9.0,8.383333333,9.543333333,13.49,12.63666667,29.17333333,33.1,26.3,25.15333333,8.533333333,13.18333333,13.02666667,11.33666667,0.413333333,4.41,16.62,5.43,0.06,0.7,48.62,6.21,81.38,Teff
3081,red,5.3,274.0,1.0,0.154,1.0,13.0,8.383333333,9.543333333,13.49,12.63666667,29.17333333,33.1,26.3,25.15333333,8.533333333,13.18333333,13.02666667,11.33666667,0.413333333,4.41,16.62,5.43,0.06,0.7,48.62,6.21,81.38,Teff
3082,red,5.3,347.0,1.0,0.136,1.2,11.0,8.383333333,9.543333333,13.49,12.63666667,29.17333333,33.1,26.3,25.15333333,8.533333333,13.18333333,13.02666667,11.33666667,0.413333333,4.41,16.62,5.43,0.06,0.7,48.62,6.21,81.38,Teff
3083,black,5.9,422.0,3.0,0.103,1.7,7.0,8.383333333,9.543333333,13.49,12.63666667,29.17333333,33.1,26.3,25.15333333,8.533333333,13.18333333,13.02666667,11.33666667,0.413333333,4.41,16.62,5.43,0.06,0.7,48.62,6.21,81.38,Teff
3084,red,6.2,473.0,1.48,0.22,1.48,12.3,8.343333333,9.276666667,12.83666667,11.43333333,28.11333333,31.15666667,25.52666667,24.43,8.733333333,12.25333333,12.97666667,10.7,0.873333333,4.013333333,15.06,4.36,3.44,0.7,48.62,6.1,79.61,Teff
3085,red,5.4,916.0,11.0,0.277,2.6,18.0,8.383333333,9.543333333,13.49,12.63666667,29.17333333,33.1,26.3,25.15333333,8.533333333,13.18333333,13.02666667,11.33666667,0.413333333,4.41,16.62,5.43,0.06,0.7,48.62,6.21,81.38,Teff
3086,red,5.3,293.0,2.0,0.1457,1.0,12.0,8.343333333,9.276666667,12.83666667,11.43333333,28.11333333,31.15666667,25.52666667,24.43,8.733333333,12.25333333,12.97666667,10.7,0.873333333,4.013333333,15.06,4.36,3.44,0.7,48.62,6.1,79.61,Teff
3087,reddish brown,5.44,271.0,2.01,0.22,2.05,16.8,8.343333333,9.276666667,12.83666667,11.43333333,28.11333333,31.15666667,25.52666667,24.43,8.733333333,12.25333333,12.97666667,10.7,0.873333333,4.013333333,15.06,4.36,3.44,0.7,48.62,6.1,79.61,Teff
3088,brown,5.3,366.0,5.0,0.176,1.1,11.0,8.383333333,9.543333333,13.49,12.63666667,29.17333333,33.1,26.3,25.15333333,8.533333333,13.18333333,13.02666667,11.33666667,0.413333333,4.41,16.62,5.43,0.06,0.7,48.62,6.21,81.38,Teff
3089,black,5.1,125.0,2.0,0.1432,1.2,16.0,8.383333333,9.543333333,13.49,12.63666667,29.17333333,33.1,26.3,25.15333333,8.533333333,13.18333333,13.02666667,11.33666667,0.413333333,4.41,16.62,5.43,0.06,0.7,48.62,6.21,81.38,Teff
3090,black,5.1,233.0,3.0,0.164,4.4,13.0,8.383333333,9.543333333,13.49,12.63666667,29.17333333,33.1,26.3,25.15333333,8.533333333,13.18333333,13.02666667,11.33666667,0.413333333,4.41,16.62,5.43,0.06,0.7,48.62,6.21,81.38,Teff
3091,red,5.4,315.0,2.0,0.152,2.3,10.0,8.343333333,9.276666667,12.83666667,11.43333333,28.11333333,31.15666667,25.52666667,24.43,8.733333333,12.25333333,12.97666667,10.7,0.873333333,4.013333333,15.06,4.36,3.44,0.7,48.62,6.1,79.61,Teff
3092,black,6.14,241.0,3.44,0.13,1.64,9.81,8.343333333,9.276666667,12.83666667,11.43333333,28.11333333,31.15666667,25.52666667,24.43,8.733333333,12.25333333,12.97666667,10.7,0.873333333,4.013333333,15.06,4.36,3.44,0.7,48.62,6.1,79.61,Teff
3093,brown,6.0,300.0,2.0,0.119,1.6,11.0,8.383333333,9.543333333,13.49,12.63666667,29.17333333,33.1,26.3,25.15333333,8.533333333,13.18333333,13.02666667,11.33666667,0.413333333,4.41,16.62,5.43,0.06,0.7,48.62,6.21,81.38,Teff
3094,red,5.1,464.0,3.0,0.234,2.4,11.0,8.383333333,9.543333333,13.49,12.63666667,29.17333333,33.1,26.3,25.15333333,8.533333333,13.18333333,13.02666667,11.33666667,0.413333333,4.41,16.62,5.43,0.06,0.7,48.62,6.21,81.38,Teff
3095,red,5.4,185.0,1.0,0.1474,0.9,11.0,8.343333333,9.276666667,12.83666667,11.43333333,28.11333333,31.15666667,25.52666667,24.43,8.733333333,12.25333333,12.97666667,10.7,0.873333333,4.013333333,15.06,4.36,3.44,0.7,48.62,6.1,79.61,Teff
3096,red,5.1,268.0,4.0,0.164,1.2,14.0,8.383333333,9.543333333,13.49,12.63666667,29.17333333,33.1,26.3,25.15333333,8.533333333,13.18333333,13.02666667,11.33666667,0.413333333,4.41,16.62,5.43,0.06,0.7,48.62,6.21,81.38,Teff
3097,red,5.4,307.0,3.0,0.142,1.2,10.0,8.383333333,9.543333333,13.49,12.63666667,29.17333333,33.1,26.3,25.15333333,8.533333333,13.18333333,13.02666667,11.33666667,0.413333333,4.41,16.62,5.43,0.06,0.7,48.62,6.21,81.38,Teff
3098,very dark brown,6.39,345.0,6.18,0.21,2.56,8.43,8.343333333,9.276666667,12.83666667,11.43333333,28.11333333,31.15666667,25.52666667,24.43,8.733333333,12.25333333,12.97666667,10.7,0.873333333,4.013333333,15.06,4.36,3.44,0.7,48.62,6.1,79.61,Teff
3099,very dark brown,6.24,195.0,2.28,0.12,1.33,9.04,8.343333333,9.276666667,12.83666667,11.43333333,28.11333333,31.15666667,25.52666667,24.43,8.733333333,12.25333333,12.97666667,10.7,0.873333333,4.013333333,15.06,4.36,3.44,0.7,48.62,6.1,79.61,Teff
3100,brown,5.0,208.0,9.0,0.169,2.0,12.0,8.383333333,9.543333333,13.49,12.63666667,29.17333333,33.1,26.3,25.15333333,8.533333333,13.18333333,13.02666667,11.33666667,0.413333333,4.41,16.62,5.43,0.06,0.7,48.62,6.21,81.38,Teff
3101,dark grayish brown,6.17,291.0,1.45,0.14,2.18,12.2,8.343333333,9.276666667,12.83666667,11.43333333,28.11333333,31.15666667,25.52666667,24.43,8.733333333,12.25333333,12.97666667,10.7,0.873333333,4.013333333,15.06,4.36,3.44,0.7,48.62,6.1,79.61,Teff
3102,black,5.5,200.0,8.0,0.158,2.2,11.0,8.383333333,9.543333333,13.49,12.63666667,29.17333333,33.1,26.3,25.15333333,8.533333333,13.18333333,13.02666667,11.33666667,0.413333333,4.41,16.62,5.43,0.06,0.7,48.62,6.21,81.38,Teff
3103,red,5.2,319.0,26.0,0.1883,3.4,10.0,8.383333333,9.543333333,13.49,12.63666667,29.17333333,33.1,26.3,25.15333333,8.533333333,13.18333333,13.02666667,11.33666667,0.413333333,4.41,16.62,5.43,0.06,0.7,48.62,6.21,81.38,Teff
3104,black,5.4,134.0,7.0,0.0861,1.7,10.0,8.383333333,9.543333333,13.49,12.63666667,29.17333333,33.1,26.3,25.15333333,8.533333333,13.18333333,13.02666667,11.33666667,0.413333333,4.41,16.62,5.43,0.06,0.7,48.62,6.21,81.38,Teff
3105,red,5.1,373.0,1.0,0.1587,1.8,13.0,8.383333333,9.543333333,13.49,12.63666667,29.17333333,33.1,26.3,25.15333333,8.533333333,13.18333333,13.02666667,11.33666667,0.413333333,4.41,16.62,5.43,0.06,0.7,48.62,6.21,81.38,Teff
3106,brown,5.67,317.0,1.89,0.2,1.15,10.5,8.343333333,9.276666667,12.83666667,11.43333333,28.11333333,31.15666667,25.52666667,24.43,8.733333333,12.25333333,12.97666667,10.7,0.873333333,4.013333333,15.06,4.36,3.44,0.7,48.62,6.1,79.61,Teff
3107,red,5.4,374.0,1.0,0.1789,0.9,19.0,8.383333333,9.543333333,13.49,12.63666667,29.17333333,33.1,26.3,25.15333333,8.533333333,13.18333333,13.02666667,11.33666667,0.413333333,4.41,16.62,5.43,0.06,0.7,48.62,6.21,81.38,Teff
3108,brown,5.76,528.0,9.03,0.24,2.31,9.23,8.343333333,9.276666667,12.83666667,11.43333333,28.11333333,31.15666667,25.52666667,24.43,8.733333333,12.25333333,12.97666667,10.7,0.873333333,4.013333333,15.06,4.36,3.44,0.7,48.62,6.1,79.61,Teff
3109,red,5.3,359.0,1.0,0.1733,0.9,17.0,8.383333333,9.543333333,13.49,12.63666667,29.17333333,33.1,26.3,25.15333333,8.533333333,13.18333333,13.02666667,11.33666667,0.413333333,4.41,16.62,5.43,0.06,0.7,48.62,6.21,81.38,Teff
3110,red,5.6,421.0,4.0,0.2601,0.8,15.0,8.383333333,9.543333333,13.49,12.63666667,29.17333333,33.1,26.3,25.15333333,8.533333333,13.18333333,13.02666667,11.33666667,0.413333333,4.41,16.62,5.43,0.06,0.7,48.62,6.21,81.38,Teff
3111,brown,5.4,230.0,6.01,0.14,1.13,15.4,8.383333333,9.543333333,13.49,12.63666667,29.17333333,33.1,26.3,25.15333333,8.533333333,13.18333333,13.02666667,11.33666667,0.413333333,4.41,16.62,5.43,0.06,0.7,48.62,6.21,81.38,Teff
3112,red,5.3,213.0,2.0,0.168,1.1,13.0,8.383333333,9.543333333,13.49,12.63666667,29.17333333,33.1,26.3,25.15333333,8.533333333,13.18333333,13.02666667,11.33666667,0.413333333,4.41,16.62,5.43,0.06,0.7,48.62,6.21,81.38,Teff
3113,red,5.8,598.0,4.0,0.1684,1.3,13.0,8.383333333,9.543333333,13.49,12.63666667,29.17333333,33.1,26.3,25.15333333,8.533333333,13.18333333,13.02666667,11.33666667,0.413333333,4.41,16.62,5.43,0.06,0.7,48.62,6.21,81.38,Teff
3114,red,5.0,315.0,4.0,0.1906,1.4,16.0,8.383333333,9.543333333,13.49,12.63666667,29.17333333,33.1,26.3,25.15333333,8.533333333,13.18333333,13.02666667,11.33666667,0.413333333,4.41,16.62,5.43,0.06,0.7,48.62,6.21,81.38,Teff
3115,brown,5.68,166.0,2.54,0.16,1.49,7.62,8.383333333,9.543333333,13.49,12.63666667,29.17333333,33.1,26.3,25.15333333,8.533333333,13.18333333,13.02666667,11.33666667,0.413333333,4.41,16.62,5.43,0.06,0.7,48.62,6.21,81.38,Teff
3116,red,5.2,227.0,3.0,0.1741,1.1,11.0,8.383333333,9.543333333,13.49,12.63666667,29.17333333,33.1,26.3,25.15333333,8.533333333,13.18333333,13.02666667,11.33666667,0.413333333,4.41,16.62,5.43,0.06,0.7,48.62,6.21,81.38,Teff
3117,red,5.4,231.0,2.0,0.1403,0.9,13.0,8.383333333,9.543333333,13.49,12.63666667,29.17333333,33.1,26.3,25.15333333,8.533333333,13.18333333,13.02666667,11.33666667,0.413333333,4.41,16.62,5.43,0.06,0.7,48.62,6.21,81.38,Teff
3118,reddish brown,5.94,220.0,5.41,0.19,1.97,8.07,8.343333333,9.276666667,12.83666667,11.43333333,28.11333333,31.15666667,25.52666667,24.43,8.733333333,12.25333333,12.97666667,10.7,0.873333333,4.013333333,15.06,4.36,3.44,0.7,48.62,6.1,79.61,Teff
3119,reddish brown,5.3,98.0,1.14,0.16,0.68,8.65,8.383333333,9.543333333,13.49,12.63666667,29.17333333,33.1,26.3,25.15333333,8.533333333,13.18333333,13.02666667,11.33666667,0.413333333,4.41,16.62,5.43,0.06,0.7,48.62,6.21,81.38,Teff
3120,dark gray,7.2,214.0,1.21,0.08,0.78,4.04,8.383333333,9.543333333,13.49,12.63666667,29.17333333,33.1,26.3,25.15333333,8.533333333,13.18333333,13.02666667,11.33666667,0.413333333,4.41,16.62,5.43,0.06,0.7,48.62,6.21,81.38,Teff
3121,brown,5.78,198.0,2.7,0.12,1.28,5.53,7.73,9.563333333,13.85333333,12.8,30.82666667,33.61666667,27.11,26.51,11.39,15.65666667,14.20666667,13.64333333,0.38,2.85,14.68666667,3.316666667,354.88,0.65,53.49,8.15,82.67,Teff
3122,brown,6.25,217.0,1.55,0.14,0.63,4.22,7.73,9.563333333,13.85333333,12.8,30.82666667,33.61666667,27.11,26.51,11.39,15.65666667,14.20666667,13.64333333,0.38,2.85,14.68666667,3.316666667,354.88,0.65,53.49,8.15,82.67,Teff
3123,dark gray,5.96,161.0,0.75,0.11,1.47,42.5,7.73,9.563333333,13.85333333,12.8,30.82666667,33.61666667,27.11,26.51,11.39,15.65666667,14.20666667,13.64333333,0.38,2.85,14.68666667,3.316666667,354.88,0.65,53.49,8.15,82.67,Teff
3124,brown,5.87,238.0,5.06,0.12,1.2,6.13,8.383333333,9.543333333,13.49,12.63666667,29.17333333,33.1,26.3,25.15333333,8.533333333,13.18333333,13.02666667,11.33666667,0.413333333,4.41,16.62,5.43,0.06,0.7,48.62,6.21,81.38,Teff
3125,reddish brown,6.12,544.0,1.03,0.16,2.35,7.88,8.343333333,9.276666667,12.83666667,11.43333333,28.11333333,31.15666667,25.52666667,24.43,8.733333333,12.25333333,12.97666667,10.7,0.873333333,4.013333333,15.06,4.36,3.44,0.7,48.62,6.1,79.61,Teff
3126,dark brown,5.93,350.0,32.2,0.18,0.63,5.31,7.73,9.563333333,13.85333333,12.8,30.82666667,33.61666667,27.11,26.51,11.39,15.65666667,14.20666667,13.64333333,0.38,2.85,14.68666667,3.316666667,354.88,0.65,53.49,8.15,82.67,Teff
3127,brown,6.71,118.0,9.14,0.11,0.5,5.6,7.73,9.563333333,13.85333333,12.8,30.82666667,33.61666667,27.11,26.51,11.39,15.65666667,14.20666667,13.64333333,0.38,2.85,14.68666667,3.316666667,354.88,0.65,53.49,8.15,82.67,Teff
3128,red,5.74,346.0,3.56,0.13,1.07,7.01,7.73,9.563333333,13.85333333,12.8,30.82666667,33.61666667,27.11,26.51,11.39,15.65666667,14.20666667,13.64333333,0.38,2.85,14.68666667,3.316666667,354.88,0.65,53.49,8.15,82.67,Teff
3129,brown,6.55,184.0,18.5,0.15,0.27,5.7,7.73,9.563333333,13.85333333,12.8,30.82666667,33.61666667,27.11,26.51,11.39,15.65666667,14.20666667,13.64333333,0.38,2.85,14.68666667,3.316666667,354.88,0.65,53.49,8.15,82.67,Teff
3130,reddish brown,5.26,179.0,1.97,0.15,0.97,14.5,7.73,9.563333333,13.85333333,12.8,30.82666667,33.61666667,27.11,26.51,11.39,15.65666667,14.20666667,13.64333333,0.38,2.85,14.68666667,3.316666667,354.88,0.65,53.49,8.15,82.67,Teff
3131,dark brown,6.72,416.0,15.5,0.16,0.72,5.5,7.73,9.563333333,13.85333333,12.8,30.82666667,33.61666667,27.11,26.51,11.39,15.65666667,14.20666667,13.64333333,0.38,2.85,14.68666667,3.316666667,354.88,0.65,53.49,8.15,82.67,Teff
3132,red,6.29,215.0,1.23,0.11,0.9,6.87,8.383333333,9.543333333,13.49,12.63666667,29.17333333,33.1,26.3,25.15333333,8.533333333,13.18333333,13.02666667,11.33666667,0.413333333,4.41,16.62,5.43,0.06,0.7,48.62,6.21,81.38,Teff
3133,dark brown,6.78,464.0,20.1,0.15,0.75,8.96,7.73,9.563333333,13.85333333,12.8,30.82666667,33.61666667,27.11,26.51,11.39,15.65666667,14.20666667,13.64333333,0.38,2.85,14.68666667,3.316666667,354.88,0.65,53.49,8.15,82.67,Teff
3134,brown,6.46,190.0,3.97,0.08,0.63,8.02,8.383333333,9.543333333,13.49,12.63666667,29.17333333,33.1,26.3,25.15333333,8.533333333,13.18333333,13.02666667,11.33666667,0.413333333,4.41,16.62,5.43,0.06,0.7,48.62,6.21,81.38,Teff
3135,dark brown,5.61,195.0,7.24,0.19,2.18,8.01,8.343333333,9.276666667,12.83666667,11.43333333,28.11333333,31.15666667,25.52666667,24.43,8.733333333,12.25333333,12.97666667,10.7,0.873333333,4.013333333,15.06,4.36,3.44,0.7,48.62,6.1,79.61,Teff
3136,black,6.02,217.0,0.73,0.1,0.85,8.05,8.383333333,9.543333333,13.49,12.63666667,29.17333333,33.1,26.3,25.15333333,8.533333333,13.18333333,13.02666667,11.33666667,0.413333333,4.41,16.62,5.43,0.06,0.7,48.62,6.21,81.38,Teff
3137,reddish brown,6.02,257.0,1.04,0.12,0.97,7.61,8.383333333,9.543333333,13.49,12.63666667,29.17333333,33.1,26.3,25.15333333,8.533333333,13.18333333,13.02666667,11.33666667,0.413333333,4.41,16.62,5.43,0.06,0.7,48.62,6.21,81.38,Teff
3138,red,5.69,436.0,0.84,0.23,2.36,10.6,8.383333333,9.543333333,13.49,12.63666667,29.17333333,33.1,26.3,25.15333333,8.533333333,13.18333333,13.02666667,11.33666667,0.413333333,4.41,16.62,5.43,0.06,0.7,48.62,6.21,81.38,Teff
3139,dark grayish brown,6.23,195.0,2.05,0.09,0.58,7.75,8.383333333,9.543333333,13.49,12.63666667,29.17333333,33.1,26.3,25.15333333,8.533333333,13.18333333,13.02666667,11.33666667,0.413333333,4.41,16.62,5.43,0.06,0.7,48.62,6.21,81.38,Teff
3140,red,5.69,101.0,0.91,0.13,0.57,7.57,7.73,9.563333333,13.85333333,12.8,30.82666667,33.61666667,27.11,26.51,11.39,15.65666667,14.20666667,13.64333333,0.38,2.85,14.68666667,3.316666667,354.88,0.65,53.49,8.15,82.67,Teff
3141,black,6.51,196.0,1.25,0.09,0.64,5.41,7.73,9.563333333,13.85333333,12.8,30.82666667,33.61666667,27.11,26.51,11.39,15.65666667,14.20666667,13.64333333,0.38,2.85,14.68666667,3.316666667,354.88,0.65,53.49,8.15,82.67,Teff
3142,very dark gray,6.44,222.0,3.11,0.11,0.75,7.28,8.383333333,9.543333333,13.49,12.63666667,29.17333333,33.1,26.3,25.15333333,8.533333333,13.18333333,13.02666667,11.33666667,0.413333333,4.41,16.62,5.43,0.06,0.7,48.62,6.21,81.38,Teff
3143,brown,5.98,326.0,36.0,0.26,2.56,7.82,8.343333333,9.276666667,12.83666667,11.43333333,28.11333333,31.15666667,25.52666667,24.43,8.733333333,12.25333333,12.97666667,10.7,0.873333333,4.013333333,15.06,4.36,3.44,0.7,48.62,6.1,79.61,Teff
3144,black,6.46,516.0,63.2,0.2,2.08,12.6,7.73,9.563333333,13.85333333,12.8,30.82666667,33.61666667,27.11,26.51,11.39,15.65666667,14.20666667,13.64333333,0.38,2.85,14.68666667,3.316666667,354.88,0.65,53.49,8.15,82.67,Teff
3145,grayish brown,6.12,227.0,1.43,0.1,0.78,5.53,8.383333333,9.543333333,13.49,12.63666667,29.17333333,33.1,26.3,25.15333333,8.533333333,13.18333333,13.02666667,11.33666667,0.413333333,4.41,16.62,5.43,0.06,0.7,48.62,6.21,81.38,Teff
3146,black,6.23,377.0,5.16,0.2,3.12,12.8,7.73,9.563333333,13.85333333,12.8,30.82666667,33.61666667,27.11,26.51,11.39,15.65666667,14.20666667,13.64333333,0.38,2.85,14.68666667,3.316666667,354.88,0.65,53.49,8.15,82.67,Teff
3147,red,5.71,361.0,32.7,0.18,0.66,5.48,8.383333333,9.543333333,13.49,12.63666667,29.17333333,33.1,26.3,25.15333333,8.533333333,13.18333333,13.02666667,11.33666667,0.413333333,4.41,16.62,5.43,0.06,0.7,48.62,6.21,81.38,Teff
3148,brown,7.17,267.0,1.86,0.14,1.11,5.62,7.73,9.563333333,13.85333333,12.8,30.82666667,33.61666667,27.11,26.51,11.39,15.65666667,14.20666667,13.64333333,0.38,2.85,14.68666667,3.316666667,354.88,0.65,53.49,8.15,82.67,Teff
3149,gray,5.44,204.0,2.03,0.22,0.69,12.0,8.343333333,9.276666667,12.83666667,11.43333333,28.11333333,31.15666667,25.52666667,24.43,8.733333333,12.25333333,12.97666667,10.7,0.873333333,4.013333333,15.06,4.36,3.44,0.7,48.62,6.1,79.61,Teff
3150,dark brown,5.67,261.0,4.76,0.19,1.31,9.36,7.73,9.563333333,13.85333333,12.8,30.82666667,33.61666667,27.11,26.51,11.39,15.65666667,14.20666667,13.64333333,0.38,2.85,14.68666667,3.316666667,354.88,0.65,53.49,8.15,82.67,Teff
3151,dark gray,6.09,242.0,4.14,0.15,1.69,10.4,7.73,9.563333333,13.85333333,12.8,30.82666667,33.61666667,27.11,26.51,11.39,15.65666667,14.20666667,13.64333333,0.38,2.85,14.68666667,3.316666667,354.88,0.65,53.49,8.15,82.67,Teff
3152,black,5.67,446.0,43.0,0.17,2.7,14.0,8.91,9.48,12.24666667,11.10666667,25.20666667,29.71333333,23.59,22.8,5.76,9.296666667,11.20666667,8.26,2.293333333,4.61,17.44666667,5.803333333,68.94,0.73,59.11,5.44,78.25,Wheat
3153,black,5.67,208.0,20.0,0.17,3.7,12.0,8.91,9.48,12.24666667,11.10666667,25.20666667,29.71333333,23.59,22.8,5.76,9.296666667,11.20666667,8.26,2.293333333,4.61,17.44666667,5.803333333,68.94,0.73,59.11,5.44,78.25,Wheat
3154,brown,5.2,99.0,2.0,0.000261711,1.1,7.0,8.91,9.48,12.24666667,11.10666667,25.20666667,29.71333333,23.59,22.8,5.76,9.296666667,11.20666667,8.26,2.293333333,4.61,17.44666667,5.803333333,68.94,0.73,59.11,5.44,78.25,Wheat
3155,brown,6.1,112.0,3.0,0.072,1.3,8.0,8.91,9.48,12.24666667,11.10666667,25.20666667,29.71333333,23.59,22.8,5.76,9.296666667,11.20666667,8.26,2.293333333,4.61,17.44666667,5.803333333,68.94,0.73,59.11,5.44,78.25,Wheat
3156,brown,6.0,193.0,2.0,0.18,1.6,7.0,8.91,9.48,12.24666667,11.10666667,25.20666667,29.71333333,23.59,22.8,5.76,9.296666667,11.20666667,8.26,2.293333333,4.61,17.44666667,5.803333333,68.94,0.73,59.11,5.44,78.25,Wheat
3157,black,5.78,364.0,5.0,0.16,1.8,14.0,7.933333333,8.403333333,11.41333333,10.15,24.85,28.5,23.53333333,21.64666667,6.253333333,9.81,10.58666667,8.38,1.763333333,3.246666667,13.01333333,3.463333333,88.38,0.74,59.11,6.26,76.54,Wheat
3158,black,5.67,181.0,11.0,0.17,2.2,16.0,8.91,9.48,12.24666667,11.10666667,25.20666667,29.71333333,23.59,22.8,5.76,9.296666667,11.20666667,8.26,2.293333333,4.61,17.44666667,5.803333333,68.94,0.73,59.11,5.44,78.25,Wheat
3159,black,5.67,130.0,24.0,0.17,2.8,13.0,8.91,9.48,12.24666667,11.10666667,25.20666667,29.71333333,23.59,22.8,5.76,9.296666667,11.20666667,8.26,2.293333333,4.61,17.44666667,5.803333333,68.94,0.73,59.11,5.44,78.25,Wheat
3160,black,5.67,209.0,29.0,0.17,7.4,17.0,8.91,9.48,12.24666667,11.10666667,25.20666667,29.71333333,23.59,22.8,5.76,9.296666667,11.20666667,8.26,2.293333333,4.61,17.44666667,5.803333333,68.94,0.73,59.11,5.44,78.25,Wheat
3161,brown,5.6,134.0,1.0,0.372455231,0.9,19.0,8.91,9.48,12.24666667,11.10666667,25.20666667,29.71333333,23.59,22.8,5.76,9.296666667,11.20666667,8.26,2.293333333,4.61,17.44666667,5.803333333,68.94,0.73,59.11,5.44,78.25,Wheat
3162,brown,5.3,202.0,1.0,0.266814054,0.5,25.0,8.91,9.48,12.24666667,11.10666667,25.20666667,29.71333333,23.59,22.8,5.76,9.296666667,11.20666667,8.26,2.293333333,4.61,17.44666667,5.803333333,68.94,0.73,59.11,5.44,78.25,Wheat
3163,brown,5.8,189.0,3.0,0.250293402,1.4,8.0,9.723333333,10.70333333,13.77333333,12.65666667,28.04,32.58,25.64333333,25.47333333,8.783333333,12.89,14.08666667,11.01,2.78,5.403333333,19.36333333,6.98,343.44,0.73,59.11,5.19,82.6,Wheat
3164,black,5.4,120.17,12.23,0.1255,1.88,15.58,8.91,9.48,12.24666667,11.10666667,25.20666667,29.71333333,23.59,22.8,5.76,9.296666667,11.20666667,8.26,2.293333333,4.61,17.44666667,5.803333333,68.94,0.73,59.11,5.44,78.25,Wheat
3165,black,5.4,140.0,16.0,0.1255,2.4,20.0,8.91,9.48,12.24666667,11.10666667,25.20666667,29.71333333,23.59,22.8,5.76,9.296666667,11.20666667,8.26,2.293333333,4.61,17.44666667,5.803333333,68.94,0.73,59.11,5.44,78.25,Wheat
3166,black,5.4,182.0,12.0,0.1255,3.2,11.0,8.91,9.48,12.24666667,11.10666667,25.20666667,29.71333333,23.59,22.8,5.76,9.296666667,11.20666667,8.26,2.293333333,4.61,17.44666667,5.803333333,68.94,0.73,59.11,5.44,78.25,Wheat
3167,brown,6.1,178.0,3.0,0.167037589,1.7,5.0,8.91,9.48,12.24666667,11.10666667,25.20666667,29.71333333,23.59,22.8,5.76,9.296666667,11.20666667,8.26,2.293333333,4.61,17.44666667,5.803333333,68.94,0.73,59.11,5.44,78.25,Wheat
3168,black,5.8,256.0,2.0,0.250293402,1.9,10.0,8.91,9.48,12.24666667,11.10666667,25.20666667,29.71333333,23.59,22.8,5.76,9.296666667,11.20666667,8.26,2.293333333,4.61,17.44666667,5.803333333,68.94,0.73,59.11,5.44,78.25,Wheat
3169,red,6.38,181.0,2.0,0.12,1.3,8.0,7.933333333,8.403333333,11.41333333,10.15,24.85,28.5,23.53333333,21.64666667,6.253333333,9.81,10.58666667,8.38,1.763333333,3.246666667,13.01333333,3.463333333,88.38,0.74,59.11,6.26,76.54,Wheat
3170,brown,5.4,233.0,29.0,0.1255,3.6,19.0,8.91,9.48,12.24666667,11.10666667,25.20666667,29.71333333,23.59,22.8,5.76,9.296666667,11.20666667,8.26,2.293333333,4.61,17.44666667,5.803333333,68.94,0.73,59.11,5.44,78.25,Wheat
3171,gray,6.2,193.0,4.0,0.260151402,2.6,5.0,8.91,9.48,12.24666667,11.10666667,25.20666667,29.71333333,23.59,22.8,5.76,9.296666667,11.20666667,8.26,2.293333333,4.61,17.44666667,5.803333333,68.94,0.73,59.11,5.44,78.25,Wheat
3172,brown,5.8,78.45,2.31,0.250293402,1.21,7.71,8.91,9.48,12.24666667,11.10666667,25.20666667,29.71333333,23.59,22.8,5.76,9.296666667,11.20666667,8.26,2.293333333,4.61,17.44666667,5.803333333,68.94,0.73,59.11,5.44,78.25,Wheat
3173,gray,7.2,180.0,7.0,0.110631325,1.1,8.0,7.753333333,8.156666667,11.82,10.43666667,28.24666667,31.11666667,27.03,25.41,11.14333333,14.42666667,14.72666667,13.07333333,0.68,1.94,10.21333333,2.306666667,106.94,0.52,54.41,9.58,80.44,Wheat
3174,brown,6.95,489.0,4.0,0.16,1.7,14.0,7.933333333,8.403333333,11.41333333,10.15,24.85,28.5,23.53333333,21.64666667,6.253333333,9.81,10.58666667,8.38,1.763333333,3.246666667,13.01333333,3.463333333,88.38,0.74,59.11,6.26,76.54,Wheat
3175,gray,6.91,427.0,12.0,0.09,1.2,7.0,7.933333333,8.403333333,11.41333333,10.15,24.85,28.5,23.53333333,21.64666667,6.253333333,9.81,10.58666667,8.38,1.763333333,3.246666667,13.01333333,3.463333333,88.38,0.74,59.11,6.26,76.54,Wheat
3176,black,6.2,321.5,12.95,0.260151402,3.27,5.29,8.91,9.48,12.24666667,11.10666667,25.20666667,29.71333333,23.59,22.8,5.76,9.296666667,11.20666667,8.26,2.293333333,4.61,17.44666667,5.803333333,68.94,0.73,59.11,5.44,78.25,Wheat
3177,brown,5.88,829.0,35.0,0.12,3.6,12.0,7.933333333,8.403333333,11.41333333,10.15,24.85,28.5,23.53333333,21.64666667,6.253333333,9.81,10.58666667,8.38,1.763333333,3.246666667,13.01333333,3.463333333,88.38,0.74,59.11,6.26,76.54,Wheat
3178,brown,5.8,52.06,2.81,0.250293402,1.21,5.9,8.91,9.48,12.24666667,11.10666667,25.20666667,29.71333333,23.59,22.8,5.76,9.296666667,11.20666667,8.26,2.293333333,4.61,17.44666667,5.803333333,68.94,0.73,59.11,5.44,78.25,Wheat
3179,brown,5.87,300.0,5.0,0.12,2.5,7.0,7.933333333,8.403333333,11.41333333,10.15,24.85,28.5,23.53333333,21.64666667,6.253333333,9.81,10.58666667,8.38,1.763333333,3.246666667,13.01333333,3.463333333,88.38,0.74,59.11,6.26,76.54,Wheat
3180,black,5.8,150.0,5.0,0.250293402,0.6,10.0,8.91,9.48,12.24666667,11.10666667,25.20666667,29.71333333,23.59,22.8,5.76,9.296666667,11.20666667,8.26,2.293333333,4.61,17.44666667,5.803333333,68.94,0.73,59.11,5.44,78.25,Wheat
3181,black,5.88,453.0,5.0,0.12,2.8,10.0,7.933333333,8.403333333,11.41333333,10.15,24.85,28.5,23.53333333,21.64666667,6.253333333,9.81,10.58666667,8.38,1.763333333,3.246666667,13.01333333,3.463333333,88.38,0.74,59.11,6.26,76.54,Wheat
3182,red,6.2,281.0,2.0,0.260151402,1.8,8.0,8.91,9.48,12.24666667,11.10666667,25.20666667,29.71333333,23.59,22.8,5.76,9.296666667,11.20666667,8.26,2.293333333,4.61,17.44666667,5.803333333,68.94,0.73,59.11,5.44,78.25,Wheat
3183,brown,6.2,222.77,5.3,0.260151402,1.57,7.21,8.91,9.48,12.24666667,11.10666667,25.20666667,29.71333333,23.59,22.8,5.76,9.296666667,11.20666667,8.26,2.293333333,4.61,17.44666667,5.803333333,68.94,0.73,59.11,5.44,78.25,Wheat
3184,brown,6.2,299.0,6.0,0.260151402,1.3,8.0,8.506666667,9.34,12.16666667,10.92666667,25.34333333,28.87,23.33666667,22.28,6.053333333,9.353333333,10.93333333,8.29,1.736666667,5.203333333,17.81666667,5.823333333,36.06,0.77,59.11,5.41,77.29,Wheat
3185,brown,5.3,110.0,7.0,0.2279,1.1,12.0,8.506666667,9.34,12.16666667,10.92666667,25.34333333,28.87,23.33666667,22.28,6.053333333,9.353333333,10.93333333,8.29,1.736666667,5.203333333,17.81666667,5.823333333,36.06,0.77,59.11,5.41,77.29,Wheat
3186,brown,5.8,253.0,3.0,0.250293402,1.5,11.0,8.506666667,9.34,12.16666667,10.92666667,25.34333333,28.87,23.33666667,22.28,6.053333333,9.353333333,10.93333333,8.29,1.736666667,5.203333333,17.81666667,5.823333333,36.06,0.77,59.11,5.41,77.29,Wheat
3187,other,5.8,81.0,2.0,0.250293402,1.1,15.0,8.506666667,9.34,12.16666667,10.92666667,25.34333333,28.87,23.33666667,22.28,6.053333333,9.353333333,10.93333333,8.29,1.736666667,5.203333333,17.81666667,5.823333333,36.06,0.77,59.11,5.41,77.29,Wheat
3188,black,5.3,130.62,11.59,0.2279,2.06,23.23,8.506666667,9.34,12.16666667,10.92666667,25.34333333,28.87,23.33666667,22.28,6.053333333,9.353333333,10.93333333,8.29,1.736666667,5.203333333,17.81666667,5.823333333,36.06,0.77,59.11,5.41,77.29,Wheat
3189,brown,5.98,517.0,12.0,0.18,2.9,11.0,7.586666667,8.136666667,11.43,10.15,26.32666667,28.97,24.37666667,22.67333333,7.513333333,11.38333333,11.81,10.08666667,0.91,2.266666667,11.76666667,2.96,88.31,0.63,59.11,6.01,77.15,Wheat
3190,gray,7.4,648.0,13.0,0.043662318,2.1,18.0,7.586666667,8.136666667,11.43,10.15,26.32666667,28.97,24.37666667,22.67333333,7.513333333,11.38333333,11.81,10.08666667,0.91,2.266666667,11.76666667,2.96,88.31,0.63,59.11,6.01,77.15,Wheat
3191,black,6.62,639.0,5.0,0.2289,2.2,15.0,8.566666667,9.663333333,12.73666667,11.78,25.88333333,30.05666667,23.65,22.84666667,6.626666667,10.35,11.17333333,9.1,1.343333333,5.66,19.92,7.42,14.25,0.8,59.11,6.06,78.58,Wheat
3192,black,6.1,208.4,3.95,0.1177,5.34,11.26,8.506666667,9.34,12.16666667,10.92666667,25.34333333,28.87,23.33666667,22.28,6.053333333,9.353333333,10.93333333,8.29,1.736666667,5.203333333,17.81666667,5.823333333,36.06,0.77,59.11,5.41,77.29,Wheat
3193,other,5.8,96.24,2.99,0.250293402,1.31,27.76,8.506666667,9.34,12.16666667,10.92666667,25.34333333,28.87,23.33666667,22.28,6.053333333,9.353333333,10.93333333,8.29,1.736666667,5.203333333,17.81666667,5.823333333,36.06,0.77,59.11,5.41,77.29,Wheat
3194,brown,5.8,80.0,8.0,0.250293402,1.0,19.0,8.506666667,9.34,12.16666667,10.92666667,25.34333333,28.87,23.33666667,22.28,6.053333333,9.353333333,10.93333333,8.29,1.736666667,5.203333333,17.81666667,5.823333333,36.06,0.77,59.11,5.41,77.29,Wheat
3195,gray,7.3,772.0,99.0,0.041178608,1.8,10.0,7.586666667,8.136666667,11.43,10.15,26.32666667,28.97,24.37666667,22.67333333,7.513333333,11.38333333,11.81,10.08666667,0.91,2.266666667,11.76666667,2.96,88.31,0.63,59.11,6.01,77.15,Wheat
3196,brown,6.9,452.85,53.08,0.037955812,2.32,7.78,7.586666667,8.136666667,11.43,10.15,26.32666667,28.97,24.37666667,22.67333333,7.513333333,11.38333333,11.81,10.08666667,0.91,2.266666667,11.76666667,2.96,88.31,0.63,59.11,6.01,77.15,Wheat
3197,black,6.78,639.0,5.0,0.2289,2.2,15.0,8.566666667,9.663333333,12.73666667,11.78,25.88333333,30.05666667,23.65,22.84666667,6.626666667,10.35,11.17333333,9.1,1.343333333,5.66,19.92,7.42,14.25,0.8,59.11,6.06,78.58,Wheat
3198,red,5.8,68.0,7.0,0.250293402,1.4,15.0,8.506666667,9.34,12.16666667,10.92666667,25.34333333,28.87,23.33666667,22.28,6.053333333,9.353333333,10.93333333,8.29,1.736666667,5.203333333,17.81666667,5.823333333,36.06,0.77,59.11,5.41,77.29,Wheat
3199,brown,5.8,97.89,21.76,0.250293402,2.23,11.28,8.506666667,9.34,12.16666667,10.92666667,25.34333333,28.87,23.33666667,22.28,6.053333333,9.353333333,10.93333333,8.29,1.736666667,5.203333333,17.81666667,5.823333333,36.06,0.77,59.11,5.41,77.29,Wheat
3200,brown,5.8,180.0,13.0,0.250293402,1.5,22.0,8.506666667,9.34,12.16666667,10.92666667,25.34333333,28.87,23.33666667,22.28,6.053333333,9.353333333,10.93333333,8.29,1.736666667,5.203333333,17.81666667,5.823333333,36.06,0.77,59.11,5.41,77.29,Wheat
3201,brown,5.8,112.0,10.0,0.250293402,1.9,8.0,8.506666667,9.34,12.16666667,10.92666667,25.34333333,28.87,23.33666667,22.28,6.053333333,9.353333333,10.93333333,8.29,1.736666667,5.203333333,17.81666667,5.823333333,36.06,0.77,59.11,5.41,77.29,Wheat
3202,brown,5.8,142.0,5.0,0.250293402,1.7,8.0,8.506666667,9.34,12.16666667,10.92666667,25.34333333,28.87,23.33666667,22.28,6.053333333,9.353333333,10.93333333,8.29,1.736666667,5.203333333,17.81666667,5.823333333,36.06,0.77,59.11,5.41,77.29,Wheat
3203,brown,5.32,147.0,3.0,0.2289,0.8,11.0,8.566666667,9.663333333,12.73666667,11.78,25.88333333,30.05666667,23.65,22.84666667,6.626666667,10.35,11.17333333,9.1,1.343333333,5.66,19.92,7.42,14.25,0.8,59.11,6.06,78.58,Wheat
3204,brown,5.5,347.0,5.0,0.16,2.5,22.0,7.586666667,8.136666667,11.43,10.15,26.32666667,28.97,24.37666667,22.67333333,7.513333333,11.38333333,11.81,10.08666667,0.91,2.266666667,11.76666667,2.96,88.31,0.63,59.11,6.01,77.15,Wheat
3205,black,6.9,599.0,37.0,0.134622792,2.1,10.0,7.586666667,8.136666667,11.43,10.15,26.32666667,28.97,24.37666667,22.67333333,7.513333333,11.38333333,11.81,10.08666667,0.91,2.266666667,11.76666667,2.96,88.31,0.63,59.11,6.01,77.15,Wheat
3206,black,5.27,189.0,5.0,0.2289,1.1,11.0,8.566666667,9.663333333,12.73666667,11.78,25.88333333,30.05666667,23.65,22.84666667,6.626666667,10.35,11.17333333,9.1,1.343333333,5.66,19.92,7.42,14.25,0.8,59.11,6.06,78.58,Wheat
3207,brown,5.85,214.0,2.0,0.2289,1.0,10.0,8.566666667,9.663333333,12.73666667,11.78,25.88333333,30.05666667,23.65,22.84666667,6.626666667,10.35,11.17333333,9.1,1.343333333,5.66,19.92,7.42,14.25,0.8,59.11,6.06,78.58,Wheat
3208,black,5.8,115.0,7.0,0.250293402,1.2,9.0,8.506666667,9.34,12.16666667,10.92666667,25.34333333,28.87,23.33666667,22.28,6.053333333,9.353333333,10.93333333,8.29,1.736666667,5.203333333,17.81666667,5.823333333,36.06,0.77,59.11,5.41,77.29,Wheat
3209,brown,6.1,186.0,3.0,0.1177,2.0,9.0,8.506666667,9.34,12.16666667,10.92666667,25.34333333,28.87,23.33666667,22.28,6.053333333,9.353333333,10.93333333,8.29,1.736666667,5.203333333,17.81666667,5.823333333,36.06,0.77,59.11,5.41,77.29,Wheat
3210,other,5.8,132.46,3.24,0.250293402,2.02,7.23,8.506666667,9.34,12.16666667,10.92666667,25.34333333,28.87,23.33666667,22.28,6.053333333,9.353333333,10.93333333,8.29,1.736666667,5.203333333,17.81666667,5.823333333,36.06,0.77,59.11,5.41,77.29,Wheat
3211,other,4.91,217.0,4.0,0.1494,3.7,31.0,7.586666667,8.136666667,11.43,10.15,26.32666667,28.97,24.37666667,22.67333333,7.513333333,11.38333333,11.81,10.08666667,0.91,2.266666667,11.76666667,2.96,88.31,0.63,59.11,6.01,77.15,Wheat
3212,black,5.08,321.0,5.0,0.134622792,2.2,23.0,7.586666667,8.136666667,11.43,10.15,26.32666667,28.97,24.37666667,22.67333333,7.513333333,11.38333333,11.81,10.08666667,0.91,2.266666667,11.76666667,2.96,88.31,0.63,59.11,6.01,77.15,Wheat
3213,gray,6.9,108.26,4.98,0.134622792,1.03,5.34,7.586666667,8.136666667,11.43,10.15,26.32666667,28.97,24.37666667,22.67333333,7.513333333,11.38333333,11.81,10.08666667,0.91,2.266666667,11.76666667,2.96,88.31,0.63,59.11,6.01,77.15,Wheat
3214,black,5.8,179.66,3.17,0.250293402,1.72,9.31,8.506666667,9.34,12.16666667,10.92666667,25.34333333,28.87,23.33666667,22.28,6.053333333,9.353333333,10.93333333,8.29,1.736666667,5.203333333,17.81666667,5.823333333,36.06,0.77,59.11,5.41,77.29,Wheat
3215,black,5.38,162.0,7.0,0.2289,1.3,11.0,8.566666667,9.663333333,12.73666667,11.78,25.88333333,30.05666667,23.65,22.84666667,6.626666667,10.35,11.17333333,9.1,1.343333333,5.66,19.92,7.42,14.25,0.8,59.11,6.06,78.58,Wheat
3216,brown,5.41,257.0,4.0,0.2289,0.7,8.0,8.566666667,9.663333333,12.73666667,11.78,25.88333333,30.05666667,23.65,22.84666667,6.626666667,10.35,11.17333333,9.1,1.343333333,5.66,19.92,7.42,14.25,0.8,59.11,6.06,78.58,Wheat
3217,brown,5.8,573.0,11.0,0.250293402,2.5,8.0,8.506666667,9.34,12.16666667,10.92666667,25.34333333,28.87,23.33666667,22.28,6.053333333,9.353333333,10.93333333,8.29,1.736666667,5.203333333,17.81666667,5.823333333,36.06,0.77,59.11,5.41,77.29,Wheat
3218,brown,5.4,159.0,3.0,0.1494,1.9,15.0,7.586666667,8.136666667,11.43,10.15,26.32666667,28.97,24.37666667,22.67333333,7.513333333,11.38333333,11.81,10.08666667,0.91,2.266666667,11.76666667,2.96,88.31,0.63,59.11,6.01,77.15,Wheat
3219,brown,5.75,96.0,2.0,0.2289,1.1,18.0,8.566666667,9.663333333,12.73666667,11.78,25.88333333,30.05666667,23.65,22.84666667,6.626666667,10.35,11.17333333,9.1,1.343333333,5.66,19.92,7.42,14.25,0.8,59.11,6.06,78.58,Wheat
3220,brown,5.52,311.0,10.0,0.16,2.7,19.0,7.586666667,8.136666667,11.43,10.15,26.32666667,28.97,24.37666667,22.67333333,7.513333333,11.38333333,11.81,10.08666667,0.91,2.266666667,11.76666667,2.96,88.31,0.63,59.11,6.01,77.15,Wheat
3221,brown,4.99,64.0,13.0,0.2289,0.7,16.0,8.566666667,9.663333333,12.73666667,11.78,25.88333333,30.05666667,23.65,22.84666667,6.626666667,10.35,11.17333333,9.1,1.343333333,5.66,19.92,7.42,14.25,0.8,59.11,6.06,78.58,Wheat
3222,red,5.37,240.82,2.08,0.16,1.29,9.28,7.586666667,8.136666667,11.43,10.15,26.32666667,28.97,24.37666667,22.67333333,7.513333333,11.38333333,11.81,10.08666667,0.91,2.266666667,11.76666667,2.96,88.31,0.63,59.11,6.01,77.15,Wheat
3223,brown,5.8,602.0,22.0,0.195910715,4.1,13.0,7.586666667,8.136666667,11.43,10.15,26.32666667,28.97,24.37666667,22.67333333,7.513333333,11.38333333,11.81,10.08666667,0.91,2.266666667,11.76666667,2.96,88.31,0.63,59.11,6.01,77.15,Wheat
3224,brown,5.8,272.0,13.0,0.195910715,1.3,7.0,7.586666667,8.136666667,11.43,10.15,26.32666667,28.97,24.37666667,22.67333333,7.513333333,11.38333333,11.81,10.08666667,0.91,2.266666667,11.76666667,2.96,88.31,0.63,59.11,6.01,77.15,Wheat
3225,black,5.71,214.0,3.0,0.2289,1.7,6.0,8.566666667,9.663333333,12.73666667,11.78,25.88333333,30.05666667,23.65,22.84666667,6.626666667,10.35,11.17333333,9.1,1.343333333,5.66,19.92,7.42,14.25,0.8,59.11,6.06,78.58,Wheat
3226,brown,6.15,524.0,14.0,0.2289,6.3,11.0,8.506666667,9.34,12.16666667,10.92666667,25.34333333,28.87,23.33666667,22.28,6.053333333,9.353333333,10.93333333,8.29,1.736666667,5.203333333,17.81666667,5.823333333,36.06,0.77,59.11,5.41,77.29,Wheat
3227,black,5.85,363.0,7.0,0.2289,2.0,12.0,8.506666667,9.34,12.16666667,10.92666667,25.34333333,28.87,23.33666667,22.28,6.053333333,9.353333333,10.93333333,8.29,1.736666667,5.203333333,17.81666667,5.823333333,36.06,0.77,59.11,5.41,77.29,Wheat
3228,black,5.8,42.0,8.0,0.250293402,1.0,13.0,8.506666667,9.34,12.16666667,10.92666667,25.34333333,28.87,23.33666667,22.28,6.053333333,9.353333333,10.93333333,8.29,1.736666667,5.203333333,17.81666667,5.823333333,36.06,0.77,59.11,5.41,77.29,Wheat
3229,black,5.85,333.0,17.0,0.2289,2.8,6.0,8.506666667,9.34,12.16666667,10.92666667,25.34333333,28.87,23.33666667,22.28,6.053333333,9.353333333,10.93333333,8.29,1.736666667,5.203333333,17.81666667,5.823333333,36.06,0.77,59.11,5.41,77.29,Wheat
3230,black,5.85,358.0,3.0,0.2289,1.4,18.0,8.506666667,9.34,12.16666667,10.92666667,25.34333333,28.87,23.33666667,22.28,6.053333333,9.353333333,10.93333333,8.29,1.736666667,5.203333333,17.81666667,5.823333333,36.06,0.77,59.11,5.41,77.29,Wheat
3231,black,5.85,412.0,14.0,0.2289,2.0,9.0,8.506666667,9.34,12.16666667,10.92666667,25.34333333,28.87,23.33666667,22.28,6.053333333,9.353333333,10.93333333,8.29,1.736666667,5.203333333,17.81666667,5.823333333,36.06,0.77,59.11,5.41,77.29,Wheat
3232,black,5.85,220.0,8.0,0.2289,2.0,11.0,8.506666667,9.34,12.16666667,10.92666667,25.34333333,28.87,23.33666667,22.28,6.053333333,9.353333333,10.93333333,8.29,1.736666667,5.203333333,17.81666667,5.823333333,36.06,0.77,59.11,5.41,77.29,Wheat
3233,brown,5.55,257.0,7.0,0.16,1.1,21.0,7.586666667,8.136666667,11.43,10.15,26.32666667,28.97,24.37666667,22.67333333,7.513333333,11.38333333,11.81,10.08666667,0.91,2.266666667,11.76666667,2.96,88.31,0.63,59.11,6.01,77.15,Wheat
3234,brown,5.38,164.0,4.0,0.2289,1.2,10.0,8.566666667,9.663333333,12.73666667,11.78,25.88333333,30.05666667,23.65,22.84666667,6.626666667,10.35,11.17333333,9.1,1.343333333,5.66,19.92,7.42,14.25,0.8,59.11,6.06,78.58,Wheat
3235,gray,5.7,118.0,2.0,0.2289,1.1,11.0,8.506666667,9.34,12.16666667,10.92666667,25.34333333,28.87,23.33666667,22.28,6.053333333,9.353333333,10.93333333,8.29,1.736666667,5.203333333,17.81666667,5.823333333,36.06,0.77,59.11,5.41,77.29,Wheat
3236,brown,5.85,86.0,2.0,0.2289,1.1,7.0,8.506666667,9.34,12.16666667,10.92666667,25.34333333,28.87,23.33666667,22.28,6.053333333,9.353333333,10.93333333,8.29,1.736666667,5.203333333,17.81666667,5.823333333,36.06,0.77,59.11,5.41,77.29,Wheat
3237,brown,5.8,87.0,3.0,0.250293402,1.1,7.0,8.506666667,9.34,12.16666667,10.92666667,25.34333333,28.87,23.33666667,22.28,6.053333333,9.353333333,10.93333333,8.29,1.736666667,5.203333333,17.81666667,5.823333333,36.06,0.77,59.11,5.41,77.29,Wheat
3238,other,6.17,279.0,7.0,0.0808,5.5,17.0,7.586666667,8.136666667,11.43,10.15,26.32666667,28.97,24.37666667,22.67333333,7.513333333,11.38333333,11.81,10.08666667,0.91,2.266666667,11.76666667,2.96,88.31,0.63,59.11,6.01,77.15,Wheat
3239,black,4.6,100.0,8.0,0.2289,0.7,23.0,8.566666667,9.663333333,12.73666667,11.78,25.88333333,30.05666667,23.65,22.84666667,6.626666667,10.35,11.17333333,9.1,1.343333333,5.66,19.92,7.42,14.25,0.8,59.11,6.06,78.58,Wheat
3240,brown,5.28,97.0,5.0,0.2289,0.8,9.0,8.506666667,9.34,12.16666667,10.92666667,25.34333333,28.87,23.33666667,22.28,6.053333333,9.353333333,10.93333333,8.29,1.736666667,5.203333333,17.81666667,5.823333333,36.06,0.77,59.11,5.41,77.29,Wheat
3241,brown,6.1,125.0,3.0,0.2289,1.0,8.0,8.506666667,9.34,12.16666667,10.92666667,25.34333333,28.87,23.33666667,22.28,6.053333333,9.353333333,10.93333333,8.29,1.736666667,5.203333333,17.81666667,5.823333333,36.06,0.77,59.11,5.41,77.29,Wheat
3242,red,6.74,131.0,2.0,0.2289,1.8,9.0,8.506666667,9.34,12.16666667,10.92666667,25.34333333,28.87,23.33666667,22.28,6.053333333,9.353333333,10.93333333,8.29,1.736666667,5.203333333,17.81666667,5.823333333,36.06,0.77,59.11,5.41,77.29,Wheat
3243,brown,5.8,165.3,3.88,0.250293402,2.05,2.52,8.506666667,9.34,12.16666667,10.92666667,25.34333333,28.87,23.33666667,22.28,6.053333333,9.353333333,10.93333333,8.29,1.736666667,5.203333333,17.81666667,5.823333333,36.06,0.77,59.11,5.41,77.29,Wheat
3244,red,6.45,355.0,2.0,0.0808,1.7,11.0,7.586666667,8.136666667,11.43,10.15,26.32666667,28.97,24.37666667,22.67333333,7.513333333,11.38333333,11.81,10.08666667,0.91,2.266666667,11.76666667,2.96,88.31,0.63,59.11,6.01,77.15,Wheat
3245,brown,5.33,88.0,3.0,0.2289,0.5,14.0,8.566666667,9.663333333,12.73666667,11.78,25.88333333,30.05666667,23.65,22.84666667,6.626666667,10.35,11.17333333,9.1,1.343333333,5.66,19.92,7.42,14.25,0.8,59.11,6.06,78.58,Wheat
3246,brown,5.48,73.0,1.0,0.2289,0.4,16.0,8.566666667,9.663333333,12.73666667,11.78,25.88333333,30.05666667,23.65,22.84666667,6.626666667,10.35,11.17333333,9.1,1.343333333,5.66,19.92,7.42,14.25,0.8,59.11,6.06,78.58,Wheat
3247,brown,5.81,126.0,3.0,0.2289,1.8,7.0,8.506666667,9.34,12.16666667,10.92666667,25.34333333,28.87,23.33666667,22.28,6.053333333,9.353333333,10.93333333,8.29,1.736666667,5.203333333,17.81666667,5.823333333,36.06,0.77,59.11,5.41,77.29,Wheat
3248,brown,6.74,125.0,3.0,0.2289,1.9,9.0,8.506666667,9.34,12.16666667,10.92666667,25.34333333,28.87,23.33666667,22.28,6.053333333,9.353333333,10.93333333,8.29,1.736666667,5.203333333,17.81666667,5.823333333,36.06,0.77,59.11,5.41,77.29,Wheat
3249,brown,6.74,367.0,3.0,0.2289,1.6,9.0,8.506666667,9.34,12.16666667,10.92666667,25.34333333,28.87,23.33666667,22.28,6.053333333,9.353333333,10.93333333,8.29,1.736666667,5.203333333,17.81666667,5.823333333,36.06,0.77,59.11,5.41,77.29,Wheat
3250,black,6.74,258.0,2.0,0.2289,1.7,6.0,8.506666667,9.34,12.16666667,10.92666667,25.34333333,28.87,23.33666667,22.28,6.053333333,9.353333333,10.93333333,8.29,1.736666667,5.203333333,17.81666667,5.823333333,36.06,0.77,59.11,5.41,77.29,Wheat
3251,red,5.85,106.38,3.85,0.2289,1.27,3.89,8.506666667,9.34,12.16666667,10.92666667,25.34333333,28.87,23.33666667,22.28,6.053333333,9.353333333,10.93333333,8.29,1.736666667,5.203333333,17.81666667,5.823333333,36.06,0.77,59.11,5.41,77.29,Wheat
3252,brown,5.8,101.0,5.0,0.250293402,0.8,6.0,8.506666667,9.34,12.16666667,10.92666667,25.34333333,28.87,23.33666667,22.28,6.053333333,9.353333333,10.93333333,8.29,1.736666667,5.203333333,17.81666667,5.823333333,36.06,0.77,59.11,5.41,77.29,Wheat
3253,brown,5.8,209.0,4.0,0.250293402,1.8,5.0,8.506666667,9.34,12.16666667,10.92666667,25.34333333,28.87,23.33666667,22.28,6.053333333,9.353333333,10.93333333,8.29,1.736666667,5.203333333,17.81666667,5.823333333,36.06,0.77,59.11,5.41,77.29,Wheat
3254,other,5.8,171.0,4.0,0.250293402,1.3,8.0,8.506666667,9.34,12.16666667,10.92666667,25.34333333,28.87,23.33666667,22.28,6.053333333,9.353333333,10.93333333,8.29,1.736666667,5.203333333,17.81666667,5.823333333,36.06,0.77,59.11,5.41,77.29,Wheat
3255,other,6.11,278.0,2.0,0.06566235,1.6,10.0,8.506666667,9.34,12.16666667,10.92666667,25.34333333,28.87,23.33666667,22.28,6.053333333,9.353333333,10.93333333,8.29,1.736666667,5.203333333,17.81666667,5.823333333,36.06,0.77,59.11,5.41,77.29,Wheat
3256,brown,6.0,78.0,3.0,0.0969,1.1,6.0,8.506666667,9.34,12.16666667,10.92666667,25.34333333,28.87,23.33666667,22.28,6.053333333,9.353333333,10.93333333,8.29,1.736666667,5.203333333,17.81666667,5.823333333,36.06,0.77,59.11,5.41,77.29,Wheat
3257,red,5.6,153.7,2.08,0.0808,1.26,10.89,8.506666667,9.34,12.16666667,10.92666667,25.34333333,28.87,23.33666667,22.28,6.053333333,9.353333333,10.93333333,8.29,1.736666667,5.203333333,17.81666667,5.823333333,36.06,0.77,59.11,5.41,77.29,Wheat
3258,red,5.82,73.0,1.0,0.2289,0.4,16.0,8.506666667,9.34,12.16666667,10.92666667,25.34333333,28.87,23.33666667,22.28,6.053333333,9.353333333,10.93333333,8.29,1.736666667,5.203333333,17.81666667,5.823333333,36.06,0.77,59.11,5.41,77.29,Wheat
3259,black,5.83,279.0,9.0,0.2289,2.2,8.0,8.566666667,9.663333333,12.73666667,11.78,25.88333333,30.05666667,23.65,22.84666667,6.626666667,10.35,11.17333333,9.1,1.343333333,5.66,19.92,7.42,14.25,0.8,59.11,6.06,78.58,Wheat
3260,brown,5.06,204.0,3.0,0.2289,1.2,9.0,8.566666667,9.663333333,12.73666667,11.78,25.88333333,30.05666667,23.65,22.84666667,6.626666667,10.35,11.17333333,9.1,1.343333333,5.66,19.92,7.42,14.25,0.8,59.11,6.06,78.58,Wheat
3261,brown,5.85,959.3,93.04,0.2289,10.16,7.09,8.506666667,9.34,12.16666667,10.92666667,25.34333333,28.87,23.33666667,22.28,6.053333333,9.353333333,10.93333333,8.29,1.736666667,5.203333333,17.81666667,5.823333333,36.06,0.77,59.11,5.41,77.29,Wheat
3262,brown,5.86,216.0,3.0,0.2289,2.1,7.0,8.506666667,9.34,12.16666667,10.92666667,25.34333333,28.87,23.33666667,22.28,6.053333333,9.353333333,10.93333333,8.29,1.736666667,5.203333333,17.81666667,5.823333333,36.06,0.77,59.11,5.41,77.29,Wheat
3263,brown,5.85,275.0,3.0,0.2289,3.0,8.0,8.506666667,9.34,12.16666667,10.92666667,25.34333333,28.87,23.33666667,22.28,6.053333333,9.353333333,10.93333333,8.29,1.736666667,5.203333333,17.81666667,5.823333333,36.06,0.77,59.11,5.41,77.29,Wheat
3264,brown,5.8,595.0,25.0,0.250293402,2.3,7.0,8.506666667,9.34,12.16666667,10.92666667,25.34333333,28.87,23.33666667,22.28,6.053333333,9.353333333,10.93333333,8.29,1.736666667,5.203333333,17.81666667,5.823333333,36.06,0.77,59.11,5.41,77.29,Wheat
3265,black,5.84,284.0,9.0,0.2289,1.6,11.0,8.506666667,9.34,12.16666667,10.92666667,25.34333333,28.87,23.33666667,22.28,6.053333333,9.353333333,10.93333333,8.29,1.736666667,5.203333333,17.81666667,5.823333333,36.06,0.77,59.11,5.41,77.29,Wheat
3266,black,5.15,100.0,3.0,0.2289,0.6,15.0,8.506666667,9.34,12.16666667,10.92666667,25.34333333,28.87,23.33666667,22.28,6.053333333,9.353333333,10.93333333,8.29,1.736666667,5.203333333,17.81666667,5.823333333,36.06,0.77,59.11,5.41,77.29,Wheat
3267,brown,5.57,82.16,1.76,0.2289,1.68,5.19,8.506666667,9.34,12.16666667,10.92666667,25.34333333,28.87,23.33666667,22.28,6.053333333,9.353333333,10.93333333,8.29,1.736666667,5.203333333,17.81666667,5.823333333,36.06,0.77,59.11,5.41,77.29,Wheat
3268,brown,5.85,221.0,6.0,0.2289,1.0,10.0,8.506666667,9.34,12.16666667,10.92666667,25.34333333,28.87,23.33666667,22.28,6.053333333,9.353333333,10.93333333,8.29,1.736666667,5.203333333,17.81666667,5.823333333,36.06,0.77,59.11,5.41,77.29,Wheat
3269,black,5.64,86.33,3.39,0.2289,1.59,4.1,8.566666667,9.663333333,12.73666667,11.78,25.88333333,30.05666667,23.65,22.84666667,6.626666667,10.35,11.17333333,9.1,1.343333333,5.66,19.92,7.42,14.25,0.8,59.11,6.06,78.58,Wheat
3270,brown,5.8,170.83,3.7,0.250293402,2.84,6.6,8.506666667,9.34,12.16666667,10.92666667,25.34333333,28.87,23.33666667,22.28,6.053333333,9.353333333,10.93333333,8.29,1.736666667,5.203333333,17.81666667,5.823333333,36.06,0.77,59.11,5.41,77.29,Wheat
3271,brown,6.37,144.0,4.0,0.111842553,1.1,6.0,8.506666667,9.34,12.16666667,10.92666667,25.34333333,28.87,23.33666667,22.28,6.053333333,9.353333333,10.93333333,8.29,1.736666667,5.203333333,17.81666667,5.823333333,36.06,0.77,59.11,5.41,77.29,Wheat
3272,brown,5.4,213.0,3.0,0.2289,0.5,11.0,8.506666667,9.34,12.16666667,10.92666667,25.34333333,28.87,23.33666667,22.28,6.053333333,9.353333333,10.93333333,8.29,1.736666667,5.203333333,17.81666667,5.823333333,36.06,0.77,59.11,5.41,77.29,Wheat
3273,brown,5.8,371.0,7.0,0.250293402,1.9,6.0,8.506666667,9.34,12.16666667,10.92666667,25.34333333,28.87,23.33666667,22.28,6.053333333,9.353333333,10.93333333,8.29,1.736666667,5.203333333,17.81666667,5.823333333,36.06,0.77,59.11,5.41,77.29,Wheat
3274,gray,6.37,238.0,8.0,0.111842553,1.3,7.0,8.506666667,9.34,12.16666667,10.92666667,25.34333333,28.87,23.33666667,22.28,6.053333333,9.353333333,10.93333333,8.29,1.736666667,5.203333333,17.81666667,5.823333333,36.06,0.77,59.11,5.41,77.29,Wheat
3275,gray,5.45,246.0,5.0,0.2289,2.6,11.0,8.506666667,9.34,12.16666667,10.92666667,25.34333333,28.87,23.33666667,22.28,6.053333333,9.353333333,10.93333333,8.29,1.736666667,5.203333333,17.81666667,5.823333333,36.06,0.77,59.11,5.41,77.29,Wheat
3276,brown,5.1,237.0,8.0,0.3044,1.2,6.0,8.506666667,9.34,12.16666667,10.92666667,25.34333333,28.87,23.33666667,22.28,6.053333333,9.353333333,10.93333333,8.29,1.736666667,5.203333333,17.81666667,5.823333333,36.06,0.77,59.11,5.41,77.29,Wheat
3277,gray,5.43,125.8,2.67,0.2289,2.87,9.88,8.506666667,9.34,12.16666667,10.92666667,25.34333333,28.87,23.33666667,22.28,6.053333333,9.353333333,10.93333333,8.29,1.736666667,5.203333333,17.81666667,5.823333333,36.06,0.77,59.11,5.41,77.29,Wheat
3278,red,5.1,177.0,3.0,0.3044,1.5,7.0,8.506666667,9.34,12.16666667,10.92666667,25.34333333,28.87,23.33666667,22.28,6.053333333,9.353333333,10.93333333,8.29,1.736666667,5.203333333,17.81666667,5.823333333,36.06,0.77,59.11,5.41,77.29,Wheat
3279,black,5.68,211.26,3.19,0.076819645,1.58,4.63,8.506666667,9.34,12.16666667,10.92666667,25.34333333,28.87,23.33666667,22.28,6.053333333,9.353333333,10.93333333,8.29,1.736666667,5.203333333,17.81666667,5.823333333,36.06,0.77,59.11,5.41,77.29,Wheat
3280,red,5.4,130.0,2.0,0.2255,0.7,8.0,8.506666667,9.34,12.16666667,10.92666667,25.34333333,28.87,23.33666667,22.28,6.053333333,9.353333333,10.93333333,8.29,1.736666667,5.203333333,17.81666667,5.823333333,36.06,0.77,59.11,5.41,77.29,Wheat
3281,red,5.48,152.0,1.0,0.2289,0.4,16.0,7.586666667,8.136666667,11.43,10.15,26.32666667,28.97,24.37666667,22.67333333,7.513333333,11.38333333,11.81,10.08666667,0.91,2.266666667,11.76666667,2.96,88.31,0.63,59.11,6.01,77.15,Wheat
3282,black,5.78,207.0,3.0,0.2289,1.0,6.0,8.506666667,9.34,12.16666667,10.92666667,25.34333333,28.87,23.33666667,22.28,6.053333333,9.353333333,10.93333333,8.29,1.736666667,5.203333333,17.81666667,5.823333333,36.06,0.77,59.11,5.41,77.29,Wheat
3283,red,5.4,201.0,6.0,0.2255,2.3,5.0,8.506666667,9.34,12.16666667,10.92666667,25.34333333,28.87,23.33666667,22.28,6.053333333,9.353333333,10.93333333,8.29,1.736666667,5.203333333,17.81666667,5.823333333,36.06,0.77,59.11,5.41,77.29,Wheat
3284,red,5.5,306.0,3.0,0.2036,1.3,16.0,8.383333333,9.543333333,13.49,12.63666667,29.17333333,33.1,26.3,25.15333333,8.533333333,13.18333333,13.02666667,11.33666667,0.413333333,4.41,16.62,5.43,0.06,0.7,48.62,6.21,81.38,Wheat
3285,red,5.0,255.0,3.0,0.1724,1.6,16.0,8.383333333,9.543333333,13.49,12.63666667,29.17333333,33.1,26.3,25.15333333,8.533333333,13.18333333,13.02666667,11.33666667,0.413333333,4.41,16.62,5.43,0.06,0.7,48.62,6.21,81.38,Wheat
3286,red,5.0,261.0,3.0,0.162,1.2,17.0,8.383333333,9.543333333,13.49,12.63666667,29.17333333,33.1,26.3,25.15333333,8.533333333,13.18333333,13.02666667,11.33666667,0.413333333,4.41,16.62,5.43,0.06,0.7,48.62,6.21,81.38,Wheat
3287,brown,6.24,884.0,17.8,0.13,3.37,16.1,8.91,9.48,12.24666667,11.10666667,25.20666667,29.71333333,23.59,22.8,5.76,9.296666667,11.20666667,8.26,2.293333333,4.61,17.44666667,5.803333333,68.94,0.73,59.11,5.44,78.25,Wheat
3288,brown,5.3,74.0,1.0,0.0186,0.7,14.0,8.91,9.48,12.24666667,11.10666667,25.20666667,29.71333333,23.59,22.8,5.76,9.296666667,11.20666667,8.26,2.293333333,4.61,17.44666667,5.803333333,68.94,0.73,59.11,5.44,78.25,Wheat
3289,brown,4.9,86.0,2.0,0.2226,1.3,13.0,8.91,9.48,12.24666667,11.10666667,25.20666667,29.71333333,23.59,22.8,5.76,9.296666667,11.20666667,8.26,2.293333333,4.61,17.44666667,5.803333333,68.94,0.73,59.11,5.44,78.25,Wheat
3290,gray,5.42,58.0,26.0,0.2289,0.6,10.0,8.566666667,9.663333333,12.73666667,11.78,25.88333333,30.05666667,23.65,22.84666667,6.626666667,10.35,11.17333333,9.1,1.343333333,5.66,19.92,7.42,14.25,0.8,59.11,6.06,78.58,Wheat
3291,brown,5.67,237.0,7.0,0.17,2.2,9.0,8.91,9.48,12.24666667,11.10666667,25.20666667,29.71333333,23.59,22.8,5.76,9.296666667,11.20666667,8.26,2.293333333,4.61,17.44666667,5.803333333,68.94,0.73,59.11,5.44,78.25,Wheat
3292,black,5.67,524.72,19.78,0.17,2.76,16.7,8.91,9.48,12.24666667,11.10666667,25.20666667,29.71333333,23.59,22.8,5.76,9.296666667,11.20666667,8.26,2.293333333,4.61,17.44666667,5.803333333,68.94,0.73,59.11,5.44,78.25,Wheat
3293,black,5.67,1054.3,53.34,0.17,6.29,10.6,8.91,9.48,12.24666667,11.10666667,25.20666667,29.71333333,23.59,22.8,5.76,9.296666667,11.20666667,8.26,2.293333333,4.61,17.44666667,5.803333333,68.94,0.73,59.11,5.44,78.25,Wheat
3294,brown,5.4,524.0,8.0,0.1255,2.1,24.0,8.91,9.48,12.24666667,11.10666667,25.20666667,29.71333333,23.59,22.8,5.76,9.296666667,11.20666667,8.26,2.293333333,4.61,17.44666667,5.803333333,68.94,0.73,59.11,5.44,78.25,Wheat
3295,brown,6.1,546.0,15.0,0.12,2.5,10.0,7.933333333,8.403333333,11.41333333,10.15,24.85,28.5,23.53333333,21.64666667,6.253333333,9.81,10.58666667,8.38,1.763333333,3.246666667,13.01333333,3.463333333,88.38,0.74,59.11,6.26,76.54,Wheat
3296,red,5.88,416.0,6.0,0.12,1.4,12.0,7.933333333,8.403333333,11.41333333,10.15,24.85,28.5,23.53333333,21.64666667,6.253333333,9.81,10.58666667,8.38,1.763333333,3.246666667,13.01333333,3.463333333,88.38,0.74,59.11,6.26,76.54,Wheat
3297,brown,5.8,637.0,12.0,0.250293402,2.4,15.0,8.91,9.48,12.24666667,11.10666667,25.20666667,29.71333333,23.59,22.8,5.76,9.296666667,11.20666667,8.26,2.293333333,4.61,17.44666667,5.803333333,68.94,0.73,59.11,5.44,78.25,Wheat
3298,brown,5.98,160.0,11.0,0.18,1.9,6.0,7.586666667,8.136666667,11.43,10.15,26.32666667,28.97,24.37666667,22.67333333,7.513333333,11.38333333,11.81,10.08666667,0.91,2.266666667,11.76666667,2.96,88.31,0.63,59.11,6.01,77.15,Wheat
3299,brown,5.3,155.0,9.0,0.2279,1.2,20.0,8.506666667,9.34,12.16666667,10.92666667,25.34333333,28.87,23.33666667,22.28,6.053333333,9.353333333,10.93333333,8.29,1.736666667,5.203333333,17.81666667,5.823333333,36.06,0.77,59.11,5.41,77.29,Wheat
3300,brown,5.27,575.0,41.0,0.219389893,2.7,21.0,8.566666667,9.663333333,12.73666667,11.78,25.88333333,30.05666667,23.65,22.84666667,6.626666667,10.35,11.17333333,9.1,1.343333333,5.66,19.92,7.42,14.25,0.8,59.11,6.06,78.58,Wheat
3301,brown,5.8,98.51,4.63,0.250293402,1.73,14.57,8.506666667,9.34,12.16666667,10.92666667,25.34333333,28.87,23.33666667,22.28,6.053333333,9.353333333,10.93333333,8.29,1.736666667,5.203333333,17.81666667,5.823333333,36.06,0.77,59.11,5.41,77.29,Wheat
3302,brown,5.69,357.0,85.0,0.2289,4.2,10.0,8.566666667,9.663333333,12.73666667,11.78,25.88333333,30.05666667,23.65,22.84666667,6.626666667,10.35,11.17333333,9.1,1.343333333,5.66,19.92,7.42,14.25,0.8,59.11,6.06,78.58,Wheat
3303,gray,6.3,266.0,28.0,0.000261711,1.3,7.0,8.566666667,9.663333333,12.73666667,11.78,25.88333333,30.05666667,23.65,22.84666667,6.626666667,10.35,11.17333333,9.1,1.343333333,5.66,19.92,7.42,14.25,0.8,59.11,6.06,78.58,Wheat
3304,brown,5.8,564.0,28.0,0.250293402,2.2,11.0,8.506666667,9.34,12.16666667,10.92666667,25.34333333,28.87,23.33666667,22.28,6.053333333,9.353333333,10.93333333,8.29,1.736666667,5.203333333,17.81666667,5.823333333,36.06,0.77,59.11,5.41,77.29,Wheat
3305,brown,5.85,628.87,18.74,0.2289,7.7,14.64,8.506666667,9.34,12.16666667,10.92666667,25.34333333,28.87,23.33666667,22.28,6.053333333,9.353333333,10.93333333,8.29,1.736666667,5.203333333,17.81666667,5.823333333,36.06,0.77,59.11,5.41,77.29,Wheat
3306,red,5.8,297.0,4.0,0.250293402,1.9,9.0,8.506666667,9.34,12.16666667,10.92666667,25.34333333,28.87,23.33666667,22.28,6.053333333,9.353333333,10.93333333,8.29,1.736666667,5.203333333,17.81666667,5.823333333,36.06,0.77,59.11,5.41,77.29,Wheat
3307,brown,5.45,293.0,2.0,0.2289,1.1,13.0,8.506666667,9.34,12.16666667,10.92666667,25.34333333,28.87,23.33666667,22.28,6.053333333,9.353333333,10.93333333,8.29,1.736666667,5.203333333,17.81666667,5.823333333,36.06,0.77,59.11,5.41,77.29,Wheat
3308,brown,5.45,1044.0,97.0,0.2289,10.4,22.0,8.506666667,9.34,12.16666667,10.92666667,25.34333333,28.87,23.33666667,22.28,6.053333333,9.353333333,10.93333333,8.29,1.736666667,5.203333333,17.81666667,5.823333333,36.06,0.77,59.11,5.41,77.29,Wheat
3309,brown,6.37,482.86,13.78,0.111842553,2.8,7.57,8.506666667,9.34,12.16666667,10.92666667,25.34333333,28.87,23.33666667,22.28,6.053333333,9.353333333,10.93333333,8.29,1.736666667,5.203333333,17.81666667,5.823333333,36.06,0.77,59.11,5.41,77.29,Wheat
3310,brown,6.37,155.0,14.0,0.111842553,1.6,7.0,8.506666667,9.34,12.16666667,10.92666667,25.34333333,28.87,23.33666667,22.28,6.053333333,9.353333333,10.93333333,8.29,1.736666667,5.203333333,17.81666667,5.823333333,36.06,0.77,59.11,5.41,77.29,Wheat
3311,brown,5.45,412.14,11.17,0.2289,3.17,10.41,8.506666667,9.34,12.16666667,10.92666667,25.34333333,28.87,23.33666667,22.28,6.053333333,9.353333333,10.93333333,8.29,1.736666667,5.203333333,17.81666667,5.823333333,36.06,0.77,59.11,5.41,77.29,Wheat
3312,brown,5.8,168.0,1.0,0.0984,1.4,7.0,8.016666667,8.503333333,12.59333333,10.98666667,30.62333333,33.21666667,27.53333333,26.29,8.883333333,12.68666667,13.17,10.74666667,0.75,2.37,8.35,2.156666667,67.12,0.62,57.49,5.56,81.4,Wheat
3313,black,5.7,354.0,4.0,0.1275,1.2,7.0,7.933333333,8.403333333,11.41333333,10.15,24.85,28.5,23.53333333,21.64666667,6.253333333,9.81,10.58666667,8.38,1.763333333,3.246666667,13.01333333,3.463333333,88.38,0.74,59.11,6.26,76.54,Wheat
3314,black,6.4,390.0,6.0,0.0454,1.3,9.0,7.933333333,8.403333333,11.41333333,10.15,24.85,28.5,23.53333333,21.64666667,6.253333333,9.81,10.58666667,8.38,1.763333333,3.246666667,13.01333333,3.463333333,88.38,0.74,59.11,6.26,76.54,Wheat
3315,black,8.1,404.0,3.0,0.0304,1.0,7.0,7.933333333,8.403333333,11.41333333,10.15,24.85,28.5,23.53333333,21.64666667,6.253333333,9.81,10.58666667,8.38,1.763333333,3.246666667,13.01333333,3.463333333,88.38,0.74,59.11,6.26,76.54,Wheat
3316,brown,5.5,375.0,4.0,0.1757,1.5,7.0,7.933333333,8.403333333,11.41333333,10.15,24.85,28.5,23.53333333,21.64666667,6.253333333,9.81,10.58666667,8.38,1.763333333,3.246666667,13.01333333,3.463333333,88.38,0.74,59.11,6.26,76.54,Wheat
3317,black,6.95,316.0,2.0,0.09,1.3,8.0,7.933333333,8.403333333,11.41333333,10.15,24.85,28.5,23.53333333,21.64666667,6.253333333,9.81,10.58666667,8.38,1.763333333,3.246666667,13.01333333,3.463333333,88.38,0.74,59.11,6.26,76.54,Wheat
3318,black,6.56,311.0,2.0,0.16,1.1,5.0,7.933333333,8.403333333,11.41333333,10.15,24.85,28.5,23.53333333,21.64666667,6.253333333,9.81,10.58666667,8.38,1.763333333,3.246666667,13.01333333,3.463333333,88.38,0.74,59.11,6.26,76.54,Wheat
3319,black,7.7,317.0,3.0,0.16,0.8,5.0,7.933333333,8.403333333,11.41333333,10.15,24.85,28.5,23.53333333,21.64666667,6.253333333,9.81,10.58666667,8.38,1.763333333,3.246666667,13.01333333,3.463333333,88.38,0.74,59.11,6.26,76.54,Wheat
3320,black,5.8,282.0,2.0,0.250293402,1.1,6.0,8.506666667,9.34,12.16666667,10.92666667,25.34333333,28.87,23.33666667,22.28,6.053333333,9.353333333,10.93333333,8.29,1.736666667,5.203333333,17.81666667,5.823333333,36.06,0.77,59.11,5.41,77.29,Wheat
3321,brown,5.1,288.0,7.0,0.1565,1.4,14.0,7.586666667,8.136666667,11.43,10.15,26.32666667,28.97,24.37666667,22.67333333,7.513333333,11.38333333,11.81,10.08666667,0.91,2.266666667,11.76666667,2.96,88.31,0.63,59.11,6.01,77.15,Wheat
3322,black,6.3,416.0,0.5,0.0732,1.5,3.0,8.506666667,9.34,12.16666667,10.92666667,25.34333333,28.87,23.33666667,22.28,6.053333333,9.353333333,10.93333333,8.29,1.736666667,5.203333333,17.81666667,5.823333333,36.06,0.77,59.11,5.41,77.29,Wheat
3323,black,7.5,361.0,2.0,0.1194,0.9,4.0,7.586666667,8.136666667,11.43,10.15,26.32666667,28.97,24.37666667,22.67333333,7.513333333,11.38333333,11.81,10.08666667,0.91,2.266666667,11.76666667,2.96,88.31,0.63,59.11,6.01,77.15,Wheat
3324,black,5.8,358.0,1.0,0.1016,0.8,4.0,8.506666667,9.34,12.16666667,10.92666667,25.34333333,28.87,23.33666667,22.28,6.053333333,9.353333333,10.93333333,8.29,1.736666667,5.203333333,17.81666667,5.823333333,36.06,0.77,59.11,5.41,77.29,Wheat
3325,brown,5.1,186.0,2.0,0.1716,1.4,14.0,7.933333333,8.403333333,11.41333333,10.15,24.85,28.5,23.53333333,21.64666667,6.253333333,9.81,10.58666667,8.38,1.763333333,3.246666667,13.01333333,3.463333333,88.38,0.74,59.11,6.26,76.54,Wheat
3326,brown,6.2,170.0,7.0,0.1389,1.2,9.0,9.256666667,9.886666667,13.57,12.14666667,29.72333333,33.97333333,27.76666667,26.52,9.426666667,14.21333333,14.34666667,12.08666667,1.986666667,4.086666667,11.86666667,4.486666667,15.62,0.55,4.86,4.86,83.76,Wheat
3327,brown,5.7,112.0,4.0,0.159,2.3,12.0,9.256666667,9.886666667,13.57,12.14666667,29.72333333,33.97333333,27.76666667,26.52,9.426666667,14.21333333,14.34666667,12.08666667,1.986666667,4.086666667,11.86666667,4.486666667,15.62,0.55,4.86,4.86,83.76,Wheat
3328,red,6.4,562.0,34.0,0.133,3.6,7.0,8.016666667,8.503333333,12.59333333,10.98666667,30.62333333,33.21666667,27.53333333,26.29,8.883333333,12.68666667,13.17,10.74666667,0.75,2.37,8.35,2.156666667,67.12,0.62,57.49,5.56,81.4,Wheat
3329,red,5.6,620.0,8.0,0.136,1.5,14.0,9.256666667,9.886666667,13.57,12.14666667,29.72333333,33.97333333,27.76666667,26.52,9.426666667,14.21333333,14.34666667,12.08666667,1.986666667,4.086666667,11.86666667,4.486666667,15.62,0.55,4.86,4.86,83.76,Wheat
3330,red,5.5,319.0,4.0,0.116,1.1,13.0,8.016666667,8.503333333,12.59333333,10.98666667,30.62333333,33.21666667,27.53333333,26.29,8.883333333,12.68666667,13.17,10.74666667,0.75,2.37,8.35,2.156666667,67.12,0.62,57.49,5.56,81.4,Wheat
3331,brown,5.5,306.0,4.0,0.152,1.5,8.0,8.016666667,8.503333333,12.59333333,10.98666667,30.62333333,33.21666667,27.53333333,26.29,8.883333333,12.68666667,13.17,10.74666667,0.75,2.37,8.35,2.156666667,67.12,0.62,57.49,5.56,81.4,Wheat
3332,red,5.4,580.0,5.0,0.125,1.6,14.0,9.256666667,9.886666667,13.57,12.14666667,29.72333333,33.97333333,27.76666667,26.52,9.426666667,14.21333333,14.34666667,12.08666667,1.986666667,4.086666667,11.86666667,4.486666667,15.62,0.55,4.86,4.86,83.76,Wheat
3333,brown,5.2,320.0,6.0,0.109,1.4,15.0,9.256666667,9.886666667,13.57,12.14666667,29.72333333,33.97333333,27.76666667,26.52,9.426666667,14.21333333,14.34666667,12.08666667,1.986666667,4.086666667,11.86666667,4.486666667,15.62,0.55,4.86,4.86,83.76,Wheat
3334,red,5.1,442.0,4.0,0.135,1.3,15.0,9.256666667,9.886666667,13.57,12.14666667,29.72333333,33.97333333,27.76666667,26.52,9.426666667,14.21333333,14.34666667,12.08666667,1.986666667,4.086666667,11.86666667,4.486666667,15.62,0.55,4.86,4.86,83.76,Wheat
3335,red,5.3,443.0,5.0,0.141,1.8,12.0,8.016666667,8.503333333,12.59333333,10.98666667,30.62333333,33.21666667,27.53333333,26.29,8.883333333,12.68666667,13.17,10.74666667,0.75,2.37,8.35,2.156666667,67.12,0.62,57.49,5.56,81.4,Wheat
3336,red,5.6,656.0,7.0,0.153,2.0,11.0,9.256666667,9.886666667,13.57,12.14666667,29.72333333,33.97333333,27.76666667,26.52,9.426666667,14.21333333,14.34666667,12.08666667,1.986666667,4.086666667,11.86666667,4.486666667,15.62,0.55,4.86,4.86,83.76,Wheat
3337,red,5.5,447.0,6.0,0.157,1.3,13.0,9.256666667,9.886666667,13.57,12.14666667,29.72333333,33.97333333,27.76666667,26.52,9.426666667,14.21333333,14.34666667,12.08666667,1.986666667,4.086666667,11.86666667,4.486666667,15.62,0.55,4.86,4.86,83.76,Wheat
3338,red,5.2,532.0,5.0,0.184,1.2,16.0,8.016666667,8.503333333,12.59333333,10.98666667,30.62333333,33.21666667,27.53333333,26.29,8.883333333,12.68666667,13.17,10.74666667,0.75,2.37,8.35,2.156666667,67.12,0.62,57.49,5.56,81.4,Wheat
3339,brown,6.2,711.0,21.0,0.1484,2.4,7.0,8.016666667,8.503333333,12.59333333,10.98666667,30.62333333,33.21666667,27.53333333,26.29,8.883333333,12.68666667,13.17,10.74666667,0.75,2.37,8.35,2.156666667,67.12,0.62,57.49,5.56,81.4,Wheat
3340,black,6.4,527.0,60.0,0.2349,5.6,7.0,8.016666667,8.503333333,12.59333333,10.98666667,30.62333333,33.21666667,27.53333333,26.29,8.883333333,12.68666667,13.17,10.74666667,0.75,2.37,8.35,2.156666667,67.12,0.62,57.49,5.56,81.4,Wheat
3341,red,5.3,201.0,4.0,0.1848,1.3,17.0,8.016666667,8.503333333,12.59333333,10.98666667,30.62333333,33.21666667,27.53333333,26.29,8.883333333,12.68666667,13.17,10.74666667,0.75,2.37,8.35,2.156666667,67.12,0.62,57.49,5.56,81.4,Wheat
3342,red,5.4,448.0,6.0,0.195,1.5,16.0,8.016666667,8.503333333,12.59333333,10.98666667,30.62333333,33.21666667,27.53333333,26.29,8.883333333,12.68666667,13.17,10.74666667,0.75,2.37,8.35,2.156666667,67.12,0.62,57.49,5.56,81.4,Wheat
3343,red,5.2,407.0,6.0,0.223,2.0,14.0,8.016666667,8.503333333,12.59333333,10.98666667,30.62333333,33.21666667,27.53333333,26.29,8.883333333,12.68666667,13.17,10.74666667,0.75,2.37,8.35,2.156666667,67.12,0.62,57.49,5.56,81.4,Wheat
3344,red,5.2,480.0,3.0,0.216,1.9,15.0,8.016666667,8.503333333,12.59333333,10.98666667,30.62333333,33.21666667,27.53333333,26.29,8.883333333,12.68666667,13.17,10.74666667,0.75,2.37,8.35,2.156666667,67.12,0.62,57.49,5.56,81.4,Wheat
3345,red,5.9,750.0,58.0,0.243,5.9,8.0,8.016666667,8.503333333,12.59333333,10.98666667,30.62333333,33.21666667,27.53333333,26.29,8.883333333,12.68666667,13.17,10.74666667,0.75,2.37,8.35,2.156666667,67.12,0.62,57.49,5.56,81.4,Wheat
3346,red,5.1,326.0,7.0,0.215,1.6,18.0,8.016666667,8.503333333,12.59333333,10.98666667,30.62333333,33.21666667,27.53333333,26.29,8.883333333,12.68666667,13.17,10.74666667,0.75,2.37,8.35,2.156666667,67.12,0.62,57.49,5.56,81.4,Wheat
3347,red,5.2,414.0,5.0,0.196,1.1,17.0,9.256666667,9.886666667,13.57,12.14666667,29.72333333,33.97333333,27.76666667,26.52,9.426666667,14.21333333,14.34666667,12.08666667,1.986666667,4.086666667,11.86666667,4.486666667,15.62,0.55,4.86,4.86,83.76,Wheat
3348,red,5.26,206.0,2.26,0.19,0.53,18.1,9.256666667,9.886666667,13.57,12.14666667,29.72333333,33.97333333,27.76666667,26.52,9.426666667,14.21333333,14.34666667,12.08666667,1.986666667,4.086666667,11.86666667,4.486666667,15.62,0.55,4.86,4.86,83.76,Wheat
3349,red,5.4,416.0,6.0,0.209,1.6,18.0,8.016666667,8.503333333,12.59333333,10.98666667,30.62333333,33.21666667,27.53333333,26.29,8.883333333,12.68666667,13.17,10.74666667,0.75,2.37,8.35,2.156666667,67.12,0.62,57.49,5.56,81.4,Wheat
3350,red,5.6,595.0,4.0,0.1989,1.5,15.0,8.016666667,8.503333333,12.59333333,10.98666667,30.62333333,33.21666667,27.53333333,26.29,8.883333333,12.68666667,13.17,10.74666667,0.75,2.37,8.35,2.156666667,67.12,0.62,57.49,5.56,81.4,Wheat
3351,red,5.2,362.0,3.0,0.214,1.3,20.0,9.256666667,9.886666667,13.57,12.14666667,29.72333333,33.97333333,27.76666667,26.52,9.426666667,14.21333333,14.34666667,12.08666667,1.986666667,4.086666667,11.86666667,4.486666667,15.62,0.55,4.86,4.86,83.76,Wheat
3352,red,5.0,412.0,3.0,0.225,1.7,21.0,9.256666667,9.886666667,13.57,12.14666667,29.72333333,33.97333333,27.76666667,26.52,9.426666667,14.21333333,14.34666667,12.08666667,1.986666667,4.086666667,11.86666667,4.486666667,15.62,0.55,4.86,4.86,83.76,Wheat
3353,red,5.2,356.0,4.0,0.226,1.7,19.0,9.256666667,9.886666667,13.57,12.14666667,29.72333333,33.97333333,27.76666667,26.52,9.426666667,14.21333333,14.34666667,12.08666667,1.986666667,4.086666667,11.86666667,4.486666667,15.62,0.55,4.86,4.86,83.76,Wheat
3354,red,5.34,75.0,3.2,0.18,1.56,18.4,9.256666667,9.886666667,13.57,12.14666667,29.72333333,33.97333333,27.76666667,26.52,9.426666667,14.21333333,14.34666667,12.08666667,1.986666667,4.086666667,11.86666667,4.486666667,15.62,0.55,4.86,4.86,83.76,Wheat
3355,red,5.12,138.0,2.58,0.0565455,1.21,20.8,9.256666667,9.886666667,13.57,12.14666667,29.72333333,33.97333333,27.76666667,26.52,9.426666667,14.21333333,14.34666667,12.08666667,1.986666667,4.086666667,11.86666667,4.486666667,15.62,0.55,4.86,4.86,83.76,Wheat
3356,red,5.7,219.0,3.0,0.157,1.3,12.0,9.256666667,9.886666667,13.57,12.14666667,29.72333333,33.97333333,27.76666667,26.52,9.426666667,14.21333333,14.34666667,12.08666667,1.986666667,4.086666667,11.86666667,4.486666667,15.62,0.55,4.86,4.86,83.76,Wheat
3357,red,5.4,144.0,4.2,0.19,0.56,14.1,9.256666667,9.886666667,13.57,12.14666667,29.72333333,33.97333333,27.76666667,26.52,9.426666667,14.21333333,14.34666667,12.08666667,1.986666667,4.086666667,11.86666667,4.486666667,15.62,0.55,4.86,4.86,83.76,Wheat
3358,reddish brown,5.86,420.0,13.5,0.21,2.0,11.2,9.256666667,9.886666667,13.57,12.14666667,29.72333333,33.97333333,27.76666667,26.52,9.426666667,14.21333333,14.34666667,12.08666667,1.986666667,4.086666667,11.86666667,4.486666667,15.62,0.55,4.86,4.86,83.76,Wheat
3359,red,5.21,513.0,1.74,0.23,1.25,17.3,9.256666667,9.886666667,13.57,12.14666667,29.72333333,33.97333333,27.76666667,26.52,9.426666667,14.21333333,14.34666667,12.08666667,1.986666667,4.086666667,11.86666667,4.486666667,15.62,0.55,4.86,4.86,83.76,Wheat
3360,reddish brown,5.58,387.0,4.36,0.2,2.32,13.9,9.256666667,9.886666667,13.57,12.14666667,29.72333333,33.97333333,27.76666667,26.52,9.426666667,14.21333333,14.34666667,12.08666667,1.986666667,4.086666667,11.86666667,4.486666667,15.62,0.55,4.86,4.86,83.76,Wheat
3361,red,5.5,318.0,5.0,0.1881,1.7,12.0,8.016666667,8.503333333,12.59333333,10.98666667,30.62333333,33.21666667,27.53333333,26.29,8.883333333,12.68666667,13.17,10.74666667,0.75,2.37,8.35,2.156666667,67.12,0.62,57.49,5.56,81.4,Wheat
3362,red,5.4,212.0,3.0,0.185,1.1,20.0,9.256666667,9.886666667,13.57,12.14666667,29.72333333,33.97333333,27.76666667,26.52,9.426666667,14.21333333,14.34666667,12.08666667,1.986666667,4.086666667,11.86666667,4.486666667,15.62,0.55,4.86,4.86,83.76,Wheat
3363,dark brown,5.35,575.0,9.76,0.17,1.75,15.0,9.256666667,9.886666667,13.57,12.14666667,29.72333333,33.97333333,27.76666667,26.52,9.426666667,14.21333333,14.34666667,12.08666667,1.986666667,4.086666667,11.86666667,4.486666667,15.62,0.55,4.86,4.86,83.76,Wheat
3364,red,5.57,577.0,13.8,0.16,2.29,14.5,9.256666667,9.886666667,13.57,12.14666667,29.72333333,33.97333333,27.76666667,26.52,9.426666667,14.21333333,14.34666667,12.08666667,1.986666667,4.086666667,11.86666667,4.486666667,15.62,0.55,4.86,4.86,83.76,Wheat
3365,reddish brown,5.18,430.0,4.35,0.22,0.82,16.2,9.256666667,9.886666667,13.57,12.14666667,29.72333333,33.97333333,27.76666667,26.52,9.426666667,14.21333333,14.34666667,12.08666667,1.986666667,4.086666667,11.86666667,4.486666667,15.62,0.55,4.86,4.86,83.76,Wheat
3366,red,5.5,428.0,2.07,0.22,1.27,14.3,9.256666667,9.886666667,13.57,12.14666667,29.72333333,33.97333333,27.76666667,26.52,9.426666667,14.21333333,14.34666667,12.08666667,1.986666667,4.086666667,11.86666667,4.486666667,15.62,0.55,4.86,4.86,83.76,Wheat
3367,reddish brown,5.78,460.0,2.22,0.15,1.63,9.14,9.256666667,9.886666667,13.57,12.14666667,29.72333333,33.97333333,27.76666667,26.52,9.426666667,14.21333333,14.34666667,12.08666667,1.986666667,4.086666667,11.86666667,4.486666667,15.62,0.55,4.86,4.86,83.76,Wheat
3368,red,5.92,294.0,2.24,0.19,1.59,13.0,9.256666667,9.886666667,13.57,12.14666667,29.72333333,33.97333333,27.76666667,26.52,9.426666667,14.21333333,14.34666667,12.08666667,1.986666667,4.086666667,11.86666667,4.486666667,15.62,0.55,4.86,4.86,83.76,Wheat
3369,reddish brown,5.25,482.0,4.76,0.18,1.29,16.5,9.256666667,9.886666667,13.57,12.14666667,29.72333333,33.97333333,27.76666667,26.52,9.426666667,14.21333333,14.34666667,12.08666667,1.986666667,4.086666667,11.86666667,4.486666667,15.62,0.55,4.86,4.86,83.76,Wheat
3370,red,5.1,358.0,2.0,0.2102,1.7,12.0,8.016666667,8.503333333,12.59333333,10.98666667,30.62333333,33.21666667,27.53333333,26.29,8.883333333,12.68666667,13.17,10.74666667,0.75,2.37,8.35,2.156666667,67.12,0.62,57.49,5.56,81.4,Wheat
3371,red,5.08,373.0,5.16,0.23,1.17,13.4,9.256666667,9.886666667,13.57,12.14666667,29.72333333,33.97333333,27.76666667,26.52,9.426666667,14.21333333,14.34666667,12.08666667,1.986666667,4.086666667,11.86666667,4.486666667,15.62,0.55,4.86,4.86,83.76,Wheat
3372,red,5.1,556.0,2.17,0.24,1.74,18.6,9.256666667,9.886666667,13.57,12.14666667,29.72333333,33.97333333,27.76666667,26.52,9.426666667,14.21333333,14.34666667,12.08666667,1.986666667,4.086666667,11.86666667,4.486666667,15.62,0.55,4.86,4.86,83.76,Wheat
3373,red,5.4,389.0,2.0,0.1471,1.1,16.0,8.016666667,8.503333333,12.59333333,10.98666667,30.62333333,33.21666667,27.53333333,26.29,8.883333333,12.68666667,13.17,10.74666667,0.75,2.37,8.35,2.156666667,67.12,0.62,57.49,5.56,81.4,Wheat
3374,reddish brown,5.18,370.0,4.64,0.18,0.93,15.6,9.256666667,9.886666667,13.57,12.14666667,29.72333333,33.97333333,27.76666667,26.52,9.426666667,14.21333333,14.34666667,12.08666667,1.986666667,4.086666667,11.86666667,4.486666667,15.62,0.55,4.86,4.86,83.76,Wheat
3375,red,5.06,171.0,2.21,0.18,1.49,18.6,9.256666667,9.886666667,13.57,12.14666667,29.72333333,33.97333333,27.76666667,26.52,9.426666667,14.21333333,14.34666667,12.08666667,1.986666667,4.086666667,11.86666667,4.486666667,15.62,0.55,4.86,4.86,83.76,Wheat
3376,reddish brown,5.2,248.0,3.27,0.2,1.49,20.2,9.256666667,9.886666667,13.57,12.14666667,29.72333333,33.97333333,27.76666667,26.52,9.426666667,14.21333333,14.34666667,12.08666667,1.986666667,4.086666667,11.86666667,4.486666667,15.62,0.55,4.86,4.86,83.76,Wheat
3377,black,6.56,301.0,7.42,0.12,1.53,8.02,7.933333333,8.403333333,11.41333333,10.15,24.85,28.5,23.53333333,21.64666667,6.253333333,9.81,10.58666667,8.38,1.763333333,3.246666667,13.01333333,3.463333333,88.38,0.74,59.11,6.26,76.54,Wheat
3378,reddish brown,5.13,445.0,3.33,0.24,1.99,21.9,8.91,9.48,12.24666667,11.10666667,25.20666667,29.71333333,23.59,22.8,5.76,9.296666667,11.20666667,8.26,2.293333333,4.61,17.44666667,5.803333333,68.94,0.73,59.11,5.44,78.25,Wheat
3379,reddish brown,5.39,147.0,1.47,0.19,0.53,17.1,8.91,9.48,12.24666667,11.10666667,25.20666667,29.71333333,23.59,22.8,5.76,9.296666667,11.20666667,8.26,2.293333333,4.61,17.44666667,5.803333333,68.94,0.73,59.11,5.44,78.25,Wheat
3380,reddish brown,5.06,415.0,2.34,0.21,0.9,17.8,8.91,9.48,12.24666667,11.10666667,25.20666667,29.71333333,23.59,22.8,5.76,9.296666667,11.20666667,8.26,2.293333333,4.61,17.44666667,5.803333333,68.94,0.73,59.11,5.44,78.25,Wheat
3381,reddish brown,5.19,134.0,0.52,0.18,1.22,19.7,8.91,9.48,12.24666667,11.10666667,25.20666667,29.71333333,23.59,22.8,5.76,9.296666667,11.20666667,8.26,2.293333333,4.61,17.44666667,5.803333333,68.94,0.73,59.11,5.44,78.25,Wheat
3382,red,5.02,367.0,5.12,0.2,1.72,15.9,8.91,9.48,12.24666667,11.10666667,25.20666667,29.71333333,23.59,22.8,5.76,9.296666667,11.20666667,8.26,2.293333333,4.61,17.44666667,5.803333333,68.94,0.73,59.11,5.44,78.25,Wheat
3383,red,5.0,291.0,6.86,0.26,1.72,18.6,8.91,9.48,12.24666667,11.10666667,25.20666667,29.71333333,23.59,22.8,5.76,9.296666667,11.20666667,8.26,2.293333333,4.61,17.44666667,5.803333333,68.94,0.73,59.11,5.44,78.25,Wheat
3384,red,5.0,473.0,4.77,0.21,1.76,15.7,8.91,9.48,12.24666667,11.10666667,25.20666667,29.71333333,23.59,22.8,5.76,9.296666667,11.20666667,8.26,2.293333333,4.61,17.44666667,5.803333333,68.94,0.73,59.11,5.44,78.25,Wheat
3385,red,4.94,432.0,3.68,0.25,2.6,17.2,8.91,9.48,12.24666667,11.10666667,25.20666667,29.71333333,23.59,22.8,5.76,9.296666667,11.20666667,8.26,2.293333333,4.61,17.44666667,5.803333333,68.94,0.73,59.11,5.44,78.25,Wheat
3386,red,5.35,570.0,8.05,0.19,2.39,21.3,8.91,9.48,12.24666667,11.10666667,25.20666667,29.71333333,23.59,22.8,5.76,9.296666667,11.20666667,8.26,2.293333333,4.61,17.44666667,5.803333333,68.94,0.73,59.11,5.44,78.25,Wheat
3387,brown,5.89,599.0,8.16,0.11,2.12,10.8,8.91,9.48,12.24666667,11.10666667,25.20666667,29.71333333,23.59,22.8,5.76,9.296666667,11.20666667,8.26,2.293333333,4.61,17.44666667,5.803333333,68.94,0.73,59.11,5.44,78.25,Wheat
3388,red,5.4,435.0,2.0,0.2175,1.1,16.0,7.933333333,8.403333333,11.41333333,10.15,24.85,28.5,23.53333333,21.64666667,6.253333333,9.81,10.58666667,8.38,1.763333333,3.246666667,13.01333333,3.463333333,88.38,0.74,59.11,6.26,76.54,Wheat
3389,red,5.15,292.0,0.77,0.18,0.85,12.8,8.91,9.48,12.24666667,11.10666667,25.20666667,29.71333333,23.59,22.8,5.76,9.296666667,11.20666667,8.26,2.293333333,4.61,17.44666667,5.803333333,68.94,0.73,59.11,5.44,78.25,Wheat
3390,red,5.26,625.0,4.0,0.18,2.24,18.1,8.91,9.48,12.24666667,11.10666667,25.20666667,29.71333333,23.59,22.8,5.76,9.296666667,11.20666667,8.26,2.293333333,4.61,17.44666667,5.803333333,68.94,0.73,59.11,5.44,78.25,Wheat
3391,red,5.14,526.0,4.65,0.25,1.85,12.8,8.91,9.48,12.24666667,11.10666667,25.20666667,29.71333333,23.59,22.8,5.76,9.296666667,11.20666667,8.26,2.293333333,4.61,17.44666667,5.803333333,68.94,0.73,59.11,5.44,78.25,Wheat
3392,reddish brown,5.09,379.0,1.09,0.21,1.76,31.0,8.91,9.48,12.24666667,11.10666667,25.20666667,29.71333333,23.59,22.8,5.76,9.296666667,11.20666667,8.26,2.293333333,4.61,17.44666667,5.803333333,68.94,0.73,59.11,5.44,78.25,Wheat
3393,brown,7.2,2119.0,699.0,0.352,20.2,15.0,7.933333333,8.403333333,11.41333333,10.15,24.85,28.5,23.53333333,21.64666667,6.253333333,9.81,10.58666667,8.38,1.763333333,3.246666667,13.01333333,3.463333333,88.38,0.74,59.11,6.26,76.54,Wheat
3394,red,5.37,540.0,1.95,0.25,3.12,13.3,8.91,9.48,12.24666667,11.10666667,25.20666667,29.71333333,23.59,22.8,5.76,9.296666667,11.20666667,8.26,2.293333333,4.61,17.44666667,5.803333333,68.94,0.73,59.11,5.44,78.25,Wheat
3395,brown,5.6,213.0,3.0,0.1251,1.2,16.0,7.933333333,8.403333333,11.41333333,10.15,24.85,28.5,23.53333333,21.64666667,6.253333333,9.81,10.58666667,8.38,1.763333333,3.246666667,13.01333333,3.463333333,88.38,0.74,59.11,6.26,76.54,Wheat
3396,reddish brown,5.35,555.0,2.1,0.22,2.23,14.1,7.933333333,8.403333333,11.41333333,10.15,24.85,28.5,23.53333333,21.64666667,6.253333333,9.81,10.58666667,8.38,1.763333333,3.246666667,13.01333333,3.463333333,88.38,0.74,59.11,6.26,76.54,Wheat
3397,reddish brown,5.21,615.0,2.56,0.23,4.47,16.3,8.91,9.48,12.24666667,11.10666667,25.20666667,29.71333333,23.59,22.8,5.76,9.296666667,11.20666667,8.26,2.293333333,4.61,17.44666667,5.803333333,68.94,0.73,59.11,5.44,78.25,Wheat
3398,red,5.13,526.0,2.39,0.22,1.79,14.0,8.91,9.48,12.24666667,11.10666667,25.20666667,29.71333333,23.59,22.8,5.76,9.296666667,11.20666667,8.26,2.293333333,4.61,17.44666667,5.803333333,68.94,0.73,59.11,5.44,78.25,Wheat
3399,red,5.3,160.0,2.18,0.19,0.88,15.4,8.91,9.48,12.24666667,11.10666667,25.20666667,29.71333333,23.59,22.8,5.76,9.296666667,11.20666667,8.26,2.293333333,4.61,17.44666667,5.803333333,68.94,0.73,59.11,5.44,78.25,Wheat
3400,brown,4.77,296.0,2.08,0.2,1.75,23.2,8.91,9.48,12.24666667,11.10666667,25.20666667,29.71333333,23.59,22.8,5.76,9.296666667,11.20666667,8.26,2.293333333,4.61,17.44666667,5.803333333,68.94,0.73,59.11,5.44,78.25,Wheat
3401,dark brown,5.83,465.0,1.34,0.2,2.37,8.87,8.91,9.48,12.24666667,11.10666667,25.20666667,29.71333333,23.59,22.8,5.76,9.296666667,11.20666667,8.26,2.293333333,4.61,17.44666667,5.803333333,68.94,0.73,59.11,5.44,78.25,Wheat
3402,red,5.42,493.0,3.75,0.25,1.38,12.0,8.91,9.48,12.24666667,11.10666667,25.20666667,29.71333333,23.59,22.8,5.76,9.296666667,11.20666667,8.26,2.293333333,4.61,17.44666667,5.803333333,68.94,0.73,59.11,5.44,78.25,Wheat
3403,dark brown,5.28,313.0,14.5,0.2,2.68,9.03,7.933333333,8.403333333,11.41333333,10.15,24.85,28.5,23.53333333,21.64666667,6.253333333,9.81,10.58666667,8.38,1.763333333,3.246666667,13.01333333,3.463333333,88.38,0.74,59.11,6.26,76.54,Wheat
3404,red,5.23,114.0,11.1,0.25,1.28,13.5,8.91,9.48,12.24666667,11.10666667,25.20666667,29.71333333,23.59,22.8,5.76,9.296666667,11.20666667,8.26,2.293333333,4.61,17.44666667,5.803333333,68.94,0.73,59.11,5.44,78.25,Wheat
3405,red,6.1,517.0,7.0,0.253708879,1.8,20.0,8.91,9.48,12.24666667,11.10666667,25.20666667,29.71333333,23.59,22.8,5.76,9.296666667,11.20666667,8.26,2.293333333,4.61,17.44666667,5.803333333,68.94,0.73,59.11,5.44,78.25,Wheat
3406,dark brown,5.52,397.0,1.01,0.2,1.6,12.1,8.91,9.48,12.24666667,11.10666667,25.20666667,29.71333333,23.59,22.8,5.76,9.296666667,11.20666667,8.26,2.293333333,4.61,17.44666667,5.803333333,68.94,0.73,59.11,5.44,78.25,Wheat
3407,brown,5.29,190.0,3.43,0.2,1.34,15.3,8.91,9.48,12.24666667,11.10666667,25.20666667,29.71333333,23.59,22.8,5.76,9.296666667,11.20666667,8.26,2.293333333,4.61,17.44666667,5.803333333,68.94,0.73,59.11,5.44,78.25,Wheat
3408,red,5.7,433.0,1.0,0.158,1.0,19.0,7.933333333,8.403333333,11.41333333,10.15,24.85,28.5,23.53333333,21.64666667,6.253333333,9.81,10.58666667,8.38,1.763333333,3.246666667,13.01333333,3.463333333,88.38,0.74,59.11,6.26,76.54,Wheat
3409,other,7.1,1771.0,683.0,0.2357,13.8,18.0,7.933333333,8.403333333,11.41333333,10.15,24.85,28.5,23.53333333,21.64666667,6.253333333,9.81,10.58666667,8.38,1.763333333,3.246666667,13.01333333,3.463333333,88.38,0.74,59.11,6.26,76.54,Wheat
3410,reddish brown,5.03,262.0,1.92,0.27,1.22,23.1,8.91,9.48,12.24666667,11.10666667,25.20666667,29.71333333,23.59,22.8,5.76,9.296666667,11.20666667,8.26,2.293333333,4.61,17.44666667,5.803333333,68.94,0.73,59.11,5.44,78.25,Wheat
3411,red,6.1,423.1,7.24,0.253708879,2.33,13.72,8.91,9.48,12.24666667,11.10666667,25.20666667,29.71333333,23.59,22.8,5.76,9.296666667,11.20666667,8.26,2.293333333,4.61,17.44666667,5.803333333,68.94,0.73,59.11,5.44,78.25,Wheat
3412,reddish brown,4.71,421.0,0.38,0.23,0.32,1.96,8.91,9.48,12.24666667,11.10666667,25.20666667,29.71333333,23.59,22.8,5.76,9.296666667,11.20666667,8.26,2.293333333,4.61,17.44666667,5.803333333,68.94,0.73,59.11,5.44,78.25,Wheat
3413,brown,5.3,235.0,13.0,0.1769,1.7,16.0,7.933333333,8.403333333,11.41333333,10.15,24.85,28.5,23.53333333,21.64666667,6.253333333,9.81,10.58666667,8.38,1.763333333,3.246666667,13.01333333,3.463333333,88.38,0.74,59.11,6.26,76.54,Wheat
3414,dark brown,5.65,233.0,2.64,0.17,1.4,11.5,7.933333333,8.403333333,11.41333333,10.15,24.85,28.5,23.53333333,21.64666667,6.253333333,9.81,10.58666667,8.38,1.763333333,3.246666667,13.01333333,3.463333333,88.38,0.74,59.11,6.26,76.54,Wheat
3415,red,5.1,155.0,3.0,0.19890058,0.7,21.0,8.91,9.48,12.24666667,11.10666667,25.20666667,29.71333333,23.59,22.8,5.76,9.296666667,11.20666667,8.26,2.293333333,4.61,17.44666667,5.803333333,68.94,0.73,59.11,5.44,78.25,Wheat
3416,red,5.2,238.3,6.97,0.183923547,1.34,18.68,8.91,9.48,12.24666667,11.10666667,25.20666667,29.71333333,23.59,22.8,5.76,9.296666667,11.20666667,8.26,2.293333333,4.61,17.44666667,5.803333333,68.94,0.73,59.11,5.44,78.25,Wheat
3417,dark brown,5.23,409.0,1.94,0.2,2.99,16.2,7.933333333,8.403333333,11.41333333,10.15,24.85,28.5,23.53333333,21.64666667,6.253333333,9.81,10.58666667,8.38,1.763333333,3.246666667,13.01333333,3.463333333,88.38,0.74,59.11,6.26,76.54,Wheat
3418,red,5.1,302.0,6.0,0.19890058,0.9,16.0,8.91,9.48,12.24666667,11.10666667,25.20666667,29.71333333,23.59,22.8,5.76,9.296666667,11.20666667,8.26,2.293333333,4.61,17.44666667,5.803333333,68.94,0.73,59.11,5.44,78.25,Wheat
3419,brown,5.44,309.0,1.82,0.19,2.22,11.6,8.91,9.48,12.24666667,11.10666667,25.20666667,29.71333333,23.59,22.8,5.76,9.296666667,11.20666667,8.26,2.293333333,4.61,17.44666667,5.803333333,68.94,0.73,59.11,5.44,78.25,Wheat
3420,brown,5.3,247.0,5.0,0.1461,2.0,16.0,8.91,9.48,12.24666667,11.10666667,25.20666667,29.71333333,23.59,22.8,5.76,9.296666667,11.20666667,8.26,2.293333333,4.61,17.44666667,5.803333333,68.94,0.73,59.11,5.44,78.25,Wheat
3421,reddish brown,5.52,105.0,0.88,0.16,0.1,10.0,8.91,9.48,12.24666667,11.10666667,25.20666667,29.71333333,23.59,22.8,5.76,9.296666667,11.20666667,8.26,2.293333333,4.61,17.44666667,5.803333333,68.94,0.73,59.11,5.44,78.25,Wheat
3422,brown,5.5,213.0,2.0,0.11,1.4,12.0,8.91,9.48,12.24666667,11.10666667,25.20666667,29.71333333,23.59,22.8,5.76,9.296666667,11.20666667,8.26,2.293333333,4.61,17.44666667,5.803333333,68.94,0.73,59.11,5.44,78.25,Wheat
3423,reddish brown,5.36,99.0,0.84,0.17,0.56,12.6,8.91,9.48,12.24666667,11.10666667,25.20666667,29.71333333,23.59,22.8,5.76,9.296666667,11.20666667,8.26,2.293333333,4.61,17.44666667,5.803333333,68.94,0.73,59.11,5.44,78.25,Wheat
3424,dark brown,6.35,357.0,6.16,0.16,0.74,8.31,8.91,9.48,12.24666667,11.10666667,25.20666667,29.71333333,23.59,22.8,5.76,9.296666667,11.20666667,8.26,2.293333333,4.61,17.44666667,5.803333333,68.94,0.73,59.11,5.44,78.25,Wheat
3425,red,5.5,612.0,4.0,0.247345527,2.3,21.0,8.91,9.48,12.24666667,11.10666667,25.20666667,29.71333333,23.59,22.8,5.76,9.296666667,11.20666667,8.26,2.293333333,4.61,17.44666667,5.803333333,68.94,0.73,59.11,5.44,78.25,Wheat
3426,black,5.7,242.0,3.0,0.1754,2.3,9.0,7.933333333,8.403333333,11.41333333,10.15,24.85,28.5,23.53333333,21.64666667,6.253333333,9.81,10.58666667,8.38,1.763333333,3.246666667,13.01333333,3.463333333,88.38,0.74,59.11,6.26,76.54,Wheat
3427,black,6.0,222.0,0.9,0.124655158,1.2,6.1,9.723333333,10.70333333,13.77333333,12.65666667,28.04,32.58,25.64333333,25.47333333,8.783333333,12.89,14.08666667,11.01,2.78,5.403333333,19.36333333,6.98,343.44,0.73,59.11,5.19,82.6,Wheat
3428,brown,5.4,218.0,5.0,0.1639,1.6,17.0,8.91,9.48,12.24666667,11.10666667,25.20666667,29.71333333,23.59,22.8,5.76,9.296666667,11.20666667,8.26,2.293333333,4.61,17.44666667,5.803333333,68.94,0.73,59.11,5.44,78.25,Wheat
3429,dark brown,5.24,147.0,0.1,0.17,1.12,9.13,7.933333333,8.403333333,11.41333333,10.15,24.85,28.5,23.53333333,21.64666667,6.253333333,9.81,10.58666667,8.38,1.763333333,3.246666667,13.01333333,3.463333333,88.38,0.74,59.11,6.26,76.54,Wheat
3430,red,6.07,124.0,6.54,0.16,1.43,9.25,8.91,9.48,12.24666667,11.10666667,25.20666667,29.71333333,23.59,22.8,5.76,9.296666667,11.20666667,8.26,2.293333333,4.61,17.44666667,5.803333333,68.94,0.73,59.11,5.44,78.25,Wheat
3431,red,5.5,410.18,3.74,0.247345527,2.28,14.88,8.91,9.48,12.24666667,11.10666667,25.20666667,29.71333333,23.59,22.8,5.76,9.296666667,11.20666667,8.26,2.293333333,4.61,17.44666667,5.803333333,68.94,0.73,59.11,5.44,78.25,Wheat
3432,black,6.4,373.0,2.0,0.1036,0.8,8.0,7.933333333,8.403333333,11.41333333,10.15,24.85,28.5,23.53333333,21.64666667,6.253333333,9.81,10.58666667,8.38,1.763333333,3.246666667,13.01333333,3.463333333,88.38,0.74,59.11,6.26,76.54,Wheat
3433,red,5.6,436.0,2.5,0.210353348,1.7,9.2,9.723333333,10.70333333,13.77333333,12.65666667,28.04,32.58,25.64333333,25.47333333,8.783333333,12.89,14.08666667,11.01,2.78,5.403333333,19.36333333,6.98,343.44,0.73,59.11,5.19,82.6,Wheat
3434,brown,5.6,109.0,2.0,0.3557,0.9,9.0,8.91,9.48,12.24666667,11.10666667,25.20666667,29.71333333,23.59,22.8,5.76,9.296666667,11.20666667,8.26,2.293333333,4.61,17.44666667,5.803333333,68.94,0.73,59.11,5.44,78.25,Wheat
3435,brown,5.8,176.0,2.0,0.009379812,1.6,14.0,8.91,9.48,12.24666667,11.10666667,25.20666667,29.71333333,23.59,22.8,5.76,9.296666667,11.20666667,8.26,2.293333333,4.61,17.44666667,5.803333333,68.94,0.73,59.11,5.44,78.25,Wheat
3436,brown,5.99,181.0,4.61,0.18,1.97,8.44,8.91,9.48,12.24666667,11.10666667,25.20666667,29.71333333,23.59,22.8,5.76,9.296666667,11.20666667,8.26,2.293333333,4.61,17.44666667,5.803333333,68.94,0.73,59.11,5.44,78.25,Wheat
3437,other,5.4,211.0,1.0,0.1639,0.8,12.0,8.91,9.48,12.24666667,11.10666667,25.20666667,29.71333333,23.59,22.8,5.76,9.296666667,11.20666667,8.26,2.293333333,4.61,17.44666667,5.803333333,68.94,0.73,59.11,5.44,78.25,Wheat
3438,brown,6.2,302.0,1.0,0.18,1.4,13.0,8.91,9.48,12.24666667,11.10666667,25.20666667,29.71333333,23.59,22.8,5.76,9.296666667,11.20666667,8.26,2.293333333,4.61,17.44666667,5.803333333,68.94,0.73,59.11,5.44,78.25,Wheat
3439,red,5.1,116.0,1.0,0.1963,1.1,18.0,8.91,9.48,12.24666667,11.10666667,25.20666667,29.71333333,23.59,22.8,5.76,9.296666667,11.20666667,8.26,2.293333333,4.61,17.44666667,5.803333333,68.94,0.73,59.11,5.44,78.25,Wheat
3440,brown,5.18,108.0,0.88,0.21,2.28,16.3,8.91,9.48,12.24666667,11.10666667,25.20666667,29.71333333,23.59,22.8,5.76,9.296666667,11.20666667,8.26,2.293333333,4.61,17.44666667,5.803333333,68.94,0.73,59.11,5.44,78.25,Wheat
3441,red,5.4,76.0,1.0,0.1639,1.1,11.0,8.91,9.48,12.24666667,11.10666667,25.20666667,29.71333333,23.59,22.8,5.76,9.296666667,11.20666667,8.26,2.293333333,4.61,17.44666667,5.803333333,68.94,0.73,59.11,5.44,78.25,Wheat
3442,other,6.2,263.0,2.0,0.18,1.1,14.0,8.91,9.48,12.24666667,11.10666667,25.20666667,29.71333333,23.59,22.8,5.76,9.296666667,11.20666667,8.26,2.293333333,4.61,17.44666667,5.803333333,68.94,0.73,59.11,5.44,78.25,Wheat
3443,brown,6.2,264.0,2.0,0.18,2.1,10.0,8.91,9.48,12.24666667,11.10666667,25.20666667,29.71333333,23.59,22.8,5.76,9.296666667,11.20666667,8.26,2.293333333,4.61,17.44666667,5.803333333,68.94,0.73,59.11,5.44,78.25,Wheat
3444,dark reddish brown,6.45,218.0,9.43,0.11,1.02,7.79,7.933333333,8.403333333,11.41333333,10.15,24.85,28.5,23.53333333,21.64666667,6.253333333,9.81,10.58666667,8.38,1.763333333,3.246666667,13.01333333,3.463333333,88.38,0.74,59.11,6.26,76.54,Wheat
3445,brown,6.03,148.0,2.12,0.24,1.75,8.4,8.91,9.48,12.24666667,11.10666667,25.20666667,29.71333333,23.59,22.8,5.76,9.296666667,11.20666667,8.26,2.293333333,4.61,17.44666667,5.803333333,68.94,0.73,59.11,5.44,78.25,Wheat
3446,other,5.3,279.0,2.0,0.287016226,1.4,22.0,8.91,9.48,12.24666667,11.10666667,25.20666667,29.71333333,23.59,22.8,5.76,9.296666667,11.20666667,8.26,2.293333333,4.61,17.44666667,5.803333333,68.94,0.73,59.11,5.44,78.25,Wheat
3447,brown,5.59,226.0,0.4,0.17,0.82,10.9,7.933333333,8.403333333,11.41333333,10.15,24.85,28.5,23.53333333,21.64666667,6.253333333,9.81,10.58666667,8.38,1.763333333,3.246666667,13.01333333,3.463333333,88.38,0.74,59.11,6.26,76.54,Wheat
3448,red,5.06,143.0,3.91,0.26,0.77,22.5,9.723333333,10.70333333,13.77333333,12.65666667,28.04,32.58,25.64333333,25.47333333,8.783333333,12.89,14.08666667,11.01,2.78,5.403333333,19.36333333,6.98,343.44,0.73,59.11,5.19,82.6,Wheat
3449,red,5.4,75.0,1.0,0.1864,0.5,28.0,8.91,9.48,12.24666667,11.10666667,25.20666667,29.71333333,23.59,22.8,5.76,9.296666667,11.20666667,8.26,2.293333333,4.61,17.44666667,5.803333333,68.94,0.73,59.11,5.44,78.25,Wheat
3450,brown,5.72,205.0,2.0,0.1639,1.2,15.0,8.91,9.48,12.24666667,11.10666667,25.20666667,29.71333333,23.59,22.8,5.76,9.296666667,11.20666667,8.26,2.293333333,4.61,17.44666667,5.803333333,68.94,0.73,59.11,5.44,78.25,Wheat
3451,brown,5.67,188.0,2.0,0.17,1.2,19.0,8.91,9.48,12.24666667,11.10666667,25.20666667,29.71333333,23.59,22.8,5.76,9.296666667,11.20666667,8.26,2.293333333,4.61,17.44666667,5.803333333,68.94,0.73,59.11,5.44,78.25,Wheat
3452,red,5.4,100.97,1.55,0.1864,1.01,18.94,8.91,9.48,12.24666667,11.10666667,25.20666667,29.71333333,23.59,22.8,5.76,9.296666667,11.20666667,8.26,2.293333333,4.61,17.44666667,5.803333333,68.94,0.73,59.11,5.44,78.25,Wheat
3453,red,5.74,396.0,4.96,0.25,2.22,16.7,9.723333333,10.70333333,13.77333333,12.65666667,28.04,32.58,25.64333333,25.47333333,8.783333333,12.89,14.08666667,11.01,2.78,5.403333333,19.36333333,6.98,343.44,0.73,59.11,5.19,82.6,Wheat
3454,red,5.67,184.0,5.58,0.26,1.43,21.1,9.723333333,10.70333333,13.77333333,12.65666667,28.04,32.58,25.64333333,25.47333333,8.783333333,12.89,14.08666667,11.01,2.78,5.403333333,19.36333333,6.98,343.44,0.73,59.11,5.19,82.6,Wheat
3455,brown,6.3,167.0,9.0,0.1265,1.3,5.0,7.933333333,8.403333333,11.41333333,10.15,24.85,28.5,23.53333333,21.64666667,6.253333333,9.81,10.58666667,8.38,1.763333333,3.246666667,13.01333333,3.463333333,88.38,0.74,59.11,6.26,76.54,Wheat
3456,brown,5.06,95.0,2.75,0.24,0.71,12.4,8.91,9.48,12.24666667,11.10666667,25.20666667,29.71333333,23.59,22.8,5.76,9.296666667,11.20666667,8.26,2.293333333,4.61,17.44666667,5.803333333,68.94,0.73,59.11,5.44,78.25,Wheat
3457,brown,5.6,552.0,3.0,0.1639,3.1,10.0,8.91,9.48,12.24666667,11.10666667,25.20666667,29.71333333,23.59,22.8,5.76,9.296666667,11.20666667,8.26,2.293333333,4.61,17.44666667,5.803333333,68.94,0.73,59.11,5.44,78.25,Wheat
3458,brown,5.52,254.0,10.3,0.26,2.85,15.4,8.91,9.48,12.24666667,11.10666667,25.20666667,29.71333333,23.59,22.8,5.76,9.296666667,11.20666667,8.26,2.293333333,4.61,17.44666667,5.803333333,68.94,0.73,59.11,5.44,78.25,Wheat
3459,other,6.3,155.0,14.0,0.0772,0.7,6.0,7.933333333,8.403333333,11.41333333,10.15,24.85,28.5,23.53333333,21.64666667,6.253333333,9.81,10.58666667,8.38,1.763333333,3.246666667,13.01333333,3.463333333,88.38,0.74,59.11,6.26,76.54,Wheat
3460,brown,6.2,285.0,4.0,0.0815,1.0,2.0,7.933333333,8.403333333,11.41333333,10.15,24.85,28.5,23.53333333,21.64666667,6.253333333,9.81,10.58666667,8.38,1.763333333,3.246666667,13.01333333,3.463333333,88.38,0.74,59.11,6.26,76.54,Wheat
3461,other,5.04,61.0,1.0,0.1639,1.0,13.0,8.91,9.48,12.24666667,11.10666667,25.20666667,29.71333333,23.59,22.8,5.76,9.296666667,11.20666667,8.26,2.293333333,4.61,17.44666667,5.803333333,68.94,0.73,59.11,5.44,78.25,Wheat
3462,brown,5.04,110.53,2.31,0.1639,0.99,14.61,8.91,9.48,12.24666667,11.10666667,25.20666667,29.71333333,23.59,22.8,5.76,9.296666667,11.20666667,8.26,2.293333333,4.61,17.44666667,5.803333333,68.94,0.73,59.11,5.44,78.25,Wheat
3463,brown,5.67,227.0,1.0,0.17,1.8,12.0,7.933333333,8.403333333,11.41333333,10.15,24.85,28.5,23.53333333,21.64666667,6.253333333,9.81,10.58666667,8.38,1.763333333,3.246666667,13.01333333,3.463333333,88.38,0.74,59.11,6.26,76.54,Wheat
3464,brown,6.3,345.0,15.0,0.1629,1.2,7.0,7.933333333,8.403333333,11.41333333,10.15,24.85,28.5,23.53333333,21.64666667,6.253333333,9.81,10.58666667,8.38,1.763333333,3.246666667,13.01333333,3.463333333,88.38,0.74,59.11,6.26,76.54,Wheat
3465,black,7.6,339.0,2.0,0.108,0.9,4.0,7.933333333,8.403333333,11.41333333,10.15,24.85,28.5,23.53333333,21.64666667,6.253333333,9.81,10.58666667,8.38,1.763333333,3.246666667,13.01333333,3.463333333,88.38,0.74,59.11,6.26,76.54,Wheat
3466,brown,6.5,133.0,8.0,0.0762,1.0,5.0,7.933333333,8.403333333,11.41333333,10.15,24.85,28.5,23.53333333,21.64666667,6.253333333,9.81,10.58666667,8.38,1.763333333,3.246666667,13.01333333,3.463333333,88.38,0.74,59.11,6.26,76.54,Wheat
3467,red,5.36,114.0,1.2,0.122151716,1.0,7.7,9.723333333,10.70333333,13.77333333,12.65666667,28.04,32.58,25.64333333,25.47333333,8.783333333,12.89,14.08666667,11.01,2.78,5.403333333,19.36333333,6.98,343.44,0.73,59.11,5.19,82.6,Wheat
3468,red,5.38,281.0,6.92,0.27,1.04,20.9,9.723333333,10.70333333,13.77333333,12.65666667,28.04,32.58,25.64333333,25.47333333,8.783333333,12.89,14.08666667,11.01,2.78,5.403333333,19.36333333,6.98,343.44,0.73,59.11,5.19,82.6,Wheat
3469,red,5.51,171.0,0.05,0.121330323,0.5,12.9,9.723333333,10.70333333,13.77333333,12.65666667,28.04,32.58,25.64333333,25.47333333,8.783333333,12.89,14.08666667,11.01,2.78,5.403333333,19.36333333,6.98,343.44,0.73,59.11,5.19,82.6,Wheat
3470,red,5.04,511.0,2.0,0.1639,1.8,13.0,8.91,9.48,12.24666667,11.10666667,25.20666667,29.71333333,23.59,22.8,5.76,9.296666667,11.20666667,8.26,2.293333333,4.61,17.44666667,5.803333333,68.94,0.73,59.11,5.44,78.25,Wheat
3471,brown,5.04,168.0,3.0,0.1639,1.8,12.0,8.91,9.48,12.24666667,11.10666667,25.20666667,29.71333333,23.59,22.8,5.76,9.296666667,11.20666667,8.26,2.293333333,4.61,17.44666667,5.803333333,68.94,0.73,59.11,5.44,78.25,Wheat
3472,brown,5.04,241.0,5.0,0.1639,3.1,10.0,8.91,9.48,12.24666667,11.10666667,25.20666667,29.71333333,23.59,22.8,5.76,9.296666667,11.20666667,8.26,2.293333333,4.61,17.44666667,5.803333333,68.94,0.73,59.11,5.44,78.25,Wheat
3473,brown,5.51,392.0,3.0,0.1639,1.7,10.0,8.91,9.48,12.24666667,11.10666667,25.20666667,29.71333333,23.59,22.8,5.76,9.296666667,11.20666667,8.26,2.293333333,4.61,17.44666667,5.803333333,68.94,0.73,59.11,5.44,78.25,Wheat
3474,red,5.2,181.86,2.26,0.219218392,2.18,13.58,8.91,9.48,12.24666667,11.10666667,25.20666667,29.71333333,23.59,22.8,5.76,9.296666667,11.20666667,8.26,2.293333333,4.61,17.44666667,5.803333333,68.94,0.73,59.11,5.44,78.25,Wheat
3475,red,5.5,135.0,0.5,0.0713,1.1,7.0,8.91,9.48,12.24666667,11.10666667,25.20666667,29.71333333,23.59,22.8,5.76,9.296666667,11.20666667,8.26,2.293333333,4.61,17.44666667,5.803333333,68.94,0.73,59.11,5.44,78.25,Wheat
3476,red,5.45,167.0,2.1,0.166133574,0.9,5.1,9.723333333,10.70333333,13.77333333,12.65666667,28.04,32.58,25.64333333,25.47333333,8.783333333,12.89,14.08666667,11.01,2.78,5.403333333,19.36333333,6.98,343.44,0.73,59.11,5.19,82.6,Wheat
3477,brown,5.37,311.0,2.0,0.1639,1.4,21.0,8.91,9.48,12.24666667,11.10666667,25.20666667,29.71333333,23.59,22.8,5.76,9.296666667,11.20666667,8.26,2.293333333,4.61,17.44666667,5.803333333,68.94,0.73,59.11,5.44,78.25,Wheat
3478,brown,5.37,351.0,8.0,0.1639,2.5,7.0,8.91,9.48,12.24666667,11.10666667,25.20666667,29.71333333,23.59,22.8,5.76,9.296666667,11.20666667,8.26,2.293333333,4.61,17.44666667,5.803333333,68.94,0.73,59.11,5.44,78.25,Wheat
3479,brown,5.67,456.0,22.0,0.17,3.4,11.0,8.91,9.48,12.24666667,11.10666667,25.20666667,29.71333333,23.59,22.8,5.76,9.296666667,11.20666667,8.26,2.293333333,4.61,17.44666667,5.803333333,68.94,0.73,59.11,5.44,78.25,Wheat
3480,red,6.32,948.0,13.8,0.29,3.58,15.8,9.723333333,10.70333333,13.77333333,12.65666667,28.04,32.58,25.64333333,25.47333333,8.783333333,12.89,14.08666667,11.01,2.78,5.403333333,19.36333333,6.98,343.44,0.73,59.11,5.19,82.6,Wheat
3481,red,5.81,566.0,2.67,0.3,2.04,15.0,9.723333333,10.70333333,13.77333333,12.65666667,28.04,32.58,25.64333333,25.47333333,8.783333333,12.89,14.08666667,11.01,2.78,5.403333333,19.36333333,6.98,343.44,0.73,59.11,5.19,82.6,Wheat
3482,brown,6.2,785.0,9.0,0.1402,2.1,6.0,7.933333333,8.403333333,11.41333333,10.15,24.85,28.5,23.53333333,21.64666667,6.253333333,9.81,10.58666667,8.38,1.763333333,3.246666667,13.01333333,3.463333333,88.38,0.74,59.11,6.26,76.54,Wheat
3483,red,5.4,139.0,10.0,0.1118,1.3,12.0,8.91,9.48,12.24666667,11.10666667,25.20666667,29.71333333,23.59,22.8,5.76,9.296666667,11.20666667,8.26,2.293333333,4.61,17.44666667,5.803333333,68.94,0.73,59.11,5.44,78.25,Wheat
3484,red,5.35,440.0,4.79,0.26,1.26,17.7,9.723333333,10.70333333,13.77333333,12.65666667,28.04,32.58,25.64333333,25.47333333,8.783333333,12.89,14.08666667,11.01,2.78,5.403333333,19.36333333,6.98,343.44,0.73,59.11,5.19,82.6,Wheat
3485,brown,5.6,65.0,1.0,0.0697,0.8,11.0,8.91,9.48,12.24666667,11.10666667,25.20666667,29.71333333,23.59,22.8,5.76,9.296666667,11.20666667,8.26,2.293333333,4.61,17.44666667,5.803333333,68.94,0.73,59.11,5.44,78.25,Wheat
3486,red,5.82,354.0,1.63,0.21,1.5,14.3,9.723333333,10.70333333,13.77333333,12.65666667,28.04,32.58,25.64333333,25.47333333,8.783333333,12.89,14.08666667,11.01,2.78,5.403333333,19.36333333,6.98,343.44,0.73,59.11,5.19,82.6,Wheat
3487,brown,5.67,340.0,8.0,0.17,2.1,17.0,8.91,9.48,12.24666667,11.10666667,25.20666667,29.71333333,23.59,22.8,5.76,9.296666667,11.20666667,8.26,2.293333333,4.61,17.44666667,5.803333333,68.94,0.73,59.11,5.44,78.25,Wheat
3488,brown,5.67,131.0,4.0,0.17,2.0,13.0,8.91,9.48,12.24666667,11.10666667,25.20666667,29.71333333,23.59,22.8,5.76,9.296666667,11.20666667,8.26,2.293333333,4.61,17.44666667,5.803333333,68.94,0.73,59.11,5.44,78.25,Wheat
3489,black,5.67,223.0,8.0,0.17,2.6,10.0,8.91,9.48,12.24666667,11.10666667,25.20666667,29.71333333,23.59,22.8,5.76,9.296666667,11.20666667,8.26,2.293333333,4.61,17.44666667,5.803333333,68.94,0.73,59.11,5.44,78.25,Wheat
3490,red,6.8,206.0,7.0,0.1375,0.4,5.0,7.933333333,8.403333333,11.41333333,10.15,24.85,28.5,23.53333333,21.64666667,6.253333333,9.81,10.58666667,8.38,1.763333333,3.246666667,13.01333333,3.463333333,88.38,0.74,59.11,6.26,76.54,Wheat
3491,red,5.76,806.0,6.8,0.21567219,2.3,2.3,9.723333333,10.70333333,13.77333333,12.65666667,28.04,32.58,25.64333333,25.47333333,8.783333333,12.89,14.08666667,11.01,2.78,5.403333333,19.36333333,6.98,343.44,0.73,59.11,5.19,82.6,Wheat
3492,other,6.1,116.0,1.0,0.232,0.8,2.0,7.933333333,8.403333333,11.41333333,10.15,24.85,28.5,23.53333333,21.64666667,6.253333333,9.81,10.58666667,8.38,1.763333333,3.246666667,13.01333333,3.463333333,88.38,0.74,59.11,6.26,76.54,Wheat
3493,brown,5.3,489.0,2.0,0.214370848,1.4,12.0,8.91,9.48,12.24666667,11.10666667,25.20666667,29.71333333,23.59,22.8,5.76,9.296666667,11.20666667,8.26,2.293333333,4.61,17.44666667,5.803333333,68.94,0.73,59.11,5.44,78.25,Wheat
3494,red,5.4,293.88,6.14,0.1255,2.61,6.44,8.91,9.48,12.24666667,11.10666667,25.20666667,29.71333333,23.59,22.8,5.76,9.296666667,11.20666667,8.26,2.293333333,4.61,17.44666667,5.803333333,68.94,0.73,59.11,5.44,78.25,Wheat
3495,brown,5.67,456.0,18.0,0.17,2.0,13.0,8.91,9.48,12.24666667,11.10666667,25.20666667,29.71333333,23.59,22.8,5.76,9.296666667,11.20666667,8.26,2.293333333,4.61,17.44666667,5.803333333,68.94,0.73,59.11,5.44,78.25,Wheat
3496,black,5.67,87.0,7.0,0.17,2.3,14.0,8.91,9.48,12.24666667,11.10666667,25.20666667,29.71333333,23.59,22.8,5.76,9.296666667,11.20666667,8.26,2.293333333,4.61,17.44666667,5.803333333,68.94,0.73,59.11,5.44,78.25,Wheat
3497,reddish brown,5.74,425.0,4.01,0.3,1.86,16.2,9.723333333,10.70333333,13.77333333,12.65666667,28.04,32.58,25.64333333,25.47333333,8.783333333,12.89,14.08666667,11.01,2.78,5.403333333,19.36333333,6.98,343.44,0.73,59.11,5.19,82.6,Wheat
3498,black,6.8,148.0,4.0,0.117,1.1,3.0,7.933333333,8.403333333,11.41333333,10.15,24.85,28.5,23.53333333,21.64666667,6.253333333,9.81,10.58666667,8.38,1.763333333,3.246666667,13.01333333,3.463333333,88.38,0.74,59.11,6.26,76.54,Wheat
3499,red,5.47,120.0,2.08,0.31,1.35,16.8,9.723333333,10.70333333,13.77333333,12.65666667,28.04,32.58,25.64333333,25.47333333,8.783333333,12.89,14.08666667,11.01,2.78,5.403333333,19.36333333,6.98,343.44,0.73,59.11,5.19,82.6,Wheat
3500,red,4.65,188.0,8.05,0.24,1.02,27.9,9.723333333,10.70333333,13.77333333,12.65666667,28.04,32.58,25.64333333,25.47333333,8.783333333,12.89,14.08666667,11.01,2.78,5.403333333,19.36333333,6.98,343.44,0.73,59.11,5.19,82.6,Wheat
3501,brown,5.7,150.0,2.0,0.2826,1.8,8.0,8.91,9.48,12.24666667,11.10666667,25.20666667,29.71333333,23.59,22.8,5.76,9.296666667,11.20666667,8.26,2.293333333,4.61,17.44666667,5.803333333,68.94,0.73,59.11,5.44,78.25,Wheat
3502,brown,6.5,152.0,10.0,0.1122,1.3,4.0,8.91,9.48,12.24666667,11.10666667,25.20666667,29.71333333,23.59,22.8,5.76,9.296666667,11.20666667,8.26,2.293333333,4.61,17.44666667,5.803333333,68.94,0.73,59.11,5.44,78.25,Wheat
3503,brown,6.1,243.0,1.0,0.1133,0.9,7.0,7.933333333,8.403333333,11.41333333,10.15,24.85,28.5,23.53333333,21.64666667,6.253333333,9.81,10.58666667,8.38,1.763333333,3.246666667,13.01333333,3.463333333,88.38,0.74,59.11,6.26,76.54,Wheat
3504,brown,6.0,191.0,1.0,0.1447,1.7,5.0,7.933333333,8.403333333,11.41333333,10.15,24.85,28.5,23.53333333,21.64666667,6.253333333,9.81,10.58666667,8.38,1.763333333,3.246666667,13.01333333,3.463333333,88.38,0.74,59.11,6.26,76.54,Wheat
3505,brown,6.5,222.0,25.0,0.0778,1.4,6.0,7.933333333,8.403333333,11.41333333,10.15,24.85,28.5,23.53333333,21.64666667,6.253333333,9.81,10.58666667,8.38,1.763333333,3.246666667,13.01333333,3.463333333,88.38,0.74,59.11,6.26,76.54,Wheat
3506,red,5.16,269.0,3.86,0.28,2.18,17.3,9.723333333,10.70333333,13.77333333,12.65666667,28.04,32.58,25.64333333,25.47333333,8.783333333,12.89,14.08666667,11.01,2.78,5.403333333,19.36333333,6.98,343.44,0.73,59.11,5.19,82.6,Wheat
3507,brown,6.5,177.0,4.0,0.1775,1.4,3.0,7.933333333,8.403333333,11.41333333,10.15,24.85,28.5,23.53333333,21.64666667,6.253333333,9.81,10.58666667,8.38,1.763333333,3.246666667,13.01333333,3.463333333,88.38,0.74,59.11,6.26,76.54,Wheat
3508,black,7.87,411.0,20.0,0.11,1.7,6.0,7.933333333,8.403333333,11.41333333,10.15,24.85,28.5,23.53333333,21.64666667,6.253333333,9.81,10.58666667,8.38,1.763333333,3.246666667,13.01333333,3.463333333,88.38,0.74,59.11,6.26,76.54,Wheat
3509,brown,5.4,139.44,3.51,0.1255,2.83,10.38,8.91,9.48,12.24666667,11.10666667,25.20666667,29.71333333,23.59,22.8,5.76,9.296666667,11.20666667,8.26,2.293333333,4.61,17.44666667,5.803333333,68.94,0.73,59.11,5.44,78.25,Wheat
3510,brown,5.9,241.0,5.0,0.0616,2.4,7.0,7.933333333,8.403333333,11.41333333,10.15,24.85,28.5,23.53333333,21.64666667,6.253333333,9.81,10.58666667,8.38,1.763333333,3.246666667,13.01333333,3.463333333,88.38,0.74,59.11,6.26,76.54,Wheat
3511,brown,5.4,277.0,2.0,0.1255,1.9,14.0,8.91,9.48,12.24666667,11.10666667,25.20666667,29.71333333,23.59,22.8,5.76,9.296666667,11.20666667,8.26,2.293333333,4.61,17.44666667,5.803333333,68.94,0.73,59.11,5.44,78.25,Wheat
3512,black,5.4,213.0,6.0,0.1255,2.7,8.0,8.91,9.48,12.24666667,11.10666667,25.20666667,29.71333333,23.59,22.8,5.76,9.296666667,11.20666667,8.26,2.293333333,4.61,17.44666667,5.803333333,68.94,0.73,59.11,5.44,78.25,Wheat
3513,brown,5.67,256.0,10.0,0.17,2.1,17.0,8.91,9.48,12.24666667,11.10666667,25.20666667,29.71333333,23.59,22.8,5.76,9.296666667,11.20666667,8.26,2.293333333,4.61,17.44666667,5.803333333,68.94,0.73,59.11,5.44,78.25,Wheat
3514,brown,6.0,135.0,2.0,0.2002,1.1,6.0,7.933333333,8.403333333,11.41333333,10.15,24.85,28.5,23.53333333,21.64666667,6.253333333,9.81,10.58666667,8.38,1.763333333,3.246666667,13.01333333,3.463333333,88.38,0.74,59.11,6.26,76.54,Wheat
3515,brown,5.99,984.0,8.39,0.21,4.88,17.8,9.723333333,10.70333333,13.77333333,12.65666667,28.04,32.58,25.64333333,25.47333333,8.783333333,12.89,14.08666667,11.01,2.78,5.403333333,19.36333333,6.98,343.44,0.73,59.11,5.19,82.6,Wheat
3516,reddish brown,5.35,272.0,2.49,0.25,2.09,16.4,9.723333333,10.70333333,13.77333333,12.65666667,28.04,32.58,25.64333333,25.47333333,8.783333333,12.89,14.08666667,11.01,2.78,5.403333333,19.36333333,6.98,343.44,0.73,59.11,5.19,82.6,Wheat
3517,red,5.66,458.0,3.18,0.25,2.19,15.6,9.723333333,10.70333333,13.77333333,12.65666667,28.04,32.58,25.64333333,25.47333333,8.783333333,12.89,14.08666667,11.01,2.78,5.403333333,19.36333333,6.98,343.44,0.73,59.11,5.19,82.6,Wheat
3518,black,5.67,400.44,10.81,0.17,1.96,12.44,8.91,9.48,12.24666667,11.10666667,25.20666667,29.71333333,23.59,22.8,5.76,9.296666667,11.20666667,8.26,2.293333333,4.61,17.44666667,5.803333333,68.94,0.73,59.11,5.44,78.25,Wheat
3519,brown,5.67,142.0,7.0,0.17,2.0,8.0,8.91,9.48,12.24666667,11.10666667,25.20666667,29.71333333,23.59,22.8,5.76,9.296666667,11.20666667,8.26,2.293333333,4.61,17.44666667,5.803333333,68.94,0.73,59.11,5.44,78.25,Wheat
3520,dark reddish brown,7.96,353.0,7.63,0.18,1.52,14.6,7.933333333,8.403333333,11.41333333,10.15,24.85,28.5,23.53333333,21.64666667,6.253333333,9.81,10.58666667,8.38,1.763333333,3.246666667,13.01333333,3.463333333,88.38,0.74,59.11,6.26,76.54,Wheat
3521,brown,5.4,174.0,3.0,0.2017,2.0,6.0,8.91,9.48,12.24666667,11.10666667,25.20666667,29.71333333,23.59,22.8,5.76,9.296666667,11.20666667,8.26,2.293333333,4.61,17.44666667,5.803333333,68.94,0.73,59.11,5.44,78.25,Wheat
3522,reddish brown,6.86,447.0,7.58,0.16,1.06,8.36,7.933333333,8.403333333,11.41333333,10.15,24.85,28.5,23.53333333,21.64666667,6.253333333,9.81,10.58666667,8.38,1.763333333,3.246666667,13.01333333,3.463333333,88.38,0.74,59.11,6.26,76.54,Wheat
3523,black,6.09,406.0,2.0,0.11,1.0,5.0,7.933333333,8.403333333,11.41333333,10.15,24.85,28.5,23.53333333,21.64666667,6.253333333,9.81,10.58666667,8.38,1.763333333,3.246666667,13.01333333,3.463333333,88.38,0.74,59.11,6.26,76.54,Wheat
3524,brown,5.9,119.0,3.0,0.2182,1.1,7.0,7.933333333,8.403333333,11.41333333,10.15,24.85,28.5,23.53333333,21.64666667,6.253333333,9.81,10.58666667,8.38,1.763333333,3.246666667,13.01333333,3.463333333,88.38,0.74,59.11,6.26,76.54,Wheat
3525,brown,5.99,131.0,1.78,0.16,1.37,11.5,7.933333333,8.403333333,11.41333333,10.15,24.85,28.5,23.53333333,21.64666667,6.253333333,9.81,10.58666667,8.38,1.763333333,3.246666667,13.01333333,3.463333333,88.38,0.74,59.11,6.26,76.54,Wheat
3526,red,6.1,233.0,1.9,0.12,1.68,8.75,7.933333333,8.403333333,11.41333333,10.15,24.85,28.5,23.53333333,21.64666667,6.253333333,9.81,10.58666667,8.38,1.763333333,3.246666667,13.01333333,3.463333333,88.38,0.74,59.11,6.26,76.54,Wheat
3527,brown,5.9,332.0,2.0,0.1608,1.1,11.0,9.723333333,10.70333333,13.77333333,12.65666667,28.04,32.58,25.64333333,25.47333333,8.783333333,12.89,14.08666667,11.01,2.78,5.403333333,19.36333333,6.98,343.44,0.73,59.11,5.19,82.6,Wheat
3528,brown,5.8,144.0,3.0,0.1588,1.2,6.0,7.933333333,8.403333333,11.41333333,10.15,24.85,28.5,23.53333333,21.64666667,6.253333333,9.81,10.58666667,8.38,1.763333333,3.246666667,13.01333333,3.463333333,88.38,0.74,59.11,6.26,76.54,Wheat
3529,gray,5.3,75.87,2.2,0.266814054,1.31,18.31,8.91,9.48,12.24666667,11.10666667,25.20666667,29.71333333,23.59,22.8,5.76,9.296666667,11.20666667,8.26,2.293333333,4.61,17.44666667,5.803333333,68.94,0.73,59.11,5.44,78.25,Wheat
3530,red,5.78,320.0,3.17,0.34,4.75,14.9,9.723333333,10.70333333,13.77333333,12.65666667,28.04,32.58,25.64333333,25.47333333,8.783333333,12.89,14.08666667,11.01,2.78,5.403333333,19.36333333,6.98,343.44,0.73,59.11,5.19,82.6,Wheat
3531,brown,7.53,532.0,4.0,0.09,1.1,6.0,7.933333333,8.403333333,11.41333333,10.15,24.85,28.5,23.53333333,21.64666667,6.253333333,9.81,10.58666667,8.38,1.763333333,3.246666667,13.01333333,3.463333333,88.38,0.74,59.11,6.26,76.54,Wheat
3532,brown,6.09,114.0,1.41,0.2,1.5,8.35,7.933333333,8.403333333,11.41333333,10.15,24.85,28.5,23.53333333,21.64666667,6.253333333,9.81,10.58666667,8.38,1.763333333,3.246666667,13.01333333,3.463333333,88.38,0.74,59.11,6.26,76.54,Wheat
3533,brown,6.95,2079.0,782.0,0.16,11.8,22.0,7.933333333,8.403333333,11.41333333,10.15,24.85,28.5,23.53333333,21.64666667,6.253333333,9.81,10.58666667,8.38,1.763333333,3.246666667,13.01333333,3.463333333,88.38,0.74,59.11,6.26,76.54,Wheat
3534,red,5.6,411.0,3.0,0.1859,2.3,19.0,9.723333333,10.70333333,13.77333333,12.65666667,28.04,32.58,25.64333333,25.47333333,8.783333333,12.89,14.08666667,11.01,2.78,5.403333333,19.36333333,6.98,343.44,0.73,59.11,5.19,82.6,Wheat
3535,brown,6.2,56.0,2.0,0.260151402,0.5,21.0,8.91,9.48,12.24666667,11.10666667,25.20666667,29.71333333,23.59,22.8,5.76,9.296666667,11.20666667,8.26,2.293333333,4.61,17.44666667,5.803333333,68.94,0.73,59.11,5.44,78.25,Wheat
3536,red,5.9,625.0,11.0,0.1884,2.2,12.0,9.723333333,10.70333333,13.77333333,12.65666667,28.04,32.58,25.64333333,25.47333333,8.783333333,12.89,14.08666667,11.01,2.78,5.403333333,19.36333333,6.98,343.44,0.73,59.11,5.19,82.6,Wheat
3537,black,7.94,401.0,2.0,0.09,1.0,4.0,7.933333333,8.403333333,11.41333333,10.15,24.85,28.5,23.53333333,21.64666667,6.253333333,9.81,10.58666667,8.38,1.763333333,3.246666667,13.01333333,3.463333333,88.38,0.74,59.11,6.26,76.54,Wheat
3538,red,6.2,613.0,5.0,0.2064,3.1,7.0,9.723333333,10.70333333,13.77333333,12.65666667,28.04,32.58,25.64333333,25.47333333,8.783333333,12.89,14.08666667,11.01,2.78,5.403333333,19.36333333,6.98,343.44,0.73,59.11,5.19,82.6,Wheat
3539,brown,5.3,442.0,4.0,0.2279,0.9,10.0,8.91,9.48,12.24666667,11.10666667,25.20666667,29.71333333,23.59,22.8,5.76,9.296666667,11.20666667,8.26,2.293333333,4.61,17.44666667,5.803333333,68.94,0.73,59.11,5.44,78.25,Wheat
3540,brown,5.3,214.0,2.0,0.2279,0.6,9.0,8.91,9.48,12.24666667,11.10666667,25.20666667,29.71333333,23.59,22.8,5.76,9.296666667,11.20666667,8.26,2.293333333,4.61,17.44666667,5.803333333,68.94,0.73,59.11,5.44,78.25,Wheat
3541,black,6.1,405.0,16.0,0.12,2.5,7.0,7.933333333,8.403333333,11.41333333,10.15,24.85,28.5,23.53333333,21.64666667,6.253333333,9.81,10.58666667,8.38,1.763333333,3.246666667,13.01333333,3.463333333,88.38,0.74,59.11,6.26,76.54,Wheat
3542,brown,5.87,441.0,3.0,0.12,1.2,7.0,7.933333333,8.403333333,11.41333333,10.15,24.85,28.5,23.53333333,21.64666667,6.253333333,9.81,10.58666667,8.38,1.763333333,3.246666667,13.01333333,3.463333333,88.38,0.74,59.11,6.26,76.54,Wheat
3543,gray,7.2,263.0,10.0,0.110631325,1.6,21.0,8.506666667,9.34,12.16666667,10.92666667,25.34333333,28.87,23.33666667,22.28,6.053333333,9.353333333,10.93333333,8.29,1.736666667,5.203333333,17.81666667,5.823333333,36.06,0.77,59.11,5.41,77.29,Wheat
3544,brown,5.8,207.0,4.0,0.250293402,1.2,11.0,8.91,9.48,12.24666667,11.10666667,25.20666667,29.71333333,23.59,22.8,5.76,9.296666667,11.20666667,8.26,2.293333333,4.61,17.44666667,5.803333333,68.94,0.73,59.11,5.44,78.25,Wheat
3545,black,7.53,291.0,7.0,0.09,1.5,5.0,7.933333333,8.403333333,11.41333333,10.15,24.85,28.5,23.53333333,21.64666667,6.253333333,9.81,10.58666667,8.38,1.763333333,3.246666667,13.01333333,3.463333333,88.38,0.74,59.11,6.26,76.54,Wheat
3546,red,5.88,120.0,7.0,0.12,1.7,10.0,7.933333333,8.403333333,11.41333333,10.15,24.85,28.5,23.53333333,21.64666667,6.253333333,9.81,10.58666667,8.38,1.763333333,3.246666667,13.01333333,3.463333333,88.38,0.74,59.11,6.26,76.54,Wheat
3547,red,5.75,277.0,2.0,0.12,0.9,10.0,7.933333333,8.403333333,11.41333333,10.15,24.85,28.5,23.53333333,21.64666667,6.253333333,9.81,10.58666667,8.38,1.763333333,3.246666667,13.01333333,3.463333333,88.38,0.74,59.11,6.26,76.54,Wheat
3548,brown,5.8,202.0,5.0,0.250293402,1.3,11.0,8.91,9.48,12.24666667,11.10666667,25.20666667,29.71333333,23.59,22.8,5.76,9.296666667,11.20666667,8.26,2.293333333,4.61,17.44666667,5.803333333,68.94,0.73,59.11,5.44,78.25,Wheat
3549,red,5.88,589.0,46.0,0.12,5.1,9.0,7.586666667,8.136666667,11.43,10.15,26.32666667,28.97,24.37666667,22.67333333,7.513333333,11.38333333,11.81,10.08666667,0.91,2.266666667,11.76666667,2.96,88.31,0.63,59.11,6.01,77.15,Wheat
3550,red,7.7,470.0,3.0,0.16,1.5,10.0,7.933333333,8.403333333,11.41333333,10.15,24.85,28.5,23.53333333,21.64666667,6.253333333,9.81,10.58666667,8.38,1.763333333,3.246666667,13.01333333,3.463333333,88.38,0.74,59.11,6.26,76.54,Wheat
3551,other,5.3,109.0,6.0,0.2279,0.9,13.0,7.586666667,8.136666667,11.43,10.15,26.32666667,28.97,24.37666667,22.67333333,7.513333333,11.38333333,11.81,10.08666667,0.91,2.266666667,11.76666667,2.96,88.31,0.63,59.11,6.01,77.15,Wheat
3552,brown,6.5,797.0,16.0,0.16,1.1,7.0,7.586666667,8.136666667,11.43,10.15,26.32666667,28.97,24.37666667,22.67333333,7.513333333,11.38333333,11.81,10.08666667,0.91,2.266666667,11.76666667,2.96,88.31,0.63,59.11,6.01,77.15,Wheat
3553,black,5.3,242.0,12.0,0.2279,1.4,8.0,8.506666667,9.34,12.16666667,10.92666667,25.34333333,28.87,23.33666667,22.28,6.053333333,9.353333333,10.93333333,8.29,1.736666667,5.203333333,17.81666667,5.823333333,36.06,0.77,59.11,5.41,77.29,Wheat
3554,brown,5.98,158.0,15.0,0.18,1.2,6.0,7.586666667,8.136666667,11.43,10.15,26.32666667,28.97,24.37666667,22.67333333,7.513333333,11.38333333,11.81,10.08666667,0.91,2.266666667,11.76666667,2.96,88.31,0.63,59.11,6.01,77.15,Wheat
3555,red,5.32,359.0,3.1,0.236689094,0.9,17.6,8.566666667,9.663333333,12.73666667,11.78,25.88333333,30.05666667,23.65,22.84666667,6.626666667,10.35,11.17333333,9.1,1.343333333,5.66,19.92,7.42,14.25,0.8,59.11,6.06,78.58,Wheat
3556,other,5.8,65.0,2.0,0.250293402,1.0,18.0,8.506666667,9.34,12.16666667,10.92666667,25.34333333,28.87,23.33666667,22.28,6.053333333,9.353333333,10.93333333,8.29,1.736666667,5.203333333,17.81666667,5.823333333,36.06,0.77,59.11,5.41,77.29,Wheat
3557,brown,5.3,395.0,4.0,0.2279,1.5,11.0,8.506666667,9.34,12.16666667,10.92666667,25.34333333,28.87,23.33666667,22.28,6.053333333,9.353333333,10.93333333,8.29,1.736666667,5.203333333,17.81666667,5.823333333,36.06,0.77,59.11,5.41,77.29,Wheat
3558,red,6.48,323.0,4.0,0.16,1.3,5.0,7.586666667,8.136666667,11.43,10.15,26.32666667,28.97,24.37666667,22.67333333,7.513333333,11.38333333,11.81,10.08666667,0.91,2.266666667,11.76666667,2.96,88.31,0.63,59.11,6.01,77.15,Wheat
3559,red,5.28,103.0,1.8,0.172688905,0.7,17.9,8.566666667,9.663333333,12.73666667,11.78,25.88333333,30.05666667,23.65,22.84666667,6.626666667,10.35,11.17333333,9.1,1.343333333,5.66,19.92,7.42,14.25,0.8,59.11,6.06,78.58,Wheat
3560,brown,4.7,75.0,3.0,0.3634,1.2,16.0,7.586666667,8.136666667,11.43,10.15,26.32666667,28.97,24.37666667,22.67333333,7.513333333,11.38333333,11.81,10.08666667,0.91,2.266666667,11.76666667,2.96,88.31,0.63,59.11,6.01,77.15,Wheat
3561,brown,5.3,271.0,10.0,0.2279,1.4,12.0,8.506666667,9.34,12.16666667,10.92666667,25.34333333,28.87,23.33666667,22.28,6.053333333,9.353333333,10.93333333,8.29,1.736666667,5.203333333,17.81666667,5.823333333,36.06,0.77,59.11,5.41,77.29,Wheat
3562,brown,5.2,234.0,4.0,0.1877,1.2,11.0,7.586666667,8.136666667,11.43,10.15,26.32666667,28.97,24.37666667,22.67333333,7.513333333,11.38333333,11.81,10.08666667,0.91,2.266666667,11.76666667,2.96,88.31,0.63,59.11,6.01,77.15,Wheat
3563,red,5.8,392.0,14.0,0.250293402,2.2,10.0,8.506666667,9.34,12.16666667,10.92666667,25.34333333,28.87,23.33666667,22.28,6.053333333,9.353333333,10.93333333,8.29,1.736666667,5.203333333,17.81666667,5.823333333,36.06,0.77,59.11,5.41,77.29,Wheat
3564,red,5.3,470.0,3.0,0.2279,2.0,17.0,8.506666667,9.34,12.16666667,10.92666667,25.34333333,28.87,23.33666667,22.28,6.053333333,9.353333333,10.93333333,8.29,1.736666667,5.203333333,17.81666667,5.823333333,36.06,0.77,59.11,5.41,77.29,Wheat
3565,red,5.3,361.0,3.0,0.2279,1.4,14.0,8.506666667,9.34,12.16666667,10.92666667,25.34333333,28.87,23.33666667,22.28,6.053333333,9.353333333,10.93333333,8.29,1.736666667,5.203333333,17.81666667,5.823333333,36.06,0.77,59.11,5.41,77.29,Wheat
3566,brown,5.73,157.3,14.34,0.1144,1.46,6.81,7.586666667,8.136666667,11.43,10.15,26.32666667,28.97,24.37666667,22.67333333,7.513333333,11.38333333,11.81,10.08666667,0.91,2.266666667,11.76666667,2.96,88.31,0.63,59.11,6.01,77.15,Wheat
3567,brown,6.0,184.0,4.0,0.1155,0.7,7.0,7.586666667,8.136666667,11.43,10.15,26.32666667,28.97,24.37666667,22.67333333,7.513333333,11.38333333,11.81,10.08666667,0.91,2.266666667,11.76666667,2.96,88.31,0.63,59.11,6.01,77.15,Wheat
3568,brown,5.5,214.0,5.0,0.1516,1.2,4.0,7.586666667,8.136666667,11.43,10.15,26.32666667,28.97,24.37666667,22.67333333,7.513333333,11.38333333,11.81,10.08666667,0.91,2.266666667,11.76666667,2.96,88.31,0.63,59.11,6.01,77.15,Wheat
3569,other,5.2,105.0,3.0,0.1094,1.0,13.0,7.586666667,8.136666667,11.43,10.15,26.32666667,28.97,24.37666667,22.67333333,7.513333333,11.38333333,11.81,10.08666667,0.91,2.266666667,11.76666667,2.96,88.31,0.63,59.11,6.01,77.15,Wheat
3570,red,5.8,120.0,4.0,0.250293402,1.2,17.0,8.506666667,9.34,12.16666667,10.92666667,25.34333333,28.87,23.33666667,22.28,6.053333333,9.353333333,10.93333333,8.29,1.736666667,5.203333333,17.81666667,5.823333333,36.06,0.77,59.11,5.41,77.29,Wheat
3571,other,6.1,142.0,3.0,0.1144,1.1,10.0,7.586666667,8.136666667,11.43,10.15,26.32666667,28.97,24.37666667,22.67333333,7.513333333,11.38333333,11.81,10.08666667,0.91,2.266666667,11.76666667,2.96,88.31,0.63,59.11,6.01,77.15,Wheat
3572,black,6.8,276.6,5.31,0.024284862,1.05,5.68,7.586666667,8.136666667,11.43,10.15,26.32666667,28.97,24.37666667,22.67333333,7.513333333,11.38333333,11.81,10.08666667,0.91,2.266666667,11.76666667,2.96,88.31,0.63,59.11,6.01,77.15,Wheat
3573,brown,5.4,249.0,2.0,0.1653,2.5,8.0,7.586666667,8.136666667,11.43,10.15,26.32666667,28.97,24.37666667,22.67333333,7.513333333,11.38333333,11.81,10.08666667,0.91,2.266666667,11.76666667,2.96,88.31,0.63,59.11,6.01,77.15,Wheat
3574,brown,5.5,288.0,2.0,0.1259,0.5,10.0,7.586666667,8.136666667,11.43,10.15,26.32666667,28.97,24.37666667,22.67333333,7.513333333,11.38333333,11.81,10.08666667,0.91,2.266666667,11.76666667,2.96,88.31,0.63,59.11,6.01,77.15,Wheat
3575,red,5.3,369.0,7.0,0.2279,0.7,12.0,8.506666667,9.34,12.16666667,10.92666667,25.34333333,28.87,23.33666667,22.28,6.053333333,9.353333333,10.93333333,8.29,1.736666667,5.203333333,17.81666667,5.823333333,36.06,0.77,59.11,5.41,77.29,Wheat
3576,red,6.05,128.11,7.89,0.16,0.97,5.81,7.586666667,8.136666667,11.43,10.15,26.32666667,28.97,24.37666667,22.67333333,7.513333333,11.38333333,11.81,10.08666667,0.91,2.266666667,11.76666667,2.96,88.31,0.63,59.11,6.01,77.15,Wheat
3577,brown,5.8,393.0,4.0,0.1286,1.8,8.0,7.586666667,8.136666667,11.43,10.15,26.32666667,28.97,24.37666667,22.67333333,7.513333333,11.38333333,11.81,10.08666667,0.91,2.266666667,11.76666667,2.96,88.31,0.63,59.11,6.01,77.15,Wheat
3578,brown,5.4,289.0,3.0,0.1369,1.2,8.0,7.586666667,8.136666667,11.43,10.15,26.32666667,28.97,24.37666667,22.67333333,7.513333333,11.38333333,11.81,10.08666667,0.91,2.266666667,11.76666667,2.96,88.31,0.63,59.11,6.01,77.15,Wheat
3579,red,5.5,118.0,1.0,0.0959,0.6,9.0,7.586666667,8.136666667,11.43,10.15,26.32666667,28.97,24.37666667,22.67333333,7.513333333,11.38333333,11.81,10.08666667,0.91,2.266666667,11.76666667,2.96,88.31,0.63,59.11,6.01,77.15,Wheat
3580,other,5.8,94.0,6.0,0.1036,0.9,6.0,7.586666667,8.136666667,11.43,10.15,26.32666667,28.97,24.37666667,22.67333333,7.513333333,11.38333333,11.81,10.08666667,0.91,2.266666667,11.76666667,2.96,88.31,0.63,59.11,6.01,77.15,Wheat
3581,brown,5.52,216.0,5.0,0.2289,0.6,15.0,8.566666667,9.663333333,12.73666667,11.78,25.88333333,30.05666667,23.65,22.84666667,6.626666667,10.35,11.17333333,9.1,1.343333333,5.66,19.92,7.42,14.25,0.8,59.11,6.06,78.58,Wheat
3582,brown,5.9,114.0,7.0,0.0589,0.6,6.0,7.586666667,8.136666667,11.43,10.15,26.32666667,28.97,24.37666667,22.67333333,7.513333333,11.38333333,11.81,10.08666667,0.91,2.266666667,11.76666667,2.96,88.31,0.63,59.11,6.01,77.15,Wheat
3583,brown,5.2,228.0,2.0,0.1411,1.3,10.0,7.586666667,8.136666667,11.43,10.15,26.32666667,28.97,24.37666667,22.67333333,7.513333333,11.38333333,11.81,10.08666667,0.91,2.266666667,11.76666667,2.96,88.31,0.63,59.11,6.01,77.15,Wheat
3584,brown,5.44,185.0,1.0,0.16,1.1,19.0,7.586666667,8.136666667,11.43,10.15,26.32666667,28.97,24.37666667,22.67333333,7.513333333,11.38333333,11.81,10.08666667,0.91,2.266666667,11.76666667,2.96,88.31,0.63,59.11,6.01,77.15,Wheat
3585,other,5.77,254.0,1.0,0.16,1.4,13.0,7.586666667,8.136666667,11.43,10.15,26.32666667,28.97,24.37666667,22.67333333,7.513333333,11.38333333,11.81,10.08666667,0.91,2.266666667,11.76666667,2.96,88.31,0.63,59.11,6.01,77.15,Wheat
3586,gray,7.1,189.0,50.0,0.000261711,2.2,7.0,7.586666667,8.136666667,11.43,10.15,26.32666667,28.97,24.37666667,22.67333333,7.513333333,11.38333333,11.81,10.08666667,0.91,2.266666667,11.76666667,2.96,88.31,0.63,59.11,6.01,77.15,Wheat
3587,black,6.37,357.28,26.66,0.134622792,1.42,5.21,7.586666667,8.136666667,11.43,10.15,26.32666667,28.97,24.37666667,22.67333333,7.513333333,11.38333333,11.81,10.08666667,0.91,2.266666667,11.76666667,2.96,88.31,0.63,59.11,6.01,77.15,Wheat
3588,brown,5.4,157.0,1.0,0.1482,0.8,9.0,7.586666667,8.136666667,11.43,10.15,26.32666667,28.97,24.37666667,22.67333333,7.513333333,11.38333333,11.81,10.08666667,0.91,2.266666667,11.76666667,2.96,88.31,0.63,59.11,6.01,77.15,Wheat
3589,brown,5.5,302.0,2.0,0.2196,1.2,14.0,7.586666667,8.136666667,11.43,10.15,26.32666667,28.97,24.37666667,22.67333333,7.513333333,11.38333333,11.81,10.08666667,0.91,2.266666667,11.76666667,2.96,88.31,0.63,59.11,6.01,77.15,Wheat
3590,brown,5.83,213.0,0.0,0.1494,1.2,11.0,7.586666667,8.136666667,11.43,10.15,26.32666667,28.97,24.37666667,22.67333333,7.513333333,11.38333333,11.81,10.08666667,0.91,2.266666667,11.76666667,2.96,88.31,0.63,59.11,6.01,77.15,Wheat
3591,red,5.1,85.0,1.0,0.1339,0.9,15.0,7.586666667,8.136666667,11.43,10.15,26.32666667,28.97,24.37666667,22.67333333,7.513333333,11.38333333,11.81,10.08666667,0.91,2.266666667,11.76666667,2.96,88.31,0.63,59.11,6.01,77.15,Wheat
3592,red,5.8,154.0,6.0,0.250293402,1.2,5.0,8.506666667,9.34,12.16666667,10.92666667,25.34333333,28.87,23.33666667,22.28,6.053333333,9.353333333,10.93333333,8.29,1.736666667,5.203333333,17.81666667,5.823333333,36.06,0.77,59.11,5.41,77.29,Wheat
3593,reddish brown,5.4,248.0,5.0,0.1333,1.3,12.0,8.506666667,9.34,12.16666667,10.92666667,25.34333333,28.87,23.33666667,22.28,6.053333333,9.353333333,10.93333333,8.29,1.736666667,5.203333333,17.81666667,5.823333333,36.06,0.77,59.11,5.41,77.29,Wheat
3594,red,5.8,87.0,2.0,0.250293402,1.1,11.0,8.506666667,9.34,12.16666667,10.92666667,25.34333333,28.87,23.33666667,22.28,6.053333333,9.353333333,10.93333333,8.29,1.736666667,5.203333333,17.81666667,5.823333333,36.06,0.77,59.11,5.41,77.29,Wheat
3595,red,5.4,123.0,1.0,0.1333,0.9,8.0,8.506666667,9.34,12.16666667,10.92666667,25.34333333,28.87,23.33666667,22.28,6.053333333,9.353333333,10.93333333,8.29,1.736666667,5.203333333,17.81666667,5.823333333,36.06,0.77,59.11,5.41,77.29,Wheat
3596,red,5.4,115.0,1.0,0.1333,0.7,16.0,8.506666667,9.34,12.16666667,10.92666667,25.34333333,28.87,23.33666667,22.28,6.053333333,9.353333333,10.93333333,8.29,1.736666667,5.203333333,17.81666667,5.823333333,36.06,0.77,59.11,5.41,77.29,Wheat
3597,reddish brown,5.4,127.0,3.0,0.1333,1.0,8.0,8.506666667,9.34,12.16666667,10.92666667,25.34333333,28.87,23.33666667,22.28,6.053333333,9.353333333,10.93333333,8.29,1.736666667,5.203333333,17.81666667,5.823333333,36.06,0.77,59.11,5.41,77.29,Wheat
3598,red,5.5,396.0,1.0,0.16,1.1,22.0,7.586666667,8.136666667,11.43,10.15,26.32666667,28.97,24.37666667,22.67333333,7.513333333,11.38333333,11.81,10.08666667,0.91,2.266666667,11.76666667,2.96,88.31,0.63,59.11,6.01,77.15,Wheat
3599,brown,5.71,190.0,4.0,0.16,1.7,12.0,7.586666667,8.136666667,11.43,10.15,26.32666667,28.97,24.37666667,22.67333333,7.513333333,11.38333333,11.81,10.08666667,0.91,2.266666667,11.76666667,2.96,88.31,0.63,59.11,6.01,77.15,Wheat
3600,black,6.06,190.74,4.02,0.134622792,1.33,5.81,7.586666667,8.136666667,11.43,10.15,26.32666667,28.97,24.37666667,22.67333333,7.513333333,11.38333333,11.81,10.08666667,0.91,2.266666667,11.76666667,2.96,88.31,0.63,59.11,6.01,77.15,Wheat
3601,brown,6.9,367.0,7.0,0.134622792,2.2,10.0,7.586666667,8.136666667,11.43,10.15,26.32666667,28.97,24.37666667,22.67333333,7.513333333,11.38333333,11.81,10.08666667,0.91,2.266666667,11.76666667,2.96,88.31,0.63,59.11,6.01,77.15,Wheat
3602,red,5.5,288.0,1.0,0.096,1.7,11.0,7.586666667,8.136666667,11.43,10.15,26.32666667,28.97,24.37666667,22.67333333,7.513333333,11.38333333,11.81,10.08666667,0.91,2.266666667,11.76666667,2.96,88.31,0.63,59.11,6.01,77.15,Wheat
3603,black,5.8,259.0,14.0,0.250293402,1.7,18.0,8.506666667,9.34,12.16666667,10.92666667,25.34333333,28.87,23.33666667,22.28,6.053333333,9.353333333,10.93333333,8.29,1.736666667,5.203333333,17.81666667,5.823333333,36.06,0.77,59.11,5.41,77.29,Wheat
3604,red,5.66,216.0,2.0,0.134622792,1.3,18.0,7.586666667,8.136666667,11.43,10.15,26.32666667,28.97,24.37666667,22.67333333,7.513333333,11.38333333,11.81,10.08666667,0.91,2.266666667,11.76666667,2.96,88.31,0.63,59.11,6.01,77.15,Wheat
3605,brown,5.8,291.0,4.0,0.250293402,1.0,10.0,8.506666667,9.34,12.16666667,10.92666667,25.34333333,28.87,23.33666667,22.28,6.053333333,9.353333333,10.93333333,8.29,1.736666667,5.203333333,17.81666667,5.823333333,36.06,0.77,59.11,5.41,77.29,Wheat
3606,red,5.1,307.0,4.0,0.1859,1.3,12.0,7.586666667,8.136666667,11.43,10.15,26.32666667,28.97,24.37666667,22.67333333,7.513333333,11.38333333,11.81,10.08666667,0.91,2.266666667,11.76666667,2.96,88.31,0.63,59.11,6.01,77.15,Wheat
3607,brown,5.59,339.0,7.0,0.16,1.6,13.0,7.586666667,8.136666667,11.43,10.15,26.32666667,28.97,24.37666667,22.67333333,7.513333333,11.38333333,11.81,10.08666667,0.91,2.266666667,11.76666667,2.96,88.31,0.63,59.11,6.01,77.15,Wheat
3608,brown,5.41,313.1,3.27,0.16,1.7,9.72,7.586666667,8.136666667,11.43,10.15,26.32666667,28.97,24.37666667,22.67333333,7.513333333,11.38333333,11.81,10.08666667,0.91,2.266666667,11.76666667,2.96,88.31,0.63,59.11,6.01,77.15,Wheat
3609,brown,5.8,250.17,14.62,0.195910715,1.4,5.94,7.586666667,8.136666667,11.43,10.15,26.32666667,28.97,24.37666667,22.67333333,7.513333333,11.38333333,11.81,10.08666667,0.91,2.266666667,11.76666667,2.96,88.31,0.63,59.11,6.01,77.15,Wheat
3610,red,5.8,164.0,7.0,0.250293402,2.4,13.0,8.506666667,9.34,12.16666667,10.92666667,25.34333333,28.87,23.33666667,22.28,6.053333333,9.353333333,10.93333333,8.29,1.736666667,5.203333333,17.81666667,5.823333333,36.06,0.77,59.11,5.41,77.29,Wheat
3611,red,6.26,250.0,2.0,0.000261711,2.1,10.0,8.566666667,9.663333333,12.73666667,11.78,25.88333333,30.05666667,23.65,22.84666667,6.626666667,10.35,11.17333333,9.1,1.343333333,5.66,19.92,7.42,14.25,0.8,59.11,6.06,78.58,Wheat
3612,gray,6.26,291.0,5.0,0.000261711,0.6,10.0,8.566666667,9.663333333,12.73666667,11.78,25.88333333,30.05666667,23.65,22.84666667,6.626666667,10.35,11.17333333,9.1,1.343333333,5.66,19.92,7.42,14.25,0.8,59.11,6.06,78.58,Wheat
3613,red,5.71,166.0,5.0,0.2289,1.0,11.0,8.506666667,9.34,12.16666667,10.92666667,25.34333333,28.87,23.33666667,22.28,6.053333333,9.353333333,10.93333333,8.29,1.736666667,5.203333333,17.81666667,5.823333333,36.06,0.77,59.11,5.41,77.29,Wheat
3614,brown,5.8,89.0,5.0,0.250293402,1.7,10.0,8.506666667,9.34,12.16666667,10.92666667,25.34333333,28.87,23.33666667,22.28,6.053333333,9.353333333,10.93333333,8.29,1.736666667,5.203333333,17.81666667,5.823333333,36.06,0.77,59.11,5.41,77.29,Wheat
3615,gray,6.0,130.0,4.0,0.0969,0.9,8.0,8.506666667,9.34,12.16666667,10.92666667,25.34333333,28.87,23.33666667,22.28,6.053333333,9.353333333,10.93333333,8.29,1.736666667,5.203333333,17.81666667,5.823333333,36.06,0.77,59.11,5.41,77.29,Wheat
3616,brown,5.95,315.0,7.0,0.000261711,2.4,8.0,7.586666667,8.136666667,11.43,10.15,26.32666667,28.97,24.37666667,22.67333333,7.513333333,11.38333333,11.81,10.08666667,0.91,2.266666667,11.76666667,2.96,88.31,0.63,59.11,6.01,77.15,Wheat
3617,gray,5.8,107.0,55.0,0.250293402,0.7,8.0,8.506666667,9.34,12.16666667,10.92666667,25.34333333,28.87,23.33666667,22.28,6.053333333,9.353333333,10.93333333,8.29,1.736666667,5.203333333,17.81666667,5.823333333,36.06,0.77,59.11,5.41,77.29,Wheat
3618,brown,5.8,231.04,9.53,0.250293402,2.37,11.37,8.506666667,9.34,12.16666667,10.92666667,25.34333333,28.87,23.33666667,22.28,6.053333333,9.353333333,10.93333333,8.29,1.736666667,5.203333333,17.81666667,5.823333333,36.06,0.77,59.11,5.41,77.29,Wheat
3619,brown,5.85,455.0,9.0,0.195910715,4.8,11.0,7.586666667,8.136666667,11.43,10.15,26.32666667,28.97,24.37666667,22.67333333,7.513333333,11.38333333,11.81,10.08666667,0.91,2.266666667,11.76666667,2.96,88.31,0.63,59.11,6.01,77.15,Wheat
3620,red,5.0,295.0,3.0,0.1932,0.7,16.0,7.586666667,8.136666667,11.43,10.15,26.32666667,28.97,24.37666667,22.67333333,7.513333333,11.38333333,11.81,10.08666667,0.91,2.266666667,11.76666667,2.96,88.31,0.63,59.11,6.01,77.15,Wheat
3621,brown,5.85,131.71,4.81,0.2289,1.64,4.29,8.506666667,9.34,12.16666667,10.92666667,25.34333333,28.87,23.33666667,22.28,6.053333333,9.353333333,10.93333333,8.29,1.736666667,5.203333333,17.81666667,5.823333333,36.06,0.77,59.11,5.41,77.29,Wheat
3622,brown,5.89,328.0,7.0,0.0808,2.3,13.0,8.506666667,9.34,12.16666667,10.92666667,25.34333333,28.87,23.33666667,22.28,6.053333333,9.353333333,10.93333333,8.29,1.736666667,5.203333333,17.81666667,5.823333333,36.06,0.77,59.11,5.41,77.29,Wheat
3623,red,5.85,126.0,1.0,0.195910715,1.3,10.0,7.586666667,8.136666667,11.43,10.15,26.32666667,28.97,24.37666667,22.67333333,7.513333333,11.38333333,11.81,10.08666667,0.91,2.266666667,11.76666667,2.96,88.31,0.63,59.11,6.01,77.15,Wheat
3624,other,5.73,499.0,12.0,0.195910715,1.8,16.0,7.586666667,8.136666667,11.43,10.15,26.32666667,28.97,24.37666667,22.67333333,7.513333333,11.38333333,11.81,10.08666667,0.91,2.266666667,11.76666667,2.96,88.31,0.63,59.11,6.01,77.15,Wheat
3625,red,5.53,394.0,2.0,0.0808,1.2,17.0,8.506666667,9.34,12.16666667,10.92666667,25.34333333,28.87,23.33666667,22.28,6.053333333,9.353333333,10.93333333,8.29,1.736666667,5.203333333,17.81666667,5.823333333,36.06,0.77,59.11,5.41,77.29,Wheat
3626,brown,5.44,145.0,2.0,0.2289,1.0,10.0,8.506666667,9.34,12.16666667,10.92666667,25.34333333,28.87,23.33666667,22.28,6.053333333,9.353333333,10.93333333,8.29,1.736666667,5.203333333,17.81666667,5.823333333,36.06,0.77,59.11,5.41,77.29,Wheat
3627,red,5.73,293.0,5.0,0.0808,1.1,14.0,7.586666667,8.136666667,11.43,10.15,26.32666667,28.97,24.37666667,22.67333333,7.513333333,11.38333333,11.81,10.08666667,0.91,2.266666667,11.76666667,2.96,88.31,0.63,59.11,6.01,77.15,Wheat
3628,black,6.3,390.0,26.0,0.0732,2.5,6.0,8.506666667,9.34,12.16666667,10.92666667,25.34333333,28.87,23.33666667,22.28,6.053333333,9.353333333,10.93333333,8.29,1.736666667,5.203333333,17.81666667,5.823333333,36.06,0.77,59.11,5.41,77.29,Wheat
3629,brown,5.87,337.0,3.0,0.2289,2.1,7.0,8.506666667,9.34,12.16666667,10.92666667,25.34333333,28.87,23.33666667,22.28,6.053333333,9.353333333,10.93333333,8.29,1.736666667,5.203333333,17.81666667,5.823333333,36.06,0.77,59.11,5.41,77.29,Wheat
3630,brown,5.8,215.0,10.0,0.250293402,0.8,6.0,8.506666667,9.34,12.16666667,10.92666667,25.34333333,28.87,23.33666667,22.28,6.053333333,9.353333333,10.93333333,8.29,1.736666667,5.203333333,17.81666667,5.823333333,36.06,0.77,59.11,5.41,77.29,Wheat
3631,brown,5.8,284.58,11.14,0.250293402,2.63,7.61,8.506666667,9.34,12.16666667,10.92666667,25.34333333,28.87,23.33666667,22.28,6.053333333,9.353333333,10.93333333,8.29,1.736666667,5.203333333,17.81666667,5.823333333,36.06,0.77,59.11,5.41,77.29,Wheat
3632,red,6.62,307.0,2.7,0.156888135,1.4,12.6,8.506666667,9.34,12.16666667,10.92666667,25.34333333,28.87,23.33666667,22.28,6.053333333,9.353333333,10.93333333,8.29,1.736666667,5.203333333,17.81666667,5.823333333,36.06,0.77,59.11,5.41,77.29,Wheat
3633,red,5.9,994.0,33.0,0.2292,4.0,9.0,7.586666667,8.136666667,11.43,10.15,26.32666667,28.97,24.37666667,22.67333333,7.513333333,11.38333333,11.81,10.08666667,0.91,2.266666667,11.76666667,2.96,88.31,0.63,59.11,6.01,77.15,Wheat
3634,gray,5.59,173.0,3.0,0.2289,0.7,9.0,8.506666667,9.34,12.16666667,10.92666667,25.34333333,28.87,23.33666667,22.28,6.053333333,9.353333333,10.93333333,8.29,1.736666667,5.203333333,17.81666667,5.823333333,36.06,0.77,59.11,5.41,77.29,Wheat
3635,brown,5.5,161.0,2.0,0.2289,1.1,11.0,8.506666667,9.34,12.16666667,10.92666667,25.34333333,28.87,23.33666667,22.28,6.053333333,9.353333333,10.93333333,8.29,1.736666667,5.203333333,17.81666667,5.823333333,36.06,0.77,59.11,5.41,77.29,Wheat
3636,gray,5.4,308.0,28.0,0.2255,1.4,9.0,8.506666667,9.34,12.16666667,10.92666667,25.34333333,28.87,23.33666667,22.28,6.053333333,9.353333333,10.93333333,8.29,1.736666667,5.203333333,17.81666667,5.823333333,36.06,0.77,59.11,5.41,77.29,Wheat
3637,red,5.97,79.27,2.2,0.2289,1.69,5.17,8.506666667,9.34,12.16666667,10.92666667,25.34333333,28.87,23.33666667,22.28,6.053333333,9.353333333,10.93333333,8.29,1.736666667,5.203333333,17.81666667,5.823333333,36.06,0.77,59.11,5.41,77.29,Wheat
3638,brown,5.4,105.0,4.0,0.1858,0.6,9.0,8.506666667,9.34,12.16666667,10.92666667,25.34333333,28.87,23.33666667,22.28,6.053333333,9.353333333,10.93333333,8.29,1.736666667,5.203333333,17.81666667,5.823333333,36.06,0.77,59.11,5.41,77.29,Wheat
3639,red,5.83,130.0,1.0,0.2289,1.1,12.0,8.506666667,9.34,12.16666667,10.92666667,25.34333333,28.87,23.33666667,22.28,6.053333333,9.353333333,10.93333333,8.29,1.736666667,5.203333333,17.81666667,5.823333333,36.06,0.77,59.11,5.41,77.29,Wheat
3640,brown,5.4,132.0,29.0,0.2255,1.9,9.0,8.506666667,9.34,12.16666667,10.92666667,25.34333333,28.87,23.33666667,22.28,6.053333333,9.353333333,10.93333333,8.29,1.736666667,5.203333333,17.81666667,5.823333333,36.06,0.77,59.11,5.41,77.29,Wheat
3641,brown,5.2,273.0,16.0,0.3723,2.0,12.0,8.506666667,9.34,12.16666667,10.92666667,25.34333333,28.87,23.33666667,22.28,6.053333333,9.353333333,10.93333333,8.29,1.736666667,5.203333333,17.81666667,5.823333333,36.06,0.77,59.11,5.41,77.29,Wheat
3642,brown,5.78,536.51,9.16,0.2289,1.63,7.96,8.506666667,9.34,12.16666667,10.92666667,25.34333333,28.87,23.33666667,22.28,6.053333333,9.353333333,10.93333333,8.29,1.736666667,5.203333333,17.81666667,5.823333333,36.06,0.77,59.11,5.41,77.29,Wheat
3643,brown,5.2,122.0,2.0,0.1617,1.2,9.0,8.506666667,9.34,12.16666667,10.92666667,25.34333333,28.87,23.33666667,22.28,6.053333333,9.353333333,10.93333333,8.29,1.736666667,5.203333333,17.81666667,5.823333333,36.06,0.77,59.11,5.41,77.29,Wheat
3644,brown,6.1,104.0,9.0,0.1345,0.7,5.0,8.506666667,9.34,12.16666667,10.92666667,25.34333333,28.87,23.33666667,22.28,6.053333333,9.353333333,10.93333333,8.29,1.736666667,5.203333333,17.81666667,5.823333333,36.06,0.77,59.11,5.41,77.29,Wheat
3645,black,5.6,129.0,4.0,0.4642,1.4,9.0,8.506666667,9.34,12.16666667,10.92666667,25.34333333,28.87,23.33666667,22.28,6.053333333,9.353333333,10.93333333,8.29,1.736666667,5.203333333,17.81666667,5.823333333,36.06,0.77,59.11,5.41,77.29,Wheat
3646,black,5.6,176.0,7.0,0.3576,2.1,9.0,8.506666667,9.34,12.16666667,10.92666667,25.34333333,28.87,23.33666667,22.28,6.053333333,9.353333333,10.93333333,8.29,1.736666667,5.203333333,17.81666667,5.823333333,36.06,0.77,59.11,5.41,77.29,Wheat
3647,brown,5.1,141.0,13.0,0.2283,1.7,10.0,8.506666667,9.34,12.16666667,10.92666667,25.34333333,28.87,23.33666667,22.28,6.053333333,9.353333333,10.93333333,8.29,1.736666667,5.203333333,17.81666667,5.823333333,36.06,0.77,59.11,5.41,77.29,Wheat
3648,red,5.1,143.0,3.0,0.1602,1.2,10.0,8.506666667,9.34,12.16666667,10.92666667,25.34333333,28.87,23.33666667,22.28,6.053333333,9.353333333,10.93333333,8.29,1.736666667,5.203333333,17.81666667,5.823333333,36.06,0.77,59.11,5.41,77.29,Wheat
3649,brown,5.5,173.0,6.0,0.1611,0.4,9.0,8.506666667,9.34,12.16666667,10.92666667,25.34333333,28.87,23.33666667,22.28,6.053333333,9.353333333,10.93333333,8.29,1.736666667,5.203333333,17.81666667,5.823333333,36.06,0.77,59.11,5.41,77.29,Wheat
3650,brown,5.2,142.0,4.0,0.1428,0.7,10.0,8.506666667,9.34,12.16666667,10.92666667,25.34333333,28.87,23.33666667,22.28,6.053333333,9.353333333,10.93333333,8.29,1.736666667,5.203333333,17.81666667,5.823333333,36.06,0.77,59.11,5.41,77.29,Wheat
3651,red,6.0,796.0,8.0,0.1655,2.0,6.0,8.506666667,9.34,12.16666667,10.92666667,25.34333333,28.87,23.33666667,22.28,6.053333333,9.353333333,10.93333333,8.29,1.736666667,5.203333333,17.81666667,5.823333333,36.06,0.77,59.11,5.41,77.29,Wheat
3652,red,5.6,178.0,1.0,0.1295,1.0,13.0,8.506666667,9.34,12.16666667,10.92666667,25.34333333,28.87,23.33666667,22.28,6.053333333,9.353333333,10.93333333,8.29,1.736666667,5.203333333,17.81666667,5.823333333,36.06,0.77,59.11,5.41,77.29,Wheat
3653,brown,5.7,102.0,4.0,0.2575,0.9,5.0,8.506666667,9.34,12.16666667,10.92666667,25.34333333,28.87,23.33666667,22.28,6.053333333,9.353333333,10.93333333,8.29,1.736666667,5.203333333,17.81666667,5.823333333,36.06,0.77,59.11,5.41,77.29,Wheat
3654,black,5.5,93.0,4.0,0.4024,0.5,10.0,8.506666667,9.34,12.16666667,10.92666667,25.34333333,28.87,23.33666667,22.28,6.053333333,9.353333333,10.93333333,8.29,1.736666667,5.203333333,17.81666667,5.823333333,36.06,0.77,59.11,5.41,77.29,Wheat
3655,other,5.3,117.0,2.0,0.2017,0.6,12.0,8.343333333,9.276666667,12.83666667,11.43333333,28.11333333,31.15666667,25.52666667,24.43,8.733333333,12.25333333,12.97666667,10.7,0.873333333,4.013333333,15.06,4.36,3.44,0.7,48.62,6.1,79.61,Wheat
3656,brown,6.0,210.0,4.0,0.1185,1.3,5.0,8.343333333,9.276666667,12.83666667,11.43333333,28.11333333,31.15666667,25.52666667,24.43,8.733333333,12.25333333,12.97666667,10.7,0.873333333,4.013333333,15.06,4.36,3.44,0.7,48.62,6.1,79.61,Wheat
3657,red,5.39,206.0,3.0,0.21,1.0,12.0,8.343333333,9.276666667,12.83666667,11.43333333,28.11333333,31.15666667,25.52666667,24.43,8.733333333,12.25333333,12.97666667,10.7,0.873333333,4.013333333,15.06,4.36,3.44,0.7,48.62,6.1,79.61,Wheat
3658,red,5.3,255.0,4.0,0.1617,1.5,14.0,8.383333333,9.543333333,13.49,12.63666667,29.17333333,33.1,26.3,25.15333333,8.533333333,13.18333333,13.02666667,11.33666667,0.413333333,4.41,16.62,5.43,0.06,0.7,48.62,6.21,81.38,Wheat
3659,red,5.55,247.0,2.95,0.11,1.5,13.5,8.383333333,9.543333333,13.49,12.63666667,29.17333333,33.1,26.3,25.15333333,8.533333333,13.18333333,13.02666667,11.33666667,0.413333333,4.41,16.62,5.43,0.06,0.7,48.62,6.21,81.38,Wheat
3660,red,4.9,251.0,2.0,0.1917,1.7,14.0,8.91,9.48,12.24666667,11.10666667,25.20666667,29.71333333,23.59,22.8,5.76,9.296666667,11.20666667,8.26,2.293333333,4.61,17.44666667,5.803333333,68.94,0.73,59.11,5.44,78.25,Wheat
3661,red,5.5,295.0,1.0,0.1566,1.0,14.0,7.933333333,8.403333333,11.41333333,10.15,24.85,28.5,23.53333333,21.64666667,6.253333333,9.81,10.58666667,8.38,1.763333333,3.246666667,13.01333333,3.463333333,88.38,0.74,59.11,6.26,76.54,Wheat
3662,red,5.5,175.0,0.5,0.0942,0.5,20.0,8.91,9.48,12.24666667,11.10666667,25.20666667,29.71333333,23.59,22.8,5.76,9.296666667,11.20666667,8.26,2.293333333,4.61,17.44666667,5.803333333,68.94,0.73,59.11,5.44,78.25,Wheat
3663,brown,5.2,112.0,1.0,0.1542,0.4,17.0,8.91,9.48,12.24666667,11.10666667,25.20666667,29.71333333,23.59,22.8,5.76,9.296666667,11.20666667,8.26,2.293333333,4.61,17.44666667,5.803333333,68.94,0.73,59.11,5.44,78.25,Wheat
3664,red,5.1,186.0,2.0,0.119,0.9,19.0,8.91,9.48,12.24666667,11.10666667,25.20666667,29.71333333,23.59,22.8,5.76,9.296666667,11.20666667,8.26,2.293333333,4.61,17.44666667,5.803333333,68.94,0.73,59.11,5.44,78.25,Wheat
3665,gray,6.11,425.639,222.659,0.23,2.766,13.477,7.993333333,10.45666667,11.96333333,9.683333333,26.85333333,28.52666667,23.06,22.27333333,5.39,9.89,10.41666667,5.693333333,0.0,5.27,12.30333333,5.27,3.44,0.73,56.57,6.24,77.03,Wheat
3666,black,6.11,467.45,11.195,0.23,0.556995,12.992,7.993333333,10.45666667,11.96333333,9.683333333,26.85333333,28.52666667,23.06,22.27333333,5.39,9.89,10.41666667,5.693333333,0.0,5.27,12.30333333,5.27,3.44,0.73,56.57,6.24,77.03,Wheat
3667,black,6.11,439.016,16.941,0.23,1.159,15.023,7.993333333,10.45666667,11.96333333,9.683333333,26.85333333,28.52666667,23.06,22.27333333,5.39,9.89,10.41666667,5.693333333,0.0,5.27,12.30333333,5.27,3.44,0.73,56.57,6.24,77.03,Wheat
3668,black,6.11,938.826,244.957,0.23,5.276,20.991,7.993333333,10.45666667,11.96333333,9.683333333,26.85333333,28.52666667,23.06,22.27333333,5.39,9.89,10.41666667,5.693333333,0.0,5.27,12.30333333,5.27,3.44,0.73,56.57,6.24,77.03,Wheat
3669,black,6.11,436.342,7.125,0.23,0.532101,16.675,7.993333333,10.45666667,11.96333333,9.683333333,26.85333333,28.52666667,23.06,22.27333333,5.39,9.89,10.41666667,5.693333333,0.0,5.27,12.30333333,5.27,3.44,0.73,56.57,6.24,77.03,Wheat
3670,black,6.11,370.491,4.934,0.23,0.534322,20.017,7.993333333,10.45666667,11.96333333,9.683333333,26.85333333,28.52666667,23.06,22.27333333,5.39,9.89,10.41666667,5.693333333,0.0,5.27,12.30333333,5.27,3.44,0.73,56.57,6.24,77.03,Wheat
3671,black,6.11,376.225,12.018,0.23,0.462121,14.655,7.993333333,10.45666667,11.96333333,9.683333333,26.85333333,28.52666667,23.06,22.27333333,5.39,9.89,10.41666667,5.693333333,0.0,5.27,12.30333333,5.27,3.44,0.73,56.57,6.24,77.03,Wheat
3672,black,6.11,399.003,4.542,0.23,0.690059,14.723,7.993333333,10.45666667,11.96333333,9.683333333,26.85333333,28.52666667,23.06,22.27333333,5.39,9.89,10.41666667,5.693333333,0.0,5.27,12.30333333,5.27,3.44,0.73,56.57,6.24,77.03,Wheat
3673,black,7.45,405.928,7.189,0.23,0.687367,14.878,7.993333333,10.45666667,11.96333333,9.683333333,26.85333333,28.52666667,23.06,22.27333333,5.39,9.89,10.41666667,5.693333333,0.0,5.27,12.30333333,5.27,3.44,0.73,56.57,6.24,77.03,Wheat
3674,black,6.11,342.196,4.895,0.23,0.939658,12.409,7.993333333,10.45666667,11.96333333,9.683333333,26.85333333,28.52666667,23.06,22.27333333,5.39,9.89,10.41666667,5.693333333,0.0,5.27,12.30333333,5.27,3.44,0.73,56.57,6.24,77.03,Wheat
3675,black,6.11,336.57,5.277,0.23,0.556835,15.84,7.993333333,10.45666667,11.96333333,9.683333333,26.85333333,28.52666667,23.06,22.27333333,5.39,9.89,10.41666667,5.693333333,0.0,5.27,12.30333333,5.27,3.44,0.73,56.57,6.24,77.03,Wheat
3676,black,7.45,287.134,11.946,0.23,0.690927,14.511,7.993333333,10.45666667,11.96333333,9.683333333,26.85333333,28.52666667,23.06,22.27333333,5.39,9.89,10.41666667,5.693333333,0.0,5.27,12.30333333,5.27,3.44,0.73,56.57,6.24,77.03,Wheat
3677,black,6.11,356.224,5.382,0.23,0.649537,16.182,7.993333333,10.45666667,11.96333333,9.683333333,26.85333333,28.52666667,23.06,22.27333333,5.39,9.89,10.41666667,5.693333333,0.0,5.27,12.30333333,5.27,3.44,0.73,56.57,6.24,77.03,Wheat
3678,brown,7.45,158.933,6.714,0.23,0.668823,14.866,7.993333333,10.45666667,11.96333333,9.683333333,26.85333333,28.52666667,23.06,22.27333333,5.39,9.89,10.41666667,5.693333333,0.0,5.27,12.30333333,5.27,3.44,0.73,56.57,6.24,77.03,Wheat
3679,black,6.11,298.857,11.358,0.23,0.688948,13.191,7.993333333,10.45666667,11.96333333,9.683333333,26.85333333,28.52666667,23.06,22.27333333,5.39,9.89,10.41666667,5.693333333,0.0,5.27,12.30333333,5.27,3.44,0.73,56.57,6.24,77.03,Wheat
3680,gray,6.11,232.399,3.829,0.23,2.086,11.241,7.993333333,10.45666667,11.96333333,9.683333333,26.85333333,28.52666667,23.06,22.27333333,5.39,9.89,10.41666667,5.693333333,0.0,5.27,12.30333333,5.27,3.44,0.73,56.57,6.24,77.03,Wheat
3681,red,5.21,220.383,1.906,0.23,2.044,11.616,7.993333333,10.45666667,11.96333333,9.683333333,26.85333333,28.52666667,23.06,22.27333333,5.39,9.89,10.41666667,5.693333333,0.0,5.27,12.30333333,5.27,3.44,0.73,56.57,6.24,77.03,Wheat
3682,black,6.11,303.455,2.71,0.23,1.302,13.34,7.993333333,10.45666667,11.96333333,9.683333333,26.85333333,28.52666667,23.06,22.27333333,5.39,9.89,10.41666667,5.693333333,0.0,5.27,12.30333333,5.27,3.44,0.73,56.57,6.24,77.03,Wheat
3683,black,6.2,300.127,17.886,0.23,1.741,14.221,7.993333333,10.45666667,11.96333333,9.683333333,26.85333333,28.52666667,23.06,22.27333333,5.39,9.89,10.41666667,5.693333333,0.0,5.27,12.30333333,5.27,3.44,0.73,56.57,6.24,77.03,Wheat
3684,yellowish brown,5.47,255.608,1.887,0.23,2.645,12.897,7.993333333,10.45666667,11.96333333,9.683333333,26.85333333,28.52666667,23.06,22.27333333,5.39,9.89,10.41666667,5.693333333,0.0,5.27,12.30333333,5.27,3.44,0.73,56.57,6.24,77.03,Wheat
3685,black,6.2,323.325,8.739,0.23,0.750446,12.551,7.993333333,10.45666667,11.96333333,9.683333333,26.85333333,28.52666667,23.06,22.27333333,5.39,9.89,10.41666667,5.693333333,0.0,5.27,12.30333333,5.27,3.44,0.73,56.57,6.24,77.03,Wheat
3686,red,5.92,300.355,1.304,0.23,1.595,12.768,7.993333333,10.45666667,11.96333333,9.683333333,26.85333333,28.52666667,23.06,22.27333333,5.39,9.89,10.41666667,5.693333333,0.0,5.27,12.30333333,5.27,3.44,0.73,56.57,6.24,77.03,Wheat
3687,black,6.2,258.539,5.172,0.23,0.762284,13.805,7.993333333,10.45666667,11.96333333,9.683333333,26.85333333,28.52666667,23.06,22.27333333,5.39,9.89,10.41666667,5.693333333,0.0,5.27,12.30333333,5.27,3.44,0.73,56.57,6.24,77.03,Wheat
3688,brown,6.2,340.74,8.757,0.23,0.784822,12.264,7.993333333,10.45666667,11.96333333,9.683333333,26.85333333,28.52666667,23.06,22.27333333,5.39,9.89,10.41666667,5.693333333,0.0,5.27,12.30333333,5.27,3.44,0.73,56.57,6.24,77.03,Wheat
3689,gray,6.11,236.039,10.321,0.23,0.997657,13.396,7.993333333,10.45666667,11.96333333,9.683333333,26.85333333,28.52666667,23.06,22.27333333,5.39,9.89,10.41666667,5.693333333,0.0,5.27,12.30333333,5.27,3.44,0.73,56.57,6.24,77.03,Wheat
3690,black,6.11,301.418,3.196,0.23,2.211,14.51,7.993333333,10.45666667,11.96333333,9.683333333,26.85333333,28.52666667,23.06,22.27333333,5.39,9.89,10.41666667,5.693333333,0.0,5.27,12.30333333,5.27,3.44,0.73,56.57,6.24,77.03,Wheat
3691,brown,5.81,502.668,13.31,0.23,2.665,9.453,7.993333333,10.45666667,11.96333333,9.683333333,26.85333333,28.52666667,23.06,22.27333333,5.39,9.89,10.41666667,5.693333333,0.0,5.27,12.30333333,5.27,3.44,0.73,56.57,6.24,77.03,Wheat
3692,gray,6.11,394.159,8.283,0.23,2.801,14.069,7.993333333,10.45666667,11.96333333,9.683333333,26.85333333,28.52666667,23.06,22.27333333,5.39,9.89,10.41666667,5.693333333,0.0,5.27,12.30333333,5.27,3.44,0.73,56.57,6.24,77.03,Wheat
3693,black,6.21,250.529,10.169,0.23,0.972146,13.257,7.993333333,10.45666667,11.96333333,9.683333333,26.85333333,28.52666667,23.06,22.27333333,5.39,9.89,10.41666667,5.693333333,0.0,5.27,12.30333333,5.27,3.44,0.73,56.57,6.24,77.03,Wheat
3694,red,6.11,210.375,3.928,0.23,2.295,16.046,7.993333333,10.45666667,11.96333333,9.683333333,26.85333333,28.52666667,23.06,22.27333333,5.39,9.89,10.41666667,5.693333333,0.0,5.27,12.30333333,5.27,3.44,0.73,56.57,6.24,77.03,Wheat
3695,brown,6.2,82.392,7.169,0.23,1.139,13.892,7.993333333,10.45666667,11.96333333,9.683333333,26.85333333,28.52666667,23.06,22.27333333,5.39,9.89,10.41666667,5.693333333,0.0,5.27,12.30333333,5.27,3.44,0.73,56.57,6.24,77.03,Wheat
3696,brown,6.5,139.087,2.629,0.23,1.354,10.959,7.993333333,10.45666667,11.96333333,9.683333333,26.85333333,28.52666667,23.06,22.27333333,5.39,9.89,10.41666667,5.693333333,0.0,5.27,12.30333333,5.27,3.44,0.73,56.57,6.24,77.03,Wheat
3697,brown,5.62,220.639,3.853,0.23,1.24,11.217,7.993333333,10.45666667,11.96333333,9.683333333,26.85333333,28.52666667,23.06,22.27333333,5.39,9.89,10.41666667,5.693333333,0.0,5.27,12.30333333,5.27,3.44,0.73,56.57,6.24,77.03,Wheat
3698,red,5.62,230.254,2.279,0.23,2.106,12.302,7.993333333,10.45666667,11.96333333,9.683333333,26.85333333,28.52666667,23.06,22.27333333,5.39,9.89,10.41666667,5.693333333,0.0,5.27,12.30333333,5.27,3.44,0.73,56.57,6.24,77.03,Wheat
3699,red,5.92,486.692,25.896,0.23,1.565,12.38,7.993333333,10.45666667,11.96333333,9.683333333,26.85333333,28.52666667,23.06,22.27333333,5.39,9.89,10.41666667,5.693333333,0.0,5.27,12.30333333,5.27,3.44,0.73,56.57,6.24,77.03,Wheat
3700,brown,5.07,200.908,34.853,0.23,2.648,12.222,7.993333333,10.45666667,11.96333333,9.683333333,26.85333333,28.52666667,23.06,22.27333333,5.39,9.89,10.41666667,5.693333333,0.0,5.27,12.30333333,5.27,3.44,0.73,56.57,6.24,77.03,Wheat
3701,red,6.07,192.76,1.034,0.23,1.254,9.839,7.993333333,10.45666667,11.96333333,9.683333333,26.85333333,28.52666667,23.06,22.27333333,5.39,9.89,10.41666667,5.693333333,0.0,5.27,12.30333333,5.27,3.44,0.73,56.57,6.24,77.03,Wheat
3702,red,5.97,210.819,5.256,0.23,1.107,12.158,7.993333333,10.45666667,11.96333333,9.683333333,26.85333333,28.52666667,23.06,22.27333333,5.39,9.89,10.41666667,5.693333333,0.0,5.27,12.30333333,5.27,3.44,0.73,56.57,6.24,77.03,Wheat
3703,red,5.81,213.194,7.318,0.23,2.056,11.626,7.993333333,10.45666667,11.96333333,9.683333333,26.85333333,28.52666667,23.06,22.27333333,5.39,9.89,10.41666667,5.693333333,0.0,5.27,12.30333333,5.27,3.44,0.73,56.57,6.24,77.03,Wheat
3704,brown,5.03,262.333,3.039,0.23,1.936,9.935,7.993333333,10.45666667,11.96333333,9.683333333,26.85333333,28.52666667,23.06,22.27333333,5.39,9.89,10.41666667,5.693333333,0.0,5.27,12.30333333,5.27,3.44,0.73,56.57,6.24,77.03,Wheat
3705,brown,5.98,175.938,1.156,0.23,1.377,12.591,7.993333333,10.45666667,11.96333333,9.683333333,26.85333333,28.52666667,23.06,22.27333333,5.39,9.89,10.41666667,5.693333333,0.0,5.27,12.30333333,5.27,3.44,0.73,56.57,6.24,77.03,Wheat
3706,red,5.45,332.655,89.656,0.23,4.791,10.661,7.993333333,10.45666667,11.96333333,9.683333333,26.85333333,28.52666667,23.06,22.27333333,5.39,9.89,10.41666667,5.693333333,0.0,5.27,12.30333333,5.27,3.44,0.73,56.57,6.24,77.03,Wheat
3707,brown,5.41,205.009,21.227,0.23,2.295,14.268,7.65,7.773333333,10.98666667,9.726666667,9.03,25.14666667,28.24333333,23.80666667,3.413333333,6.96,9.98,5.703333333,1.17,2.243333333,7.52,2.88,81.06,0.69,53.45,6.48,75.83,Wheat
3708,brown,5.31,114.962,4.209,0.23,2.055,12.503,7.65,7.773333333,10.98666667,9.726666667,9.03,25.14666667,28.24333333,23.80666667,3.413333333,6.96,9.98,5.703333333,1.17,2.243333333,7.52,2.88,81.06,0.69,53.45,6.48,75.83,Wheat
3709,red,6.17,336.864,61.875,0.23,1.214,13.177,7.65,7.773333333,10.98666667,9.726666667,9.03,25.14666667,28.24333333,23.80666667,3.413333333,6.96,9.98,5.703333333,1.17,2.243333333,7.52,2.88,81.06,0.69,53.45,6.48,75.83,Wheat
3710,brown,6.12,288.342,18.059,0.23,1.177,14.138,7.65,7.773333333,10.98666667,9.726666667,9.03,25.14666667,28.24333333,23.80666667,3.413333333,6.96,9.98,5.703333333,1.17,2.243333333,7.52,2.88,81.06,0.69,53.45,6.48,75.83,Wheat
3711,brown,5.81,185.732,6.29,0.23,1.934,16.27,7.65,7.773333333,10.98666667,9.726666667,9.03,25.14666667,28.24333333,23.80666667,3.413333333,6.96,9.98,5.703333333,1.17,2.243333333,7.52,2.88,81.06,0.69,53.45,6.48,75.83,Wheat
3712,brown,6.0,241.0,3.0,0.2621,2.3,7.0,7.183333333,7.65,10.47666667,9.07,22.33,25.61666667,23.65,20.61666667,2.053333333,4.816666667,8.433333333,3.98,2.073333333,2.613333333,4.836666667,3.63,75.69,0.65,0.46,46.1,74.17,Wheat
3713,black,6.8,369.0,6.0,0.1723,0.9,4.0,7.183333333,7.65,10.47666667,9.07,22.33,25.61666667,23.65,20.61666667,2.053333333,4.816666667,8.433333333,3.98,2.073333333,2.613333333,4.836666667,3.63,75.69,0.65,0.46,46.1,74.17,Wheat
3714,gray,5.7,279.491,13.315,0.23,0.421492,12.831,7.65,7.773333333,10.98666667,9.726666667,9.03,25.14666667,28.24333333,23.80666667,3.413333333,6.96,9.98,5.703333333,1.17,2.243333333,7.52,2.88,81.06,0.69,53.45,6.48,75.83,Wheat
3715,black,6.8,337.0,3.0,0.1688,1.0,5.0,7.183333333,7.65,10.47666667,9.07,22.33,25.61666667,23.65,20.61666667,2.053333333,4.816666667,8.433333333,3.98,2.073333333,2.613333333,4.836666667,3.63,75.69,0.65,0.46,46.1,74.17,Wheat
3716,brown,6.1,429.0,6.0,0.2094,1.6,8.0,7.183333333,7.65,10.47666667,9.07,22.33,25.61666667,23.65,20.61666667,2.053333333,4.816666667,8.433333333,3.98,2.073333333,2.613333333,4.836666667,3.63,75.69,0.65,0.46,46.1,74.17,Wheat
3717,brown,5.8,376.0,6.0,0.2837,2.6,8.0,7.183333333,7.65,10.47666667,9.07,22.33,25.61666667,23.65,20.61666667,2.053333333,4.816666667,8.433333333,3.98,2.073333333,2.613333333,4.836666667,3.63,75.69,0.65,0.46,46.1,74.17,Wheat
3718,brown,5.93,112.227,5.904,0.23,0.548208,13.46,7.65,7.773333333,10.98666667,9.726666667,9.03,25.14666667,28.24333333,23.80666667,3.413333333,6.96,9.98,5.703333333,1.17,2.243333333,7.52,2.88,81.06,0.69,53.45,6.48,75.83,Wheat
3719,dark red,5.59,187.733,4.553,0.23,1.567,17.778,7.65,7.773333333,10.98666667,9.726666667,9.03,25.14666667,28.24333333,23.80666667,3.413333333,6.96,9.98,5.703333333,1.17,2.243333333,7.52,2.88,81.06,0.69,53.45,6.48,75.83,Wheat
3720,brown,6.0,405.0,21.0,0.2227,3.1,7.0,7.183333333,7.65,10.47666667,9.07,22.33,25.61666667,23.65,20.61666667,2.053333333,4.816666667,8.433333333,3.98,2.073333333,2.613333333,4.836666667,3.63,75.69,0.65,0.46,46.1,74.17,Wheat
3721,brown,6.2,164.0,3.0,0.2418,2.4,6.0,7.183333333,7.65,10.47666667,9.07,22.33,25.61666667,23.65,20.61666667,2.053333333,4.816666667,8.433333333,3.98,2.073333333,2.613333333,4.836666667,3.63,75.69,0.65,0.46,46.1,74.17,Wheat
3722,black,6.0,343.0,6.0,0.1994,1.6,4.0,7.183333333,7.65,10.47666667,9.07,22.33,25.61666667,23.65,20.61666667,2.053333333,4.816666667,8.433333333,3.98,2.073333333,2.613333333,4.836666667,3.63,75.69,0.65,0.46,46.1,74.17,Wheat
3723,brown,6.0,270.0,5.0,0.2437,2.4,7.0,7.183333333,7.65,10.47666667,9.07,22.33,25.61666667,23.65,20.61666667,2.053333333,4.816666667,8.433333333,3.98,2.073333333,2.613333333,4.836666667,3.63,75.69,0.65,0.46,46.1,74.17,Wheat
3724,brown,6.1,533.0,159.0,0.23,4.3,8.0,7.183333333,7.65,10.47666667,9.07,22.33,25.61666667,23.65,20.61666667,2.053333333,4.816666667,8.433333333,3.98,2.073333333,2.613333333,4.836666667,3.63,75.69,0.65,0.46,46.1,74.17,Wheat
3725,brown,6.0,165.0,7.0,0.2062,1.7,5.0,7.183333333,7.65,10.47666667,9.07,22.33,25.61666667,23.65,20.61666667,2.053333333,4.816666667,8.433333333,3.98,2.073333333,2.613333333,4.836666667,3.63,75.69,0.65,0.46,46.1,74.17,Wheat
3726,red,5.67,633.449,252.69,0.23,3.31,16.075,7.65,7.773333333,10.98666667,9.726666667,9.03,25.14666667,28.24333333,23.80666667,3.413333333,6.96,9.98,5.703333333,1.17,2.243333333,7.52,2.88,81.06,0.69,53.45,6.48,75.83,Wheat
3727,brown,5.9,238.0,6.0,0.2834,2.6,6.0,7.183333333,7.65,10.47666667,9.07,22.33,25.61666667,23.65,20.61666667,2.053333333,4.816666667,8.433333333,3.98,2.073333333,2.613333333,4.836666667,3.63,75.69,0.65,0.46,46.1,74.17,Wheat
3728,black,6.2,378.0,5.0,0.2513,1.7,7.0,7.183333333,7.65,10.47666667,9.07,22.33,25.61666667,23.65,20.61666667,2.053333333,4.816666667,8.433333333,3.98,2.073333333,2.613333333,4.836666667,3.63,75.69,0.65,0.46,46.1,74.17,Wheat
3729,brown,6.5,342.0,34.0,0.2265,2.4,8.0,7.183333333,7.65,10.47666667,9.07,22.33,25.61666667,23.65,20.61666667,2.053333333,4.816666667,8.433333333,3.98,2.073333333,2.613333333,4.836666667,3.63,75.69,0.65,0.46,46.1,74.17,Wheat
3730,brown,5.9,262.0,6.0,0.259,2.1,6.0,7.183333333,7.65,10.47666667,9.07,22.33,25.61666667,23.65,20.61666667,2.053333333,4.816666667,8.433333333,3.98,2.073333333,2.613333333,4.836666667,3.63,75.69,0.65,0.46,46.1,74.17,Wheat
3731,brown,6.05,282.352,56.332,0.23,1.294,16.127,7.65,7.773333333,10.98666667,9.726666667,9.03,25.14666667,28.24333333,23.80666667,3.413333333,6.96,9.98,5.703333333,1.17,2.243333333,7.52,2.88,81.06,0.69,53.45,6.48,75.83,Wheat
3732,black,5.71,111.308,23.634,0.23,1.106,9.239,7.65,7.773333333,10.98666667,9.726666667,9.03,25.14666667,28.24333333,23.80666667,3.413333333,6.96,9.98,5.703333333,1.17,2.243333333,7.52,2.88,81.06,0.69,53.45,6.48,75.83,Wheat
3733,black,6.7,533.0,7.0,0.1454,1.2,4.0,7.183333333,7.65,10.47666667,9.07,22.33,25.61666667,23.65,20.61666667,2.053333333,4.816666667,8.433333333,3.98,2.073333333,2.613333333,4.836666667,3.63,75.69,0.65,0.46,46.1,74.17,Wheat
3734,black,6.5,431.0,4.0,0.2081,1.6,9.0,7.183333333,7.65,10.47666667,9.07,22.33,25.61666667,23.65,20.61666667,2.053333333,4.816666667,8.433333333,3.98,2.073333333,2.613333333,4.836666667,3.63,75.69,0.65,0.46,46.1,74.17,Wheat
3735,brown,5.9,197.0,5.0,0.2578,2.1,7.0,7.183333333,7.65,10.47666667,9.07,22.33,25.61666667,23.65,20.61666667,2.053333333,4.816666667,8.433333333,3.98,2.073333333,2.613333333,4.836666667,3.63,75.69,0.65,0.46,46.1,74.17,Wheat
3736,red,5.12,363.578,6.594,0.23,1.574,12.866,7.65,7.773333333,10.98666667,9.726666667,9.03,25.14666667,28.24333333,23.80666667,3.413333333,6.96,9.98,5.703333333,1.17,2.243333333,7.52,2.88,81.06,0.69,53.45,6.48,75.83,Wheat
3737,brown,5.49,255.45,40.638,0.23,2.527,32.435,7.65,7.773333333,10.98666667,9.726666667,9.03,25.14666667,28.24333333,23.80666667,3.413333333,6.96,9.98,5.703333333,1.17,2.243333333,7.52,2.88,81.06,0.69,53.45,6.48,75.83,Wheat
3738,other,5.7,553.0,105.0,0.2596,3.3,6.0,7.183333333,7.65,10.47666667,9.07,22.33,25.61666667,23.65,20.61666667,2.053333333,4.816666667,8.433333333,3.98,2.073333333,2.613333333,4.836666667,3.63,75.69,0.65,0.46,46.1,74.17,Wheat
3739,brown,5.71,145.874,52.808,0.23,1.943,12.208,7.65,7.773333333,10.98666667,9.726666667,9.03,25.14666667,28.24333333,23.80666667,3.413333333,6.96,9.98,5.703333333,1.17,2.243333333,7.52,2.88,81.06,0.69,53.45,6.48,75.83,Wheat
3740,black,6.6,387.0,2.0,0.2094,1.5,6.0,7.183333333,7.65,10.47666667,9.07,22.33,25.61666667,23.65,20.61666667,2.053333333,4.816666667,8.433333333,3.98,2.073333333,2.613333333,4.836666667,3.63,75.69,0.65,0.46,46.1,74.17,Wheat
3741,black,6.7,501.0,10.0,0.1947,1.6,6.0,7.183333333,7.65,10.47666667,9.07,22.33,25.61666667,23.65,20.61666667,2.053333333,4.816666667,8.433333333,3.98,2.073333333,2.613333333,4.836666667,3.63,75.69,0.65,0.46,46.1,74.17,Wheat
3742,brown,5.98,520.43,131.582,0.23,1.689,13.726,7.65,7.773333333,10.98666667,9.726666667,9.03,25.14666667,28.24333333,23.80666667,3.413333333,6.96,9.98,5.703333333,1.17,2.243333333,7.52,2.88,81.06,0.69,53.45,6.48,75.83,Wheat
3743,brown,5.45,257.324,1.99,0.23,1.376,12.528,7.65,7.773333333,10.98666667,9.726666667,9.03,25.14666667,28.24333333,23.80666667,3.413333333,6.96,9.98,5.703333333,1.17,2.243333333,7.52,2.88,81.06,0.69,53.45,6.48,75.83,Wheat
3744,brown,5.69,114.228,10.772,0.23,1.67,13.964,7.65,7.773333333,10.98666667,9.726666667,9.03,25.14666667,28.24333333,23.80666667,3.413333333,6.96,9.98,5.703333333,1.17,2.243333333,7.52,2.88,81.06,0.69,53.45,6.48,75.83,Wheat
3745,brown,5.71,213.863,104.16,0.23,1.821,13.116,7.65,7.773333333,10.98666667,9.726666667,9.03,25.14666667,28.24333333,23.80666667,3.413333333,6.96,9.98,5.703333333,1.17,2.243333333,7.52,2.88,81.06,0.69,53.45,6.48,75.83,Wheat
3746,black,6.1,345.0,7.0,0.1628,1.7,7.0,7.183333333,7.65,10.47666667,9.07,22.33,25.61666667,23.65,20.61666667,2.053333333,4.816666667,8.433333333,3.98,2.073333333,2.613333333,4.836666667,3.63,75.69,0.65,0.46,46.1,74.17,Wheat
3747,black,6.2,281.0,5.0,0.227,1.5,4.0,7.183333333,7.65,10.47666667,9.07,22.33,25.61666667,23.65,20.61666667,2.053333333,4.816666667,8.433333333,3.98,2.073333333,2.613333333,4.836666667,3.63,75.69,0.65,0.46,46.1,74.17,Wheat
3748,red,5.8,305.0,2.0,0.2779,2.8,9.0,7.183333333,7.65,10.47666667,9.07,22.33,25.61666667,23.65,20.61666667,2.053333333,4.816666667,8.433333333,3.98,2.073333333,2.613333333,4.836666667,3.63,75.69,0.65,0.46,46.1,74.17,Wheat
3749,black,6.2,367.0,7.0,0.1642,2.5,6.0,7.183333333,7.65,10.47666667,9.07,22.33,25.61666667,23.65,20.61666667,2.053333333,4.816666667,8.433333333,3.98,2.073333333,2.613333333,4.836666667,3.63,75.69,0.65,0.46,46.1,74.17,Wheat
3750,black,7.1,395.0,2.0,0.1417,0.8,9.0,7.183333333,7.65,10.47666667,9.07,22.33,25.61666667,23.65,20.61666667,2.053333333,4.816666667,8.433333333,3.98,2.073333333,2.613333333,4.836666667,3.63,75.69,0.65,0.46,46.1,74.17,Wheat
3751,black,6.2,354.0,4.0,0.2453,1.6,7.0,7.183333333,7.65,10.47666667,9.07,22.33,25.61666667,23.65,20.61666667,2.053333333,4.816666667,8.433333333,3.98,2.073333333,2.613333333,4.836666667,3.63,75.69,0.65,0.46,46.1,74.17,Wheat
3752,brown,6.24,152.605,5.999,0.23,1.381,14.492,7.65,7.773333333,10.98666667,9.726666667,9.03,25.14666667,28.24333333,23.80666667,3.413333333,6.96,9.98,5.703333333,1.17,2.243333333,7.52,2.88,81.06,0.69,53.45,6.48,75.83,Wheat
3753,black,5.6,390.0,13.0,0.1506,2.4,6.0,7.183333333,7.65,10.47666667,9.07,22.33,25.61666667,23.65,20.61666667,2.053333333,4.816666667,8.433333333,3.98,2.073333333,2.613333333,4.836666667,3.63,75.69,0.65,0.46,46.1,74.17,Wheat
3754,brown,6.34,60.769,3.28,0.3693,1.683,11.85,7.183333333,7.65,10.47666667,9.07,22.33,25.61666667,23.65,20.61666667,2.053333333,4.816666667,8.433333333,3.98,2.073333333,2.613333333,4.836666667,3.63,75.69,0.65,0.46,46.1,74.17,Wheat
3755,brown,5.9,500.0,10.0,0.1609,1.9,7.0,7.183333333,7.65,10.47666667,9.07,22.33,25.61666667,23.65,20.61666667,2.053333333,4.816666667,8.433333333,3.98,2.073333333,2.613333333,4.836666667,3.63,75.69,0.65,0.46,46.1,74.17,Wheat
3756,brown,6.1,476.0,6.0,0.2104,3.4,6.0,7.183333333,7.65,10.47666667,9.07,22.33,25.61666667,23.65,20.61666667,2.053333333,4.816666667,8.433333333,3.98,2.073333333,2.613333333,4.836666667,3.63,75.69,0.65,0.46,46.1,74.17,Wheat
3757,black,6.2,360.0,5.0,0.201,1.2,7.0,7.183333333,7.65,10.47666667,9.07,22.33,25.61666667,23.65,20.61666667,2.053333333,4.816666667,8.433333333,3.98,2.073333333,2.613333333,4.836666667,3.63,75.69,0.65,0.46,46.1,74.17,Wheat
3758,brown,5.7,467.0,84.0,0.2347,3.6,10.0,7.183333333,7.65,10.47666667,9.07,22.33,25.61666667,23.65,20.61666667,2.053333333,4.816666667,8.433333333,3.98,2.073333333,2.613333333,4.836666667,3.63,75.69,0.65,0.46,46.1,74.17,Wheat
3759,brown,6.05,115.593,8.383,0.23,1.381,13.552,7.65,7.773333333,10.98666667,9.726666667,9.03,25.14666667,28.24333333,23.80666667,3.413333333,6.96,9.98,5.703333333,1.17,2.243333333,7.52,2.88,81.06,0.69,53.45,6.48,75.83,Wheat
3760,dark brown,6.01,295.326,4.022,0.23,0.906327,13.013,7.65,7.773333333,10.98666667,9.726666667,9.03,25.14666667,28.24333333,23.80666667,3.413333333,6.96,9.98,5.703333333,1.17,2.243333333,7.52,2.88,81.06,0.69,53.45,6.48,75.83,Wheat
3761,yellowish brown,5.97,262.121,58.35,0.23,2.35,16.497,7.65,7.773333333,10.98666667,9.726666667,9.03,25.14666667,28.24333333,23.80666667,3.413333333,6.96,9.98,5.703333333,1.17,2.243333333,7.52,2.88,81.06,0.69,53.45,6.48,75.83,Wheat
3762,brown,6.08,96.582,16.516,0.23,1.14,15.138,7.65,7.773333333,10.98666667,9.726666667,9.03,25.14666667,28.24333333,23.80666667,3.413333333,6.96,9.98,5.703333333,1.17,2.243333333,7.52,2.88,81.06,0.69,53.45,6.48,75.83,Wheat
3763,red,5.74,117.236,1.586,0.23,0.8812,12.433,7.65,7.773333333,10.98666667,9.726666667,9.03,25.14666667,28.24333333,23.80666667,3.413333333,6.96,9.98,5.703333333,1.17,2.243333333,7.52,2.88,81.06,0.69,53.45,6.48,75.83,Wheat
3764,black,6.2,310.0,5.0,0.2423,1.5,6.0,7.183333333,7.65,10.47666667,9.07,22.33,25.61666667,23.65,20.61666667,2.053333333,4.816666667,8.433333333,3.98,2.073333333,2.613333333,4.836666667,3.63,75.69,0.65,0.46,46.1,74.17,Wheat
3765,red,5.5,353.0,5.0,0.2689,2.6,8.0,7.183333333,7.65,10.47666667,9.07,22.33,25.61666667,23.65,20.61666667,2.053333333,4.816666667,8.433333333,3.98,2.073333333,2.613333333,4.836666667,3.63,75.69,0.65,0.46,46.1,74.17,Wheat
3766,brown,6.4,615.0,63.0,0.2709,3.5,12.0,7.183333333,7.65,10.47666667,9.07,22.33,25.61666667,23.65,20.61666667,2.053333333,4.816666667,8.433333333,3.98,2.073333333,2.613333333,4.836666667,3.63,75.69,0.65,0.46,46.1,74.17,Wheat
3767,brown,6.63,303.319,5.546,0.23,1.903,14.365,7.65,7.773333333,10.98666667,9.726666667,9.03,25.14666667,28.24333333,23.80666667,3.413333333,6.96,9.98,5.703333333,1.17,2.243333333,7.52,2.88,81.06,0.69,53.45,6.48,75.83,Wheat
3768,reddish brown,6.26,89.228,11.573,0.23,1.058,12.037,7.65,7.773333333,10.98666667,9.726666667,9.03,25.14666667,28.24333333,23.80666667,3.413333333,6.96,9.98,5.703333333,1.17,2.243333333,7.52,2.88,81.06,0.69,53.45,6.48,75.83,Wheat
3769,red,5.67,116.289,4.864,0.23,2.021,11.522,7.65,7.773333333,10.98666667,9.726666667,9.03,25.14666667,28.24333333,23.80666667,3.413333333,6.96,9.98,5.703333333,1.17,2.243333333,7.52,2.88,81.06,0.69,53.45,6.48,75.83,Wheat
3770,brown,5.91,286.349,73.521,0.23,1.05,15.051,7.65,7.773333333,10.98666667,9.726666667,9.03,25.14666667,28.24333333,23.80666667,3.413333333,6.96,9.98,5.703333333,1.17,2.243333333,7.52,2.88,81.06,0.69,53.45,6.48,75.83,Wheat
3771,red,5.73,830.511,309.22,0.23,6.16,19.218,7.65,7.773333333,10.98666667,9.726666667,9.03,25.14666667,28.24333333,23.80666667,3.413333333,6.96,9.98,5.703333333,1.17,2.243333333,7.52,2.88,81.06,0.69,53.45,6.48,75.83,Wheat
3772,brown,5.83,200.126,6.288,0.23,0.786031,14.914,7.65,7.773333333,10.98666667,9.726666667,9.03,25.14666667,28.24333333,23.80666667,3.413333333,6.96,9.98,5.703333333,1.17,2.243333333,7.52,2.88,81.06,0.69,53.45,6.48,75.83,Wheat
3773,other,6.0,449.0,9.0,0.2791,2.2,13.0,7.183333333,7.65,10.47666667,9.07,22.33,25.61666667,23.65,20.61666667,2.053333333,4.816666667,8.433333333,3.98,2.073333333,2.613333333,4.836666667,3.63,75.69,0.65,0.46,46.1,74.17,Wheat
3774,black,6.4,506.0,22.0,0.2477,2.2,9.0,7.183333333,7.65,10.47666667,9.07,22.33,25.61666667,23.65,20.61666667,2.053333333,4.816666667,8.433333333,3.98,2.073333333,2.613333333,4.836666667,3.63,75.69,0.65,0.46,46.1,74.17,Wheat
3775,black,6.0,376.0,3.0,0.227,1.6,6.0,7.183333333,7.65,10.47666667,9.07,22.33,25.61666667,23.65,20.61666667,2.053333333,4.816666667,8.433333333,3.98,2.073333333,2.613333333,4.836666667,3.63,75.69,0.65,0.46,46.1,74.17,Wheat
3776,other,6.1,446.0,5.0,0.1887,1.4,9.0,7.183333333,7.65,10.47666667,9.07,22.33,25.61666667,23.65,20.61666667,2.053333333,4.816666667,8.433333333,3.98,2.073333333,2.613333333,4.836666667,3.63,75.69,0.65,0.46,46.1,74.17,Wheat
3777,brown,5.75,102.874,59.048,0.23,0.72283,15.381,7.65,7.773333333,10.98666667,9.726666667,9.03,25.14666667,28.24333333,23.80666667,3.413333333,6.96,9.98,5.703333333,1.17,2.243333333,7.52,2.88,81.06,0.69,53.45,6.48,75.83,Wheat
3778,brown,5.67,243.601,2.58,0.23,2.001,13.963,7.65,7.773333333,10.98666667,9.726666667,9.03,25.14666667,28.24333333,23.80666667,3.413333333,6.96,9.98,5.703333333,1.17,2.243333333,7.52,2.88,81.06,0.69,53.45,6.48,75.83,Wheat
3779,brown,6.4,87.782,46.559,0.23,0.493396,15.109,7.65,7.773333333,10.98666667,9.726666667,9.03,25.14666667,28.24333333,23.80666667,3.413333333,6.96,9.98,5.703333333,1.17,2.243333333,7.52,2.88,81.06,0.69,53.45,6.48,75.83,Wheat
3780,red,5.81,356.401,117.41,0.23,2.91,11.766,7.65,7.773333333,10.98666667,9.726666667,9.03,25.14666667,28.24333333,23.80666667,3.413333333,6.96,9.98,5.703333333,1.17,2.243333333,7.52,2.88,81.06,0.69,53.45,6.48,75.83,Wheat
3781,brown,5.67,249.94,7.411,0.23,1.962,18.51,7.65,7.773333333,10.98666667,9.726666667,9.03,25.14666667,28.24333333,23.80666667,3.413333333,6.96,9.98,5.703333333,1.17,2.243333333,7.52,2.88,81.06,0.69,53.45,6.48,75.83,Wheat
3782,brown,6.2,258.0,3.0,0.2622,2.0,6.0,7.183333333,7.65,10.47666667,9.07,22.33,25.61666667,23.65,20.61666667,2.053333333,4.816666667,8.433333333,3.98,2.073333333,2.613333333,4.836666667,3.63,75.69,0.65,0.46,46.1,74.17,Wheat
3783,black,6.8,443.0,2.0,0.1522,1.0,4.0,7.183333333,7.65,10.47666667,9.07,22.33,25.61666667,23.65,20.61666667,2.053333333,4.816666667,8.433333333,3.98,2.073333333,2.613333333,4.836666667,3.63,75.69,0.65,0.46,46.1,74.17,Wheat
3784,brown,6.4,364.0,5.0,0.2092,1.4,9.0,7.183333333,7.65,10.47666667,9.07,22.33,25.61666667,23.65,20.61666667,2.053333333,4.816666667,8.433333333,3.98,2.073333333,2.613333333,4.836666667,3.63,75.69,0.65,0.46,46.1,74.17,Wheat
3785,brown,5.83,246.585,22.076,0.23,0.856925,14.534,7.65,7.773333333,10.98666667,9.726666667,9.03,25.14666667,28.24333333,23.80666667,3.413333333,6.96,9.98,5.703333333,1.17,2.243333333,7.52,2.88,81.06,0.69,53.45,6.48,75.83,Wheat
3786,reddish brown,5.66,109.765,4.064,0.23,1.374,14.428,7.65,7.773333333,10.98666667,9.726666667,9.03,25.14666667,28.24333333,23.80666667,3.413333333,6.96,9.98,5.703333333,1.17,2.243333333,7.52,2.88,81.06,0.69,53.45,6.48,75.83,Wheat
3787,brown,5.6,362.906,16.618,0.23,1.152,11.796,7.65,7.773333333,10.98666667,9.726666667,9.03,25.14666667,28.24333333,23.80666667,3.413333333,6.96,9.98,5.703333333,1.17,2.243333333,7.52,2.88,81.06,0.69,53.45,6.48,75.83,Wheat
3788,red,6.3,168.0,5.0,0.117,0.9,14.0,7.183333333,7.65,10.47666667,9.07,22.33,25.61666667,23.65,20.61666667,2.053333333,4.816666667,8.433333333,3.98,2.073333333,2.613333333,4.836666667,3.63,75.69,0.65,0.46,46.1,74.17,Wheat
3789,other,6.0,165.0,17.0,0.2257,3.0,8.0,7.183333333,7.65,10.47666667,9.07,22.33,25.61666667,23.65,20.61666667,2.053333333,4.816666667,8.433333333,3.98,2.073333333,2.613333333,4.836666667,3.63,75.69,0.65,0.46,46.1,74.17,Wheat
3790,brown,6.4,537.0,8.0,0.2071,1.4,9.0,7.183333333,7.65,10.47666667,9.07,22.33,25.61666667,23.65,20.61666667,2.053333333,4.816666667,8.433333333,3.98,2.073333333,2.613333333,4.836666667,3.63,75.69,0.65,0.46,46.1,74.17,Wheat
3791,black,6.8,432.0,3.0,0.18,1.0,6.0,7.183333333,7.65,10.47666667,9.07,22.33,25.61666667,23.65,20.61666667,2.053333333,4.816666667,8.433333333,3.98,2.073333333,2.613333333,4.836666667,3.63,75.69,0.65,0.46,46.1,74.17,Wheat
3792,brown,5.73,384.507,36.536,0.23,1.759,16.843,7.65,7.773333333,10.98666667,9.726666667,9.03,25.14666667,28.24333333,23.80666667,3.413333333,6.96,9.98,5.703333333,1.17,2.243333333,7.52,2.88,81.06,0.69,53.45,6.48,75.83,Wheat
3793,red,5.42,226.43,2.131,0.23,2.121,15.471,7.65,7.773333333,10.98666667,9.726666667,9.03,25.14666667,28.24333333,23.80666667,3.413333333,6.96,9.98,5.703333333,1.17,2.243333333,7.52,2.88,81.06,0.69,53.45,6.48,75.83,Wheat
3794,brown,5.48,238.08,4.575,0.23,3.027,10.688,7.65,7.773333333,10.98666667,9.726666667,9.03,25.14666667,28.24333333,23.80666667,3.413333333,6.96,9.98,5.703333333,1.17,2.243333333,7.52,2.88,81.06,0.69,53.45,6.48,75.83,Wheat
3795,brown,5.83,139.877,11.633,0.23,1.886,12.452,7.65,7.773333333,10.98666667,9.726666667,9.03,25.14666667,28.24333333,23.80666667,3.413333333,6.96,9.98,5.703333333,1.17,2.243333333,7.52,2.88,81.06,0.69,53.45,6.48,75.83,Wheat
3796,brown,6.0,166.0,11.0,0.2375,2.3,7.0,7.183333333,7.65,10.47666667,9.07,22.33,25.61666667,23.65,20.61666667,2.053333333,4.816666667,8.433333333,3.98,2.073333333,2.613333333,4.836666667,3.63,75.69,0.65,0.46,46.1,74.17,Wheat
3797,black,6.35,319.033,5.724,0.2992,2.029,22.899,7.183333333,7.65,10.47666667,9.07,22.33,25.61666667,23.65,20.61666667,2.053333333,4.816666667,8.433333333,3.98,2.073333333,2.613333333,4.836666667,3.63,75.69,0.65,0.46,46.1,74.17,Wheat
3798,brown,5.3,194.314,3.651,0.23,2.118,12.13,7.65,7.773333333,10.98666667,9.726666667,9.03,25.14666667,28.24333333,23.80666667,3.413333333,6.96,9.98,5.703333333,1.17,2.243333333,7.52,2.88,81.06,0.69,53.45,6.48,75.83,Wheat
3799,brown,5.16,182.803,9.87,0.23,2.486,14.456,7.65,7.773333333,10.98666667,9.726666667,9.03,25.14666667,28.24333333,23.80666667,3.413333333,6.96,9.98,5.703333333,1.17,2.243333333,7.52,2.88,81.06,0.69,53.45,6.48,75.83,Wheat
3800,gray,5.4,179.515,5.202,0.23,3.203,16.69,7.65,7.773333333,10.98666667,9.726666667,9.03,25.14666667,28.24333333,23.80666667,3.413333333,6.96,9.98,5.703333333,1.17,2.243333333,7.52,2.88,81.06,0.69,53.45,6.48,75.83,Wheat
3801,brown,5.3,180.173,3.127,0.284,2.708,11.82,7.65,7.773333333,10.98666667,9.726666667,9.03,25.14666667,28.24333333,23.80666667,3.413333333,6.96,9.98,5.703333333,1.17,2.243333333,7.52,2.88,81.06,0.69,53.45,6.48,75.83,Wheat
3802,brown,5.46,232.077,2.628,0.23,2.249,18.814,7.65,7.773333333,10.98666667,9.726666667,9.03,25.14666667,28.24333333,23.80666667,3.413333333,6.96,9.98,5.703333333,1.17,2.243333333,7.52,2.88,81.06,0.69,53.45,6.48,75.83,Wheat
3803,black,7.1,391.297,2.729,0.23,0.628387,16.194,7.65,7.773333333,10.98666667,9.726666667,9.03,25.14666667,28.24333333,23.80666667,3.413333333,6.96,9.98,5.703333333,1.17,2.243333333,7.52,2.88,81.06,0.69,53.45,6.48,75.83,Wheat
3804,black,6.1,311.592,12.503,0.23,1.705,15.697,7.65,7.773333333,10.98666667,9.726666667,9.03,25.14666667,28.24333333,23.80666667,3.413333333,6.96,9.98,5.703333333,1.17,2.243333333,7.52,2.88,81.06,0.69,53.45,6.48,75.83,Wheat
3805,lightish brown,5.97,355.5,10.12,0.2992,2.096,21.279,7.183333333,7.65,10.47666667,9.07,22.33,25.61666667,23.65,20.61666667,2.053333333,4.816666667,8.433333333,3.98,2.073333333,2.613333333,4.836666667,3.63,75.69,0.65,0.46,46.1,74.17,Wheat
3806,gray,5.25,132.471,3.59,0.284,3.877,13.056,7.65,7.773333333,10.98666667,9.726666667,9.03,25.14666667,28.24333333,23.80666667,3.413333333,6.96,9.98,5.703333333,1.17,2.243333333,7.52,2.88,81.06,0.69,53.45,6.48,75.83,Wheat
3807,dark brown,5.71,301.55,2.209,0.23,2.918,12.319,7.65,7.773333333,10.98666667,9.726666667,9.03,25.14666667,28.24333333,23.80666667,3.413333333,6.96,9.98,5.703333333,1.17,2.243333333,7.52,2.88,81.06,0.69,53.45,6.48,75.83,Wheat
3808,dark brown,5.54,260.365,4.043,0.23,2.345,13.905,7.65,7.773333333,10.98666667,9.726666667,9.03,25.14666667,28.24333333,23.80666667,3.413333333,6.96,9.98,5.703333333,1.17,2.243333333,7.52,2.88,81.06,0.69,53.45,6.48,75.83,Wheat
3809,dark brown,5.45,296.064,5.604,0.23,1.355,14.809,7.65,7.773333333,10.98666667,9.726666667,9.03,25.14666667,28.24333333,23.80666667,3.413333333,6.96,9.98,5.703333333,1.17,2.243333333,7.52,2.88,81.06,0.69,53.45,6.48,75.83,Wheat
3810,brown,5.49,262.254,29.216,0.2375,2.573,18.237,7.183333333,7.65,10.47666667,9.07,22.33,25.61666667,23.65,20.61666667,2.053333333,4.816666667,8.433333333,3.98,2.073333333,2.613333333,4.836666667,3.63,75.69,0.65,0.46,46.1,74.17,Wheat
3811,red,5.4,115.606,6.337,0.2375,3.038,14.967,7.183333333,7.65,10.47666667,9.07,22.33,25.61666667,23.65,20.61666667,2.053333333,4.816666667,8.433333333,3.98,2.073333333,2.613333333,4.836666667,3.63,75.69,0.65,0.46,46.1,74.17,Wheat
3812,brown,5.95,56.972,13.301,0.2375,1.385,19.255,7.183333333,7.65,10.47666667,9.07,22.33,25.61666667,23.65,20.61666667,2.053333333,4.816666667,8.433333333,3.98,2.073333333,2.613333333,4.836666667,3.63,75.69,0.65,0.46,46.1,74.17,Wheat
3813,brown,5.4,413.597,3.568,0.23,3.889,13.482,7.65,7.773333333,10.98666667,9.726666667,9.03,25.14666667,28.24333333,23.80666667,3.413333333,6.96,9.98,5.703333333,1.17,2.243333333,7.52,2.88,81.06,0.69,53.45,6.48,75.83,Wheat
3814,dark brown,5.88,871.853,310.152,0.23,3.534,24.063,7.65,7.773333333,10.98666667,9.726666667,9.03,25.14666667,28.24333333,23.80666667,3.413333333,6.96,9.98,5.703333333,1.17,2.243333333,7.52,2.88,81.06,0.69,53.45,6.48,75.83,Wheat
3815,gray,6.85,383.879,23.928,0.23,1.432,16.118,7.65,7.773333333,10.98666667,9.726666667,9.03,25.14666667,28.24333333,23.80666667,3.413333333,6.96,9.98,5.703333333,1.17,2.243333333,7.52,2.88,81.06,0.69,53.45,6.48,75.83,Wheat
3816,black,5.91,167.854,8.944,0.2375,1.653,19.34,7.183333333,7.65,10.47666667,9.07,22.33,25.61666667,23.65,20.61666667,2.053333333,4.816666667,8.433333333,3.98,2.073333333,2.613333333,4.836666667,3.63,75.69,0.65,0.46,46.1,74.17,Wheat
3817,black,5.42,253.532,4.137,0.23,2.886,12.946,7.65,7.773333333,10.98666667,9.726666667,9.03,25.14666667,28.24333333,23.80666667,3.413333333,6.96,9.98,5.703333333,1.17,2.243333333,7.52,2.88,81.06,0.69,53.45,6.48,75.83,Wheat
3818,red,5.79,222.928,6.791,0.2375,1.013,17.877,7.183333333,7.65,10.47666667,9.07,22.33,25.61666667,23.65,20.61666667,2.053333333,4.816666667,8.433333333,3.98,2.073333333,2.613333333,4.836666667,3.63,75.69,0.65,0.46,46.1,74.17,Wheat
3819,black,5.49,241.157,3.053,0.23,1.482,15.203,7.65,7.773333333,10.98666667,9.726666667,9.03,25.14666667,28.24333333,23.80666667,3.413333333,6.96,9.98,5.703333333,1.17,2.243333333,7.52,2.88,81.06,0.69,53.45,6.48,75.83,Wheat
3820,black,5.67,244.155,2.897,0.23,1.241,13.133,7.65,7.773333333,10.98666667,9.726666667,9.03,25.14666667,28.24333333,23.80666667,3.413333333,6.96,9.98,5.703333333,1.17,2.243333333,7.52,2.88,81.06,0.69,53.45,6.48,75.83,Wheat
3821,brown,5.51,332.792,7.281,0.2518,4.259,21.267,7.183333333,7.65,10.47666667,9.07,22.33,25.61666667,23.65,20.61666667,2.053333333,4.816666667,8.433333333,3.98,2.073333333,2.613333333,4.836666667,3.63,75.69,0.65,0.46,46.1,74.17,Wheat
3822,black,5.81,259.377,1.956,0.23,1.646,18.31,7.65,7.773333333,10.98666667,9.726666667,9.03,25.14666667,28.24333333,23.80666667,3.413333333,6.96,9.98,5.703333333,1.17,2.243333333,7.52,2.88,81.06,0.69,53.45,6.48,75.83,Wheat
3823,brown,5.65,287.671,3.33,0.23,1.543,15.74,7.65,7.773333333,10.98666667,9.726666667,9.03,25.14666667,28.24333333,23.80666667,3.413333333,6.96,9.98,5.703333333,1.17,2.243333333,7.52,2.88,81.06,0.69,53.45,6.48,75.83,Wheat
3824,black,5.73,339.985,4.606,0.23,0.699316,16.624,7.65,7.773333333,10.98666667,9.726666667,9.03,25.14666667,28.24333333,23.80666667,3.413333333,6.96,9.98,5.703333333,1.17,2.243333333,7.52,2.88,81.06,0.69,53.45,6.48,75.83,Wheat
3825,brown,5.53,201.892,6.434,0.2518,2.616,18.334,7.183333333,7.65,10.47666667,9.07,22.33,25.61666667,23.65,20.61666667,2.053333333,4.816666667,8.433333333,3.98,2.073333333,2.613333333,4.836666667,3.63,75.69,0.65,0.46,46.1,74.17,Wheat
3826,black,5.78,265.52,4.017,0.23,2.207,16.734,7.65,7.773333333,10.98666667,9.726666667,9.03,25.14666667,28.24333333,23.80666667,3.413333333,6.96,9.98,5.703333333,1.17,2.243333333,7.52,2.88,81.06,0.69,53.45,6.48,75.83,Wheat
3827,dark brown,5.58,227.371,27.491,0.1679,2.305,12.572,7.183333333,7.65,10.47666667,9.07,22.33,25.61666667,23.65,20.61666667,2.053333333,4.816666667,8.433333333,3.98,2.073333333,2.613333333,4.836666667,3.63,75.69,0.65,0.46,46.1,74.17,Wheat
3828,black,5.68,341.582,5.813,0.23,2.522,17.035,7.65,7.773333333,10.98666667,9.726666667,9.03,25.14666667,28.24333333,23.80666667,3.413333333,6.96,9.98,5.703333333,1.17,2.243333333,7.52,2.88,81.06,0.69,53.45,6.48,75.83,Wheat
3829,gray,5.88,147.865,7.216,0.1679,1.468,12.653,7.183333333,7.65,10.47666667,9.07,22.33,25.61666667,23.65,20.61666667,2.053333333,4.816666667,8.433333333,3.98,2.073333333,2.613333333,4.836666667,3.63,75.69,0.65,0.46,46.1,74.17,Wheat
3830,brown,5.66,125.395,2.5,0.23,1.593,14.114,7.65,7.773333333,10.98666667,9.726666667,9.03,25.14666667,28.24333333,23.80666667,3.413333333,6.96,9.98,5.703333333,1.17,2.243333333,7.52,2.88,81.06,0.69,53.45,6.48,75.83,Wheat
3831,brown,5.87,219.76,1.986,0.23,1.856,14.716,7.65,7.773333333,10.98666667,9.726666667,9.03,25.14666667,28.24333333,23.80666667,3.413333333,6.96,9.98,5.703333333,1.17,2.243333333,7.52,2.88,81.06,0.69,53.45,6.48,75.83,Wheat
3832,black,5.63,300.009,5.077,0.23,2.383,20.479,7.65,7.773333333,10.98666667,9.726666667,9.03,25.14666667,28.24333333,23.80666667,3.413333333,6.96,9.98,5.703333333,1.17,2.243333333,7.52,2.88,81.06,0.69,53.45,6.48,75.83,Wheat
3833,red,6.05,207.66,8.71,0.2375,1.91,19.41,7.183333333,7.65,10.47666667,9.07,22.33,25.61666667,23.65,20.61666667,2.053333333,4.816666667,8.433333333,3.98,2.073333333,2.613333333,4.836666667,3.63,75.69,0.65,0.46,46.1,74.17,Wheat
3834,black,6.1,1265.87,179.787,0.23,3.575,24.795,7.65,7.773333333,10.98666667,9.726666667,9.03,25.14666667,28.24333333,23.80666667,3.413333333,6.96,9.98,5.703333333,1.17,2.243333333,7.52,2.88,81.06,0.69,53.45,6.48,75.83,Wheat
3835,gray,5.75,293.586,134.748,0.1679,2.078,12.618,7.183333333,7.65,10.47666667,9.07,22.33,25.61666667,23.65,20.61666667,2.053333333,4.816666667,8.433333333,3.98,2.073333333,2.613333333,4.836666667,3.63,75.69,0.65,0.46,46.1,74.17,Wheat
3836,black,6.05,304.478,3.955,0.23,0.912594,13.956,7.65,7.773333333,10.98666667,9.726666667,9.03,25.14666667,28.24333333,23.80666667,3.413333333,6.96,9.98,5.703333333,1.17,2.243333333,7.52,2.88,81.06,0.69,53.45,6.48,75.83,Wheat
3837,black,5.78,1567.92,55.127,0.23,12.04,118.347,7.65,7.773333333,10.98666667,9.726666667,9.03,25.14666667,28.24333333,23.80666667,3.413333333,6.96,9.98,5.703333333,1.17,2.243333333,7.52,2.88,81.06,0.69,53.45,6.48,75.83,Wheat
3838,brown,5.3,257.222,2.024,0.23,2.899,12.622,7.65,7.773333333,10.98666667,9.726666667,9.03,25.14666667,28.24333333,23.80666667,3.413333333,6.96,9.98,5.703333333,1.17,2.243333333,7.52,2.88,81.06,0.69,53.45,6.48,75.83,Wheat
3839,brown,5.63,100.124,4.316,0.1679,2.289,9.634,7.183333333,7.65,10.47666667,9.07,22.33,25.61666667,23.65,20.61666667,2.053333333,4.816666667,8.433333333,3.98,2.073333333,2.613333333,4.836666667,3.63,75.69,0.65,0.46,46.1,74.17,Wheat
3840,brown,5.79,170.349,4.61,0.23,1.604,19.86,7.65,7.773333333,10.98666667,9.726666667,9.03,25.14666667,28.24333333,23.80666667,3.413333333,6.96,9.98,5.703333333,1.17,2.243333333,7.52,2.88,81.06,0.69,53.45,6.48,75.83,Wheat
3841,brown,6.05,469.295,44.019,0.23,2.948,18.973,7.65,7.773333333,10.98666667,9.726666667,9.03,25.14666667,28.24333333,23.80666667,3.413333333,6.96,9.98,5.703333333,1.17,2.243333333,7.52,2.88,81.06,0.69,53.45,6.48,75.83,Wheat
3842,brown,5.85,325.439,3.878,0.23,1.309,16.652,7.65,7.773333333,10.98666667,9.726666667,9.03,25.14666667,28.24333333,23.80666667,3.413333333,6.96,9.98,5.703333333,1.17,2.243333333,7.52,2.88,81.06,0.69,53.45,6.48,75.83,Wheat
3843,black,5.53,324.359,6.624,0.23,2.169,14.973,7.65,7.773333333,10.98666667,9.726666667,9.03,25.14666667,28.24333333,23.80666667,3.413333333,6.96,9.98,5.703333333,1.17,2.243333333,7.52,2.88,81.06,0.69,53.45,6.48,75.83,Wheat
3844,gray,5.64,308.441,69.078,0.2518,7.332,25.891,7.183333333,7.65,10.47666667,9.07,22.33,25.61666667,23.65,20.61666667,2.053333333,4.816666667,8.433333333,3.98,2.073333333,2.613333333,4.836666667,3.63,75.69,0.65,0.46,46.1,74.17,Wheat
3845,reddish brown,5.45,145.761,4.729,0.23,1.343,12.637,7.65,7.773333333,10.98666667,9.726666667,9.03,25.14666667,28.24333333,23.80666667,3.413333333,6.96,9.98,5.703333333,1.17,2.243333333,7.52,2.88,81.06,0.69,53.45,6.48,75.83,Wheat
3846,black,5.85,295.142,4.967,0.23,1.013,16.901,7.65,7.773333333,10.98666667,9.726666667,9.03,25.14666667,28.24333333,23.80666667,3.413333333,6.96,9.98,5.703333333,1.17,2.243333333,7.52,2.88,81.06,0.69,53.45,6.48,75.83,Wheat
3847,reddish brown,5.8,163.761,29.349,0.2518,1.834,18.531,7.183333333,7.65,10.47666667,9.07,22.33,25.61666667,23.65,20.61666667,2.053333333,4.816666667,8.433333333,3.98,2.073333333,2.613333333,4.836666667,3.63,75.69,0.65,0.46,46.1,74.17,Wheat
3848,black,6.29,308.844,3.41,0.23,0.720068,19.981,7.65,7.773333333,10.98666667,9.726666667,9.03,25.14666667,28.24333333,23.80666667,3.413333333,6.96,9.98,5.703333333,1.17,2.243333333,7.52,2.88,81.06,0.69,53.45,6.48,75.83,Wheat
3849,brown,5.74,143.495,6.103,0.1679,2.46,18.881,7.183333333,7.65,10.47666667,9.07,22.33,25.61666667,23.65,20.61666667,2.053333333,4.816666667,8.433333333,3.98,2.073333333,2.613333333,4.836666667,3.63,75.69,0.65,0.46,46.1,74.17,Wheat
3850,black,6.56,352.89,2.567,0.23,0.791269,19.439,7.65,7.773333333,10.98666667,9.726666667,9.03,25.14666667,28.24333333,23.80666667,3.413333333,6.96,9.98,5.703333333,1.17,2.243333333,7.52,2.88,81.06,0.69,53.45,6.48,75.83,Wheat
3851,dark brown,5.58,212.722,3.704,0.23,3.218,16.143,7.65,7.773333333,10.98666667,9.726666667,9.03,25.14666667,28.24333333,23.80666667,3.413333333,6.96,9.98,5.703333333,1.17,2.243333333,7.52,2.88,81.06,0.69,53.45,6.48,75.83,Wheat
3852,black,7.37,263.292,8.098,0.2518,1.785,24.68,7.183333333,7.65,10.47666667,9.07,22.33,25.61666667,23.65,20.61666667,2.053333333,4.816666667,8.433333333,3.98,2.073333333,2.613333333,4.836666667,3.63,75.69,0.65,0.46,46.1,74.17,Wheat
3853,black,5.75,145.07,22.015,0.2518,3.77,21.55,7.183333333,7.65,10.47666667,9.07,22.33,25.61666667,23.65,20.61666667,2.053333333,4.816666667,8.433333333,3.98,2.073333333,2.613333333,4.836666667,3.63,75.69,0.65,0.46,46.1,74.17,Wheat
3854,red,5.95,92.221,6.092,0.1679,3.62,20.702,7.183333333,7.65,10.47666667,9.07,22.33,25.61666667,23.65,20.61666667,2.053333333,4.816666667,8.433333333,3.98,2.073333333,2.613333333,4.836666667,3.63,75.69,0.65,0.46,46.1,74.17,Wheat
3855,black,5.5,220.421,2.865,0.23,1.65,12.421,7.183333333,7.65,10.47666667,9.07,22.33,25.61666667,23.65,20.61666667,2.053333333,4.816666667,8.433333333,3.98,2.073333333,2.613333333,4.836666667,3.63,75.69,0.65,0.46,46.1,74.17,Wheat
3856,black,7.37,208.6,26.587,0.2518,3.63,22.17,7.183333333,7.65,10.47666667,9.07,22.33,25.61666667,23.65,20.61666667,2.053333333,4.816666667,8.433333333,3.98,2.073333333,2.613333333,4.836666667,3.63,75.69,0.65,0.46,46.1,74.17,Wheat
3857,black,5.75,379.67,12.338,0.2518,3.28,24.24,7.183333333,7.65,10.47666667,9.07,22.33,25.61666667,23.65,20.61666667,2.053333333,4.816666667,8.433333333,3.98,2.073333333,2.613333333,4.836666667,3.63,75.69,0.65,0.46,46.1,74.17,Wheat
3858,brown,5.7,199.0,8.521,0.2375,3.35,24.1,7.183333333,7.65,10.47666667,9.07,22.33,25.61666667,23.65,20.61666667,2.053333333,4.816666667,8.433333333,3.98,2.073333333,2.613333333,4.836666667,3.63,75.69,0.65,0.46,46.1,74.17,Wheat
3859,brown,5.9,144.093,3.005,0.23,1.864,14.251,7.183333333,7.65,10.47666667,9.07,22.33,25.61666667,23.65,20.61666667,2.053333333,4.816666667,8.433333333,3.98,2.073333333,2.613333333,4.836666667,3.63,75.69,0.65,0.46,46.1,74.17,Wheat
3860,black,5.75,264.331,13.706,0.2518,1.805,22.623,7.183333333,7.65,10.47666667,9.07,22.33,25.61666667,23.65,20.61666667,2.053333333,4.816666667,8.433333333,3.98,2.073333333,2.613333333,4.836666667,3.63,75.69,0.65,0.46,46.1,74.17,Wheat
3861,brown,5.7,258.16,7.424,0.2375,4.08,21.59,7.183333333,7.65,10.47666667,9.07,22.33,25.61666667,23.65,20.61666667,2.053333333,4.816666667,8.433333333,3.98,2.073333333,2.613333333,4.836666667,3.63,75.69,0.65,0.46,46.1,74.17,Wheat
3862,black,6.67,378.208,4.49,0.23,0.514285,14.54,7.65,7.773333333,10.98666667,9.726666667,9.03,25.14666667,28.24333333,23.80666667,3.413333333,6.96,9.98,5.703333333,1.17,2.243333333,7.52,2.88,81.06,0.69,53.45,6.48,75.83,Wheat
3863,brown,5.82,231.413,2.997,0.23,3.039,13.789,7.183333333,7.65,10.47666667,9.07,22.33,25.61666667,23.65,20.61666667,2.053333333,4.816666667,8.433333333,3.98,2.073333333,2.613333333,4.836666667,3.63,75.69,0.65,0.46,46.1,74.17,Wheat
3864,black,5.75,327.328,12.279,0.2518,2.012,24.843,7.183333333,7.65,10.47666667,9.07,22.33,25.61666667,23.65,20.61666667,2.053333333,4.816666667,8.433333333,3.98,2.073333333,2.613333333,4.836666667,3.63,75.69,0.65,0.46,46.1,74.17,Wheat
3865,brown,5.47,211.224,3.064,0.23,3.389,13.826,7.183333333,7.65,10.47666667,9.07,22.33,25.61666667,23.65,20.61666667,2.053333333,4.816666667,8.433333333,3.98,2.073333333,2.613333333,4.836666667,3.63,75.69,0.65,0.46,46.1,74.17,Wheat
3866,black,5.79,181.998,7.342,0.23,2.63,19.64,7.183333333,7.65,10.47666667,9.07,22.33,25.61666667,23.65,20.61666667,2.053333333,4.816666667,8.433333333,3.98,2.073333333,2.613333333,4.836666667,3.63,75.69,0.65,0.46,46.1,74.17,Wheat
